altitude_km,temperature_K,density_kgpm3
0.0,288.16,1.225
0.01,288.0950001019105,1.2238244396329814
0.02,288.0300004076413,1.2226497461864858
0.03,287.9650009171915,1.221475919213081
0.04,287.9000016305601,1.2203029582654672
0.05,287.8350025477461,1.2191308628964759
0.06,287.77000366874864,1.2179596326590747
0.07,287.7050049935667,1.2167892671063618
0.08,287.64000652219937,1.2156197657915686
0.09,287.5750082546456,1.2144511282680586
0.1,287.5100101909045,1.21328335408933
0.11,287.44501233097515,1.2121164428090128
0.12,287.38001467485645,1.210950393980867
0.13,287.3150172225476,1.2097852071587905
0.14,287.2500199740476,1.20862088189681
0.15,287.1850229293554,1.2074574177490855
0.16,287.1200260884701,1.2062948142699115
0.17,287.0550294513908,1.2051330710137136
0.18,286.99003301811643,1.2039721875350498
0.19,286.92503678864614,1.2028121633886117
0.2,286.8600407629789,1.2016529981292237
0.21,286.79504494111376,1.200494691311842
0.22,286.7300493230498,1.1993372424915556
0.23,286.66505390878604,1.1981806512235873
0.24,286.60005869832145,1.1970249170632892
0.25,286.53506369165524,1.1958700395661512
0.26,286.4700688887863,1.1947160182877905
0.27,286.4050742897137,1.193562852783961
0.28,286.34007989443654,1.192410542610546
0.29,286.2750857029538,1.1912590873235631
0.3,286.2100917152645,1.190108486479163
0.31,286.14509793136784,1.188958739633627
0.32,286.08010435126266,1.18780984634337
0.33,286.01511097494813,1.1866618061649392
0.34,285.9501178024233,1.1855146186550154
0.35000000000000003,285.8851248336871,1.18436828337041
0.36,285.8201320687386,1.1832227998680667
0.37,285.7551395075769,1.1820781677050647
0.38,285.6901471502011,1.1809343864386128
0.39,285.62515499661004,1.1797914556260516
0.4,285.5601630468029,1.178649374824858
0.41000000000000003,285.4951713007788,1.1775081435926384
0.42,285.4301797585366,1.1763677614871306
0.43,285.36518842007547,1.1752282280662076
0.44,285.3001972853944,1.1740895428878726
0.45,285.2352063544924,1.1729517055102623
0.46,285.1702156273686,1.1718147154916458
0.4700000000000001,285.10522510402194,1.1706785723904238
0.48,285.04023478445157,1.1695432757651307
0.49,284.97524466865644,1.1684088251744305
0.5,284.91025475663565,1.1672752201771228
0.51,284.84526504838817,1.1661424603321366
0.52,284.78027554391315,1.165010545198536
0.53,284.71528624320956,1.1638794743355152
0.54,284.65029714627644,1.162749247302401
0.55,284.5853082531128,1.1616198636586528
0.56,284.5203195637178,1.1604913229638631
0.5700000000000001,284.45533107809035,1.1593636247777548
0.58,284.3903427962296,1.158236768660186
0.59,284.3253547181345,1.1571107541711423
0.6,284.26036684380415,1.1559855808707453
0.61,284.1953791732376,1.154861248319249
0.62,284.13039170643384,1.1537377560770368
0.63,284.06540444339197,1.1526151037046264
0.64,284.00041738411096,1.1514932907626658
0.65,283.9354305285899,1.1503723168119373
0.66,283.87044387682784,1.149252181413355
0.67,283.8054574288238,1.148132884127963
0.68,283.7404711845768,1.1470144245169396
0.6900000000000002,283.67548514408594,1.1458968021415952
0.7000000000000001,283.6104993073502,1.144780016563371
0.71,283.5455136743687,1.1436640673438412
0.72,283.48052824514036,1.1425489540447107
0.73,283.41554301966437,1.1414346762278194
0.74,283.35055799793963,1.1403212334551351
0.75,283.2855731799653,1.1392086252887625
0.76,283.2205885657404,1.1380968512909344
0.77,283.15560415526386,1.1369859110240161
0.78,283.0906199485349,1.1358758040505075
0.79,283.0256359455524,1.1347665299330365
0.8,282.96065214631545,1.133658088234367
0.81,282.89566855082313,1.1325504785173919
0.8200000000000001,282.83068515907445,1.1314437003451372
0.8300000000000001,282.7657019710685,1.1303377532807617
0.84,282.70071898680425,1.1292326368875547
0.85,282.6357362062808,1.1281283507289384
0.86,282.5707536294972,1.1270248943684655
0.87,282.5057712564524,1.125922267369822
0.88,282.4407890871455,1.1248204692968244
0.89,282.3758071215756,1.1237194997134237
0.9,282.31082535974167,1.122619358183701
0.91,282.2458438016427,1.1215200442718665
0.92,282.1808624472779,1.1204215575422682
0.93,282.11588129664614,1.1193238975593813
0.9400000000000002,282.05090034974654,1.1182270638878138
0.9500000000000001,281.9859196065782,1.117131056092308
0.96,281.92093906714,1.116035873737733
0.97,281.85595873143114,1.1149415163890943
0.98,281.7909785994506,1.1138479836115283
0.99,281.72599867119743,1.1127552749703005
1.0,281.66101894667065,1.1116633900308108
1.01,281.5960394258693,1.11057232835859
1.02,281.5310601087925,1.1094820895193005
1.03,281.46608099543914,1.1083926730787366
1.04,281.4011020858084,1.1073040786028248
1.05,281.3361233798993,1.106216305657622
1.06,281.2711448777108,1.1051293538093172
1.07,281.20616657924205,1.1040432226242325
1.08,281.141188484492,1.102957911668819
1.09,281.07621059345973,1.101873420509662
1.1,281.0112329061443,1.1007897487134777
1.11,280.94625542254477,1.0997068958471132
1.12,280.8812781426601,1.0986248614775471
1.1300000000000003,280.8163010664894,1.0975436451718916
1.1400000000000001,280.75132419403167,1.0964632464973862
1.1500000000000001,280.686347525286,1.095383665021408
1.16,280.6213710602514,1.0943049003114607
1.17,280.55639479892693,1.0932269519351812
1.18,280.4914187413116,1.0921498194603378
1.19,280.42644288740445,1.091073502454832
1.2,280.3614672372046,1.089998000486694
1.21,280.296491790711,1.088923313124088
1.22,280.23151654792275,1.087849439935308
1.23,280.16654150883886,1.0867763804887798
1.24,280.10156667345836,1.0857041343530613
1.25,280.03659204178035,1.0846327010968408
1.26,279.9716176138038,1.0835620802889399
1.27,279.9066433895278,1.0824922714983094
1.28,279.8416693689514,1.0814232742940337
1.29,279.77669555207365,1.0803550882453274
1.3,279.7117219388935,1.0792877129215348
1.31,279.6467485294101,1.078221147892136
1.32,279.5817753236224,1.0771553927267379
1.33,279.51680232152955,1.076090446995082
1.34,279.45182952313047,1.0750263102670388
1.35,279.3868569284243,1.0739629821126129
1.36,279.3218845374101,1.0729004621019378
1.37,279.2569123500868,1.0718387498052782
1.3800000000000003,279.1919403664535,1.070777844793032
1.3900000000000001,279.12696858650924,1.0697177466357282
1.4000000000000001,279.0619970102531,1.0686584549040254
1.41,278.99702563768403,1.0675999691687137
1.42,278.9320544688012,1.0665422890007168
1.43,278.86708350360357,1.0654854139710876
1.44,278.8021127420902,1.0644293436510102
1.45,278.73714218426005,1.0633740776118
1.46,278.6721718301123,1.0623196154249053
1.47,278.6072016796459,1.061265956661904
1.48,278.54223173285993,1.0602131008945046
1.49,278.47726198975346,1.0591610476945492
1.5,278.4122924503255,1.058109796634009
1.51,278.34732311457503,1.0570593472849865
1.52,278.2823539825012,1.056009699219717
1.53,278.21738505410303,1.0549608520105656
1.54,278.1524163293795,1.053912805230027
1.55,278.08744780832967,1.052865558450731
1.56,278.0224794909526,1.0518191112454345
1.57,277.9575113772474,1.0507734631870294
1.58,277.892543467213,1.0497286138485347
1.59,277.82757576084845,1.0486845628031023
1.6,277.76260825815285,1.0476413096240158
1.61,277.69764095912524,1.0465988538846895
1.62,277.6326738637647,1.0455571951586697
1.6300000000000003,277.56770697207014,1.0445163330196297
1.6400000000000001,277.50274028404067,1.0434762670413777
1.6500000000000001,277.43777379967537,1.0424369967978526
1.6600000000000001,277.3728075189733,1.0413985218631239
1.67,277.30784144193336,1.0403608418113897
1.68,277.2428755685548,1.0393239562169834
1.69,277.17790989883645,1.0382878646543652
1.7,277.1129444327775,1.0372525666981298
1.71,277.04797917037695,1.0362180619229997
1.72,276.9830141116338,1.0351843499038296
1.73,276.9180492565472,1.0341514302156076
1.74,276.85308460511607,1.033119302433448
1.75,276.7881201573395,1.0320879661325997
1.76,276.72315591321654,1.0310574208884404
1.77,276.6581918727463,1.0300276662764802
1.78,276.5932280359276,1.028998701872358
1.79,276.52826440275976,1.0279705272518471
1.8,276.46330097324164,1.0269431419908472
1.81,276.3983377473724,1.025916545665393
1.82,276.333374725151,1.0248907378516459
1.83,276.26841190657643,1.0238657181259014
1.84,276.20344929164787,1.0228414860645851
1.85,276.1384868803643,1.0218180412442528
1.86,276.0735246727248,1.02079538324159
1.87,276.0085626687283,1.0197735116334152
1.8800000000000003,275.94360086837395,1.018752425996676
1.8900000000000001,275.87863927166075,1.017732125908452
1.9000000000000001,275.8136778785877,1.0167126109459521
1.9100000000000001,275.748716689154,1.0156938806865172
1.92,275.68375570335854,1.0146759347076193
1.93,275.6187949212004,1.0136587725868578
1.94,275.5538343426786,1.0126423939019669
1.95,275.48887396779224,1.0116267982308085
1.96,275.4239137965403,1.0106119851513773
1.97,275.3589538289219,1.0095979542417979
1.98,275.2939940649361,1.0085847050803254
1.99,275.2290345045818,1.0075722372453444
2.0,275.1640751478581,1.0065605503153712
2.0100000000000002,275.09911599476413,1.0055496438690534
2.02,275.03415704529885,1.0045395174851686
2.0300000000000002,274.96919829946137,1.0035301707426247
2.04,274.90423975725065,1.0025216032204594
2.05,274.83928141866573,1.001513814497842
2.06,274.7743232837057,1.000506804154073
2.07,274.7093653523696,0.9995005717685824
2.08,274.64440762465654,0.9984951169209318
2.09,274.5794501005654,0.9974904391908096
2.1,274.51449278009534,0.9964865381580403
2.11,274.4495356632454,0.9954834134025757
2.12,274.38457875001455,0.9944810645044971
2.13,274.3196220404019,0.9934794910440183
2.14,274.25466553440646,0.9924786926014837
2.15,274.1897092320273,0.9914786687573669
2.16,274.1247531332634,0.9904794190922718
2.17,274.05979723811396,0.9894809431869344
2.18,273.99484154657785,0.988483240622219
2.19,273.9298860586541,0.9874863109791204
2.2,273.86493077434193,0.986490153838767
2.21,273.79997569364025,0.9854947687824144
2.22,273.7350208165481,0.9845001553914485
2.23,273.67006614306456,0.9835063132473867
2.24,273.60511167318873,0.9825132419318778
2.25,273.54015740691955,0.9815209410266982
2.2600000000000007,273.4752033442561,0.9805294101137564
2.27,273.4102494851974,0.9795386487750908
2.2800000000000002,273.34529582974255,0.97854865659287
2.29,273.2803423778906,0.9775594331493936
2.3000000000000003,273.21538912964047,0.97657097802709
2.31,273.1504360849913,0.9755832908085197
2.32,273.0854832439422,0.9745963710763715
2.33,273.020530606492,0.9736102184134652
2.34,272.95557817264,0.9726248324027531
2.35,272.89062594238504,0.9716402126273127
2.36,272.82567391572627,0.9706563586703573
2.37,272.7607220926627,0.9696732701152261
2.38,272.69577047319336,0.9686909465453898
2.39,272.63081905731735,0.9677093875444513
2.4,272.5658678450336,0.9667285926961399
2.41,272.5009168363413,0.9657485615843187
2.42,272.4359660312394,0.9647692937929786
2.43,272.3710154297269,0.9637907889062409
2.44,272.306065031803,0.9628130465083583
2.45,272.2411148374665,0.9618360661837113
2.46,272.1761648467167,0.9608598475168137
2.47,272.1112150595525,0.9598843900923062
2.48,272.046265475973,0.958909693494962
2.49,271.98131609597715,0.9579357573096824
2.5,271.9163669195641,0.9569625811214999
2.5100000000000007,271.85141794673285,0.9559901645155768
2.52,271.78646917748245,0.9550185070772054
2.5300000000000002,271.72152061181197,0.9540476083918086
2.54,271.6565722497204,0.9530774680449375
2.5500000000000003,271.59162409120677,0.9521080856222748
2.56,271.52667613627017,0.9511394607096328
2.57,271.46172838490963,0.9501715928929535
2.58,271.3967808371242,0.9492044817583094
2.59,271.3318334929129,0.948238126891902
2.6,271.26688635227475,0.9472725278800633
2.61,271.20193941520887,0.946307684309256
2.62,271.1369926817143,0.9453435957660721
2.63,271.07204615179,0.9443802618372326
2.64,271.00709982543503,0.9434176821095877
2.65,270.9421537026485,0.9424558561701215
2.66,270.87720778342947,0.9414947836059445
2.67,270.8122620677768,0.9405344640042963
2.68,270.7473165556898,0.9395748969525497
2.69,270.6823712471673,0.9386160820382047
2.7,270.6174261422084,0.9376580188488917
2.71,270.5524812408122,0.936700706972372
2.72,270.48753654297764,0.9357441459965344
2.73,270.42259204870385,0.9347883355093999
2.74,270.35764775798987,0.9338332750991185
2.75,270.2927036708347,0.9328789643539698
2.7600000000000007,270.22775978723746,0.9319254028623619
2.77,270.16281610719705,0.9309725902128339
2.7800000000000002,270.0978726307127,0.9300205259940563
2.79,270.03292935778325,0.9290692097948245
2.8000000000000003,269.9679862884079,0.9281186412040691
2.81,269.9030434225856,0.9271688198108472
2.82,269.83810076031546,0.9262197452043458
2.83,269.77315830159654,0.9252714169738834
2.84,269.70821604642776,0.9243238347089044
2.85,269.6432739948083,0.9233769979989871
2.86,269.5783321467371,0.9224309064338374
2.87,269.51339050221327,0.9214855596032894
2.88,269.4484490612358,0.92054095709731
2.89,269.38350782380377,0.9195970985059928
2.9,269.31856678991625,0.9186539834195637
2.91,269.2536259595722,0.9177116114283759
2.92,269.1886853327708,0.9167699821229129
2.93,269.1237449095109,0.9158290950937874
2.94,269.0588046897917,0.9148889499317436
2.95,268.99386467361217,0.9139495462276517
2.96,268.9289248609714,0.9130108835725144
2.97,268.86398525186837,0.9120729615574626
2.98,268.7990458463022,0.9111357797737579
2.99,268.7341066442719,0.9101993378127895
3.0,268.6691676457765,0.909263635266077
3.0100000000000007,268.604228850815,0.9083286717252693
3.02,268.5392902593865,0.9073944467821459
3.0300000000000002,268.4743518714901,0.9064609600286145
3.04,268.40941368712475,0.9055282110567114
3.0500000000000003,268.3444757062895,0.9045961994586037
3.06,268.2795379289834,0.9036649248265887
3.0700000000000003,268.21460035520556,0.9027343867530913
3.08,268.14966298495494,0.9018045848306663
3.09,268.08472581823065,0.9008755186519983
3.1,268.01978885503166,0.8999471878099006
3.11,267.95485209535707,0.8990195918973163
3.12,267.8899155392059,0.8980927305073182
3.13,267.8249791865772,0.8971666032331068
3.14,267.76004303747,0.8962412096680142
3.15,267.69510709188336,0.8953165494055009
3.16,267.6301713498163,0.894392622039155
3.17,267.5652358112679,0.8934694271626961
3.18,267.50030047623716,0.8925469643699725
3.19,267.43536534472315,0.8916252332549612
3.2,267.37043041672496,0.8907042334117694
3.21,267.30549569224155,0.8897839644346318
3.22,267.24056117127196,0.8888644259179138
3.23,267.1756268538153,0.8879456174561096
3.24,267.1106927398706,0.8870275386438439
3.25,267.04575882943686,0.8861101890758668
3.2600000000000007,266.9808251225132,0.8851935683470621
3.27,266.91589161909855,0.8842776760524395
3.2800000000000002,266.85095831919205,0.8833625117871396
3.29,266.78602522279266,0.8824480751464311
3.3000000000000003,266.72109232989953,0.8815343657257134
3.31,266.65615964051165,0.8806213831205127
3.3200000000000003,266.59122715462803,0.8797091269264858
3.33,266.5262948722477,0.8787975967394186
3.34,266.4613627933698,0.8778867921552252
3.35,266.3964309179933,0.8769767127699506
3.36,266.3314992461173,0.8760673581797664
3.37,266.26656777774076,0.8751587279809746
3.38,266.2016365128628,0.8742508217700068
3.39,266.13670545148244,0.873343639143422
3.4,266.07177459359866,0.8724371796979089
3.41,266.0068439392106,0.8715314430302868
3.42,265.94191348831725,0.8706264287375013
3.43,265.8769832409177,0.869722136416629
3.44,265.8120531970109,0.8688185656648741
3.45,265.74712335659603,0.8679157160795709
3.46,265.682193719672,0.8670135872581812
3.47,265.6172642862379,0.8661121787982978
3.48,265.5523350562928,0.8652114902976404
3.49,265.4874060298357,0.8643115213540584
3.5,265.4224772068657,0.8634122715655314
3.5100000000000007,265.3575485873818,0.8625137405301646
3.52,265.2926201713831,0.8616159278461961
3.5300000000000002,265.22769195886855,0.8607188331119895
3.54,265.16276394983726,0.8598224559260391
3.5500000000000003,265.0978361442883,0.8589267958869683
3.56,265.0329085422206,0.858031852593526
3.5700000000000003,264.96798114363327,0.857137625644595
3.58,264.9030539485254,0.8562441146391838
3.59,264.83812695689596,0.8553513191764297
3.6,264.77320016874404,0.8544592388555996
3.61,264.7082735840687,0.8535678732760894
3.62,264.6433472028689,0.8526772220374218
3.63,264.57842102514377,0.8517872847392519
3.64,264.5134950508923,0.8508980609813589
3.65,264.44856928011353,0.8500095503636546
3.66,264.38364371280653,0.849121752486178
3.67,264.3187183489704,0.8482346669490968
3.68,264.25379318860405,0.8473482933527067
3.69,264.1888682317066,0.8464626312974332
3.7,264.1239434782771,0.845577680383831
3.71,264.0590189283146,0.8446934402125809
3.72,263.9940945818181,0.8438099103844955
3.73,263.9291704387867,0.8429270905005132
3.74,263.8642464992194,0.8420449801617038
3.75,263.79932276311524,0.8411635789692624
3.7600000000000007,263.7343992304733,0.8402828865245154
3.77,263.66947590129257,0.8394029024289174
3.7800000000000002,263.6045527755722,0.8385236262840504
3.79,263.5396298533111,0.8376450576916259
3.8000000000000003,263.4747071345084,0.8367671962534826
3.81,263.4097846191631,0.8358900415715905
3.8200000000000003,263.34486230727424,0.8350135932480451
3.83,263.2799401988409,0.8341378508850725
3.84,263.21501829386216,0.8332628140850266
3.85,263.1500965923369,0.8323884824503884
3.86,263.0851750942644,0.8315148555837705
3.87,263.0202537996435,0.8306419330879109
3.88,262.9553327084734,0.8297697145656783
3.89,262.890411820753,0.8288981996200677
3.9,262.82549113648145,0.8280273878542044
3.91,262.7605706556577,0.827157278871341
3.92,262.6956503782809,0.8262878722748597
3.93,262.63073030435004,0.8254191676682695
3.94,262.5658104338641,0.8245511646552084
3.95,262.50089076682224,0.823683862839444
3.96,262.4359713032235,0.8228172618248711
3.97,262.3710520430668,0.8219513612155123
3.98,262.30613298635126,0.8210861606155189
3.99,262.24121413307597,0.8202216596291725
4.0,262.1762954832399,0.8193578578608797
4.01,262.11137703684216,0.8184947549151778
4.0200000000000005,262.0464587938817,0.8176323503967307
4.03,261.98154075435764,0.8167706439103333
4.04,261.916622918269,0.815909635060906
4.05,261.8517052856148,0.8150493234534979
4.0600000000000005,261.78678785639414,0.8141897086932882
4.07,261.7218706306061,0.8133307903855826
4.08,261.6569536082495,0.8124725681358143
4.09,261.5920367893237,0.8116150415495479
4.1,261.5271201738275,0.8107582102324722
4.11,261.46220376176,0.8099020737904074
4.12,261.39728755312035,0.809046631829301
4.13,261.3323715479075,0.8081918839552275
4.14,261.26745574612045,0.8073378297743897
4.15,261.2025401477583,0.8064844688931203
4.16,261.13762475282016,0.805631800917879
4.17,261.07270956130503,0.8047798254552541
4.18,261.00779457321187,0.8039285421119599
4.19,260.9428797885398,0.8030779504948418
4.2,260.8779652072879,0.8022280502108718
4.21,260.8130508294551,0.8013788408671493
4.22,260.7481366550406,0.8005303220709042
4.23,260.68322268404324,0.7996824934294909
4.24,260.61830891646224,0.798835354550395
4.25,260.5533953522966,0.7979889050412287
4.26,260.4884819915453,0.7971431445097322
4.270000000000001,260.42356883420746,0.7962980725637736
4.28,260.3586558802821,0.7954536888113499
4.29,260.29374312976825,0.794609992860586
4.3,260.22883058266495,0.7937669843197329
4.3100000000000005,260.16391823897123,0.7929246627971713
4.32,260.09900609868623,0.7920830279014106
4.33,260.03409416180887,0.7912420792410849
4.34,259.96918242833823,0.79040181642496
4.3500000000000005,259.9042708982734,0.7895622390619271
4.36,259.83935957161344,0.7887233467610073
4.37,259.77444844835725,0.7878851391313462
4.38,259.70953752850403,0.7870476157822213
4.39,259.64462681205276,0.7862107763230358
4.4,259.57971629900254,0.7853746203633215
4.41,259.5148059893523,0.7845391475127356
4.42,259.44989588310114,0.7837043573810673
4.43,259.38498598024813,0.7828702495782308
4.44,259.3200762807923,0.7820368237142687
4.45,259.2551667847327,0.7812040793993515
4.46,259.1902574920684,0.7803720162437778
4.47,259.12534840279835,0.7795406338579731
4.48,259.06043951692163,0.7787099318524913
4.49,258.9955308344374,0.7778799098380144
4.5,258.9306223553445,0.7770505674253506
4.51,258.86571407964215,0.7762219042254382
4.520000000000001,258.8008060073293,0.7753939198493409
4.53,258.73589813840505,0.7745666139082523
4.54,258.6709904728684,0.7737399860134916
4.55,258.6060830107184,0.7729140357765059
4.5600000000000005,258.54117575195414,0.7720887628088724
4.57,258.4762686965746,0.7712641667222931
4.58,258.41136184457883,0.7704402471285987
4.59,258.346455195966,0.7696170036397483
4.6000000000000005,258.28154875073494,0.7687944358678273
4.61,258.21664250888483,0.767972543425049
4.62,258.1517364704147,0.767151325923755
4.63,258.08683063532357,0.7663307829764142
4.64,258.02192500361053,0.7655109141956238
4.65,257.95701957527456,0.7646917191941061
4.66,257.8921143503147,0.7638731975847128
4.67,257.8272093287301,0.7630553489804236
4.68,257.7623045105197,0.7622381729943454
4.69,257.69739989568257,0.7614216692397111
4.7,257.63249548421777,0.7606058373298832
4.71,257.56759127612435,0.7597906768783507
4.72,257.5026872714013,0.7589761874987297
4.73,257.4377834700478,0.7581623688047644
4.74,257.3728798720627,0.7573492204103256
4.75,257.3079764774452,0.7565367419294137
4.76,257.24307328619426,0.7557249329761534
4.770000000000001,257.17817029830894,0.7549137931647995
4.78,257.1132675137883,0.7541033221097323
4.79,257.0483649326314,0.7532935194254616
4.8,256.9834625548372,0.7524843847266224
4.8100000000000005,256.91856038040487,0.7516759176279784
4.82,256.8536584093334,0.7508681177444202
4.83,256.7887566416218,0.7500609846909656
4.84,256.72385507726915,0.7492545180827611
4.8500000000000005,256.6589537162745,0.7484487175350782
4.86,256.5940525586368,0.7476435826633163
4.87,256.5291516043552,0.7468391130830047
4.88,256.4642508534288,0.7460353084097971
4.89,256.3993503058565,0.7452321682594756
4.9,256.3344499616374,0.7444296922479485
4.91,256.2695498207706,0.7436278799912536
4.92,256.204649883255,0.7428267311055534
4.93,256.13975014908976,0.7420262452071391
4.94,256.07485061827396,0.7412264219124298
4.95,256.00995129080655,0.7404272608379701
4.96,255.94505216668665,0.7396287616004327
4.97,255.88015324591322,0.7388309238166173
4.98,255.81525452848535,0.7380337471034504
4.99,255.75035601440212,0.7372372310779872
5.0,255.6854577036625,0.7364413753574078
5.01,255.6205595962656,0.7356461795590212
5.020000000000001,255.5556616922104,0.7348516433002628
5.03,255.490763991496,0.7340577661986954
5.04,255.42586649412146,0.7332645478720091
5.05,255.36096920008575,0.7324719879380195
5.0600000000000005,255.29607210938795,0.7316800860146715
5.07,255.23117522202713,0.7308888417200364
5.08,255.1662785380023,0.7300982546723116
5.09,255.10138205731255,0.7293083244898226
5.1000000000000005,255.03648577995685,0.7285190507910214
5.11,254.9715897059343,0.7277304331944867
5.12,254.9066938352439,0.7269424713189256
5.13,254.84179816788478,0.7261551647831708
5.14,254.7769027038559,0.7253685132061826
5.15,254.71200744315632,0.7245825162070478
5.16,254.64711238578514,0.7237971734049814
5.17,254.58221753174132,0.7230124844193238
5.18,254.51732288102397,0.7222284488695432
5.19,254.4524284336321,0.7214450663752342
5.2,254.38753418956475,0.7206623365561191
5.21,254.322640148821,0.7198802590320471
5.22,254.2577463113999,0.7190988334229936
5.23,254.19285267730044,0.7183180593490607
5.24,254.12795924652167,0.7175379364304781
5.25,254.0630660190627,0.7167584642876024
5.26,253.9981729949225,0.7159796425409167
5.270000000000001,253.93328017410016,0.7152014708110307
5.28,253.8683875565947,0.7144239487186818
5.29,253.8034951424052,0.7136470758847332
5.3,253.73860293153066,0.7128708519301753
5.3100000000000005,253.67371092397013,0.7120952764761249
5.32,253.6088191197227,0.7113203491438277
5.33,253.54392751878737,0.7105460695546527
5.34,253.4790361211632,0.7097724373300985
5.3500000000000005,253.41414492684925,0.7089994520917894
5.36,253.34925393584453,0.7082271134614757
5.37,253.2843631481481,0.7074554210610359
5.38,253.21947256375898,0.7066843745124737
5.39,253.15458218267628,0.705913973437921
5.4,253.08969200489898,0.705144217459635
5.41,253.02480203042617,0.7043751062000012
5.42,252.95991225925687,0.7036066392815301
5.43,252.89502269139012,0.7028388163268594
5.44,252.83013332682498,0.7020716369587539
5.45,252.7652441655605,0.7013051008001047
5.46,252.7003552075957,0.7005392074739294
5.47,252.63546645292962,0.6997739566033719
5.48,252.57057790156134,0.6990093478117044
5.49,252.50568955348987,0.6982453807223231
5.5,252.4408014087143,0.6974820549587528
5.51,252.3759134672336,0.6967193701446438
5.520000000000001,252.3110257290469,0.6959573259037737
5.53,252.2461381941532,0.695195921860046
5.54,252.18125086255154,0.6944351576374905
5.55,252.11636373424096,0.6936750328602647
5.5600000000000005,252.05147680922056,0.6929155471526516
5.57,251.9865900874893,0.6921567001390603
5.58,251.9217035690463,0.6913984914440277
5.59,251.85681725389054,0.6906409206922164
5.6000000000000005,251.79193114202113,0.6898839875084155
5.61,251.72704523343705,0.6891276915175405
5.62,251.6621595281374,0.6883720323446334
5.63,251.5972740261212,0.6876170096148626
5.64,251.5323887273875,0.6868626229535234
5.65,251.46750363193533,0.6861088719860362
5.66,251.40261873976374,0.685355756337949
5.67,251.3377340508718,0.6846032756349361
5.68,251.27284956525853,0.6838514295027972
5.69,251.20796528292294,0.6831002175674592
5.7,251.14308120386414,0.6823496394549751
5.71,251.07819732808116,0.6815996947915246
5.72,251.01331365557303,0.6808503832034132
5.73,250.9484301863388,0.680101704317073
5.74,250.8835469203775,0.6793536577590613
5.75,250.8186638576882,0.6786062431560632
5.76,250.75378099826995,0.6778594601348906
5.770000000000001,250.68889834212175,0.6771133083224786
5.78,250.62401588924268,0.6763677873458916
5.79,250.55913363963177,0.6756228968323191
5.8,250.49425159328808,0.6748786364090764
5.8100000000000005,250.42936975021064,0.6741350057036056
5.82,250.3644881103985,0.6733920043434748
5.83,250.29960667385072,0.6726496319563788
5.84,250.2347254405663,0.671907888170137
5.8500000000000005,250.16984441054436,0.6711667726126974
5.86,250.10496358378387,0.6704262849121315
5.87,250.0400829602839,0.669686424696639
5.88,249.97520254004354,0.668947191594545
5.89,249.91032232306176,0.6682085852342998
5.9,249.84544230933764,0.6674706052444815
5.91,249.78056249887024,0.6667332512537933
5.92,249.7156828916586,0.6659965228910645
5.93,249.65080348770172,0.6652604197852505
5.94,249.5859242869987,0.6645249415654328
5.95,249.52104528954857,0.6637900878608196
5.96,249.45616649535035,0.6630558583007435
5.97,249.3912879044031,0.6623222525146647
5.98,249.3264095167059,0.6615892701321691
5.99,249.26153133225773,0.6608569107829677
6.0,249.1966533510577,0.6601251740968986
6.01,249.1317755731048,0.6593940597039251
6.020000000000001,249.0668979983981,0.6586635672341372
6.03,249.00202062693666,0.6579336963177497
6.04,248.9371434587195,0.6572044465851046
6.05,248.87226649374566,0.6564758176666686
6.0600000000000005,248.8073897320142,0.6557478091930359
6.07,248.74251317352417,0.6550204207949251
6.08,248.67763681827464,0.6542936521031814
6.09,248.6127606662646,0.6535675027487755
6.1000000000000005,248.5478847174931,0.6528419723628044
6.11,248.4830089719592,0.6521170605764902
6.12,248.41813342966196,0.6513927670211824
6.13,248.35325809060043,0.6506690913283549
6.140000000000001,248.28838295477362,0.6499460331296073
6.15,248.2235080221806,0.6492235920566664
6.16,248.1586332928204,0.6485017677413832
6.17,248.09375876669208,0.6477805598157356
6.18,248.02888444379465,0.6470599679118267
6.19,247.96401032412723,0.6463399916618862
6.2,247.8991364076888,0.6456206306982678
6.21,247.8342626944784,0.6449018846534532
6.22,247.7693891844951,0.6441837531600476
6.23,247.70451587773798,0.6434662358507836
6.24,247.63964277420604,0.6427493323585189
6.25,247.5747698738983,0.6420330423162363
6.26,247.50989717681387,0.6413173653570453
6.270000000000001,247.44502468295175,0.6406023011141807
6.28,247.380152392311,0.6398878492210026
6.29,247.31528030489068,0.6391740093109969
6.3,247.25040842068978,0.6384607810177754
6.3100000000000005,247.1855367397074,0.6377481639750754
6.32,247.12066526194258,0.6370361578167596
6.33,247.05579398739434,0.6363247621768163
6.34,246.99092291606175,0.6356139766893598
6.3500000000000005,246.92605204794384,0.6349038009886299
6.36,246.86118138303965,0.6341942347089913
6.37,246.79631092134827,0.6334852774849351
6.38,246.73144066286866,0.6327769289510768
6.390000000000001,246.66657060759997,0.632069188742159
6.4,246.60170075554115,0.6313620564930483
6.41,246.5368311066913,0.6306555318387383
6.42,246.47196166104942,0.629949614414346
6.43,246.4070924186146,0.6292443038551162
6.44,246.34222337938587,0.6285395997964178
6.45,246.2773545433623,0.6278355018737455
6.46,246.21248591054288,0.6271320097227193
6.47,246.14761748092673,0.6264291229790849
6.48,246.0827492545128,0.6257268412787126
6.49,246.0178812313002,0.625025164257599
6.5,245.95301341128797,0.6243240915518665
6.51,245.88814579447515,0.6236236227977614
6.520000000000001,245.82327838086076,0.6229237576316564
6.53,245.75841117044388,0.6222244956900498
6.54,245.69354416322355,0.6215258366095643
6.55,245.6286773591988,0.6208277800269486
6.5600000000000005,245.5638107583687,0.6201303255790764
6.57,245.49894436073225,0.6194334729029469
6.58,245.43407816628854,0.6187372216356843
6.59,245.3692121750366,0.6180415714145391
6.6000000000000005,245.30434638697548,0.6173465218768857
6.61,245.2394808021042,0.6166520726602243
6.62,245.17461542042184,0.6159582234021808
6.63,245.1097502419274,0.6152649737405055
6.640000000000001,245.04488526661999,0.6145723233130748
6.65,244.9800204944986,0.6138802717578902
6.66,244.91515592556232,0.6131888187130773
6.67,244.85029155981013,0.6124979638168881
6.68,244.78542739724114,0.6118077067076992
6.69,244.72056343785437,0.611118047024013
6.7,244.65569968164885,0.6104289844044563
6.71,244.59083612862366,0.6097405184877815
6.72,244.52597277877783,0.6090526489128657
6.73,244.4611096321104,0.6083653753187117
6.74,244.39624668862044,0.6076786973444473
6.75,244.33138394830695,0.6069926146293247
6.76,244.26652141116898,0.6063071268127218
6.770000000000001,244.20165907720562,0.6056222335341415
6.78,244.13679694641587,0.6049379344332119
6.79,244.07193501879883,0.6042542291496863
6.8,244.00707329435346,0.6035711173234417
6.8100000000000005,243.9422117730789,0.6028885985944822
6.82,243.87735045497413,0.6022066726029354
6.83,243.8124893400382,0.6015253389890542
6.84,243.74762842827022,0.600844597393217
6.8500000000000005,243.68276771966913,0.6001644474559266
6.86,243.6179072142341,0.5994848888178117
6.87,243.55304691196403,0.5988059211196236
6.88,243.4881868128581,0.598127544002242
6.890000000000001,243.42332691691527,0.5974497571066688
6.9,243.35846722413464,0.5967725600740321
6.91,243.2936077345152,0.5960959525455839
6.92,243.22874844805605,0.5954199341627026
6.93,243.1638893647562,0.5947445045668902
6.94,243.0990304846147,0.5940696633997742
6.95,243.03417180763063,0.5933954103031067
6.96,242.96931333380297,0.5927217449187643
6.97,242.90445506313083,0.5920486668887497
6.98,242.8395969956132,0.5913761758551884
6.99,242.7747391312492,0.5907042714603333
7.0,242.70988147003777,0.5900329533465597
7.01,242.64502401197805,0.589362221156369
7.020000000000001,242.58016675706904,0.588692074532387
7.03,242.5153097053098,0.5880225131173643
7.04,242.45045285669937,0.5873535365541764
7.05,242.38559621123682,0.5866851444858235
7.0600000000000005,242.32073976892113,0.58601733655543
7.07,242.25588352975143,0.5853501124062462
7.08,242.1910274937267,0.5846834716816454
7.09,242.126171660846,0.5840174140251272
7.1000000000000005,242.0613160311084,0.5833519390803149
7.11,241.99646060451292,0.5826870464909574
7.12,241.9316053810586,0.5820227359009268
7.13,241.86675036074453,0.5813590069542219
7.140000000000001,241.8018955435697,0.5806958592949638
7.15,241.73704092953324,0.5800332925674002
7.16,241.67218651863408,0.5793713064159016
7.17,241.60733231087136,0.5787099004849655
7.18,241.54247830624405,0.578049074419211
7.19,241.47762450475125,0.5773888278633849
7.2,241.412770906392,0.5767291604623559
7.21,241.34791751116535,0.5760700718611188
7.22,241.2830643190703,0.5754115617047919
7.23,241.21821133010593,0.5747536296386194
7.24,241.1533585442713,0.5740962753079693
7.25,241.08850596156543,0.5734394983583335
7.26,241.0236535819874,0.572783298435329
7.270000000000001,240.95880140553618,0.5721276751846973
7.28,240.8939494322109,0.5714726282523046
7.29,240.82909766201055,0.5708181572841411
7.3,240.7642460949342,0.570164261926321
7.3100000000000005,240.6993947309809,0.5695109418250841
7.32,240.6345435701497,0.5688581966267942
7.33,240.56969261243964,0.5682060259779391
7.34,240.50484185784973,0.5675544295251306
7.3500000000000005,240.43999130637906,0.5669034069151064
7.36,240.37514095802666,0.5662529577947277
7.37,240.31029081279158,0.5656030818109794
7.38,240.24544087067287,0.5649537786109722
7.390000000000001,240.18059113166956,0.5643050478419397
7.4,240.1157415957807,0.5636568891512403
7.41,240.05089226300532,0.5630093021863577
7.42,239.98604313334252,0.5623622865948985
7.43,239.9211942067913,0.5617158420245945
7.44,239.8563454833507,0.5610699681233007
7.45,239.79149696301982,0.5604246645389981
7.46,239.72664864579764,0.5597799309197902
7.47,239.66180053168324,0.5591357669139061
7.48,239.59695262067567,0.5584921721696983
7.49,239.53210491277395,0.5578491463356434
7.5,239.46725740797714,0.5572066890603431
7.51,239.40241010628432,0.5565647999925228
7.520000000000001,239.33756300769448,0.5559234787810313
7.53,239.27271611220667,0.5552827250748426
7.54,239.20786941981999,0.5546425385230551
7.55,239.14302293053342,0.5540029187748902
7.5600000000000005,239.07817664434606,0.5533638654796942
7.57,239.0133305612569,0.5527253782869375
7.58,238.94848468126506,0.5520874568462143
7.59,238.8836390043695,0.5514501008072431
7.6000000000000005,238.81879353056937,0.5508133098198668
7.61,238.75394825986362,0.5501770835340514
7.62,238.68910319225134,0.5495414215998881
7.63,238.62425832773155,0.5489063236675914
7.640000000000001,238.55941366630333,0.5482717893874999
7.65,238.4945692079657,0.5476378184100769
7.66,238.42972495271772,0.547004410385909
7.67,238.36488090055843,0.5463715649657068
7.68,238.3000370514869,0.5457392818003054
7.69,238.23519340550212,0.5451075605406631
7.7,238.17034996260318,0.5444764008378633
7.71,238.10550672278913,0.5438458023431123
7.72,238.04066368605896,0.5432157647077408
7.73,237.9758208524118,0.5425862875832039
7.74,237.91097822184662,0.5419573706210791
7.75,237.84613579436254,0.5413290134730699
7.76,237.78129356995854,0.5407012157910018
7.770000000000001,237.71645154863367,0.5400739772268252
7.78,237.651609730387,0.5394472974326142
7.79,237.5867681152176,0.5388211760605668
7.8,237.5219267031245,0.5381956127630052
7.8100000000000005,237.4570854941067,0.5375706071923737
7.82,237.3922444881633,0.5369461590012428
7.83,237.32740368529332,0.5363222678423055
7.84,237.2625630854958,0.5356989333683787
7.8500000000000005,237.19772268876983,0.5350761552324037
7.86,237.1328824951144,0.5344539330874439
7.87,237.0680425045286,0.5338322665866891
7.88,237.00320271701142,0.5332111553834502
7.890000000000001,236.93836313256196,0.5325905991311638
7.9,236.87352375117925,0.5319705974833892
7.91,236.80868457286235,0.5313511500938098
7.92,236.7438455976103,0.5307322566162329
7.930000000000001,236.67900682542208,0.5301139167045881
7.94,236.61416825629684,0.5294961300129306
7.95,236.54932989023357,0.5288788961954387
7.96,236.48449172723133,0.5282622149064136
7.97,236.41965376728913,0.5276460858002802
7.98,236.35481601040607,0.5270305085315882
7.99,236.2899784565812,0.5264154827550102
8.0,236.2251411058135,0.5258010081253416
8.01,236.16030395810208,0.5251870842975033
8.02,236.09546701344593,0.5245737109265375
8.03,236.03063027184416,0.5239608876676121
8.040000000000001,235.96579373329575,0.5233486141760166
8.05,235.9009573977998,0.5227368901071658
8.06,235.83612126535536,0.5221257151165974
8.07,235.7712853359614,0.5215150888599718
8.08,235.70644960961707,0.5209050109930742
8.09,235.64161408632134,0.5202954811718123
8.1,235.5767787660733,0.5196864990522182
8.11,235.51194364887195,0.5190780642904465
8.120000000000001,235.44710873471635,0.5184701765427754
8.13,235.3822740236056,0.5178628354656079
8.14,235.3174395155387,0.5172560407154687
8.15,235.25260521051467,0.5166497919490068
8.16,235.18777110853262,0.5160440888229947
8.17,235.12293720959153,0.5154389309943272
8.18,235.05810351369053,0.5148343181200247
8.19,234.99327002082856,0.5142302498572286
8.2,234.92843673100475,0.5136267258632051
8.21,234.86360364421813,0.5130237457953437
8.22,234.7987707604677,0.5124213093111557
8.23,234.7339380797526,0.5118194160682785
8.24,234.66910560207177,0.5112180657244701
8.25,234.60427332742432,0.5106172579376137
8.26,234.53944125580927,0.5100169923657145
8.27,234.47460938722566,0.5094172686669013
8.28,234.40977772167258,0.5088180864994275
8.290000000000003,234.34494625914903,0.5082194455216674
8.3,234.2801149996541,0.5076213453921211
8.31,234.21528394318682,0.5070237857694099
8.32,234.1504530897462,0.5064267663122789
8.33,234.0856224393313,0.5058302866795966
8.34,234.02079199194122,0.5052343465303553
8.35,233.95596174757495,0.5046389455236691
8.36,233.89113170623156,0.5040440833187769
8.370000000000001,233.82630186791008,0.503449759575039
8.38,233.76147223260955,0.5028559739519403
8.39,233.69664280032907,0.5022627261090882
8.4,233.6318135710676,0.501670015706213
8.41,233.56698454482427,0.5010778424031689
8.42,233.5021557215981,0.5004862058599328
8.43,233.4373271013881,0.49989510573660406
8.44,233.37249868419335,0.49930454169340605
8.45,233.3076704700129,0.4987145133906848
8.46,233.24284245884576,0.49812502048890916
8.47,233.17801465069104,0.49753606264867223
8.48,233.1131870455477,0.4969476395306878
8.49,233.04835964341487,0.4963597507957949
8.5,232.98353244429157,0.49577239610495494
8.51,232.91870544817684,0.4951855751192518
8.52,232.8538786550697,0.4945992874998927
8.53,232.7890520649692,0.49401353290820754
8.540000000000003,232.72422567787447,0.49342831100565016
8.55,232.65939949378446,0.49284362145379595
8.56,232.59457351269828,0.49225946391434444
8.57,232.5297477346149,0.4916758380491169
8.58,232.46492215953344,0.4910927435200586
8.59,232.4000967874529,0.49051017998923735
8.6,232.33527161837236,0.4899281471188433
8.61,232.27044665229084,0.48934664457119065
8.620000000000001,232.20562188920744,0.4887656720087152
8.63,232.14079732912114,0.4881852290939764
8.64,232.075972972031,0.487605315489656
8.65,232.0111488179361,0.48702593085855916
8.66,231.94632486683543,0.48644707486361316
8.67,231.8815011187281,0.4858687471678692
8.68,231.8166775736131,0.48529094743449963
8.69,231.75185423148955,0.48471367532680143
8.700000000000001,231.68703109235642,0.4841369305081926
8.71,231.62220815621282,0.48356071264221545
8.72,231.55738542305772,0.48298502139253335
8.73,231.49256289289025,0.48240985642293405
8.74,231.42774056570937,0.4818352173973266
8.75,231.3629184415142,0.4812611039797445
8.76,231.29809652030377,0.480687515834342
8.77,231.23327480207712,0.4801144526253974
8.78,231.16845328683328,0.479541914017311
8.790000000000003,231.1036319745713,0.4789698996746057
8.8,231.03881086529026,0.47839840926192784
8.81,230.97398995898916,0.47782744244404524
8.82,230.90916925566708,0.47725699888584916
8.83,230.84434875532307,0.47668707825235346
8.84,230.77952845795616,0.4761176802086943
8.85,230.71470836356536,0.47554880442013026
8.86,230.64988847214983,0.4749804505520431
8.870000000000001,230.58506878370846,0.4744126182699362
8.88,230.52024929824043,0.47384530723943663
8.89,230.45543001574472,0.47327851712629293
8.9,230.3906109362204,0.47271224759637737
8.91,230.32579205966653,0.4721464983156833
8.92,230.2609733860821,0.4715812689503275
8.93,230.1961549154662,0.47101655916654916
8.94,230.13133664781788,0.4704523686307099
8.950000000000001,230.06651858313614,0.469888697009293
8.96,230.00170072142012,0.469325543968906
8.97,229.93688306266878,0.46876290917627716
8.98,229.8720656068812,0.4682007922982577
8.99,229.8072483540564,0.4676391930018212
9.0,229.7424313041935,0.4670781109540645
9.01,229.67761445729144,0.466517545822205
9.02,229.61279781334937,0.465957497273585
9.03,229.54798137236628,0.4653979649756666
9.040000000000003,229.4831651343412,0.4648389485960355
9.05,229.41834909927323,0.4642804478024003
9.06,229.35353326716137,0.46372246226259056
9.07,229.2887176380047,0.4631649916445595
9.08,229.22390221180223,0.4626080356163812
9.09,229.15908698855304,0.46205159384625377
9.1,229.09427196825618,0.46149566600249625
9.11,229.02945715091067,0.4609402517535501
9.120000000000001,228.96464253651558,0.4603853507679798
9.13,228.89982812506997,0.45983096271447144
9.14,228.83501391657285,0.4592770872618336
9.15,228.77019991102324,0.4587237240789962
9.16,228.70538610842027,0.45817087283501295
9.17,228.64057250876292,0.45761853319905854
9.18,228.57575911205026,0.4570667048404304
9.19,228.51094591828138,0.4565153874285482
9.200000000000001,228.44613292745524,0.45596458063295303
9.21,228.38132013957096,0.4554142841233092
9.22,228.31650755462755,0.4548644975694022
9.23,228.25169517262404,0.45431522064114005
9.24,228.18688299355952,0.4537664530085529
9.25,228.12207101743303,0.4532181943417931
9.26,228.0572592442436,0.4526704443111348
9.27,227.99244767399026,0.452123202586974
9.28,227.92763630667207,0.45157646883982977
9.290000000000003,227.86282514228813,0.45103024274034265
9.3,227.7980141808374,0.45048452395927485
9.31,227.73320342231904,0.44993931216751104
9.32,227.66839286673195,0.4493946070360572
9.33,227.6035825140753,0.4488504082360429
9.34,227.53877236434806,0.4483067154387178
9.35,227.47396241754933,0.44776352831545513
9.36,227.40915267367814,0.447220846537749
9.370000000000001,227.3443431327335,0.44667866977721576
9.38,227.27953379471452,0.44613699770559373
9.39,227.2147246596202,0.4455958299947438
9.4,227.1499157274496,0.4450551663166475
9.41,227.08510699820178,0.4445150063434095
9.42,227.02029847187578,0.44397534974725544
9.43,226.95549014847063,0.4434361962005335
9.44,226.89068202798538,0.4428975453757133
9.450000000000001,226.82587411041908,0.4423593969453862
9.46,226.76106639577083,0.4418217505822664
9.47,226.6962588840396,0.4412846059591883
9.48,226.63145157522447,0.4407479627491099
9.49,226.5666444693245,0.4402118206251096
9.5,226.5018375663387,0.4396761792603879
9.51,226.43703086626616,0.43914103832826773
9.52,226.37222436910588,0.4386063975021931
9.53,226.30741807485694,0.4380722564557302
9.540000000000003,226.24261198351837,0.4375386148625667
9.55,226.17780609508927,0.4370054723965124
9.56,226.1130004095686,0.4364728287314978
9.57,226.04819492695546,0.4359406835415765
9.58,225.9833896472489,0.4354090365009231
9.59,225.91858457044796,0.4348778872838338
9.6,225.85377969655167,0.4343472355647261
9.61,225.7889750255591,0.4338170810181403
9.620000000000001,225.72417055746925,0.4332874233187372
9.63,225.65936629228125,0.4327582621413005
9.64,225.5945622299941,0.432229597160734
9.65,225.5297583706068,0.4317014280520637
9.66,225.46495471411848,0.431173754490438
9.67,225.40015126052813,0.43064657615112595
9.68,225.33534800983483,0.43011989270951867
9.69,225.27054496203763,0.4295937038411285
9.700000000000001,225.20574211713554,0.42906800922158905
9.71,225.14093947512765,0.42854280852665666
9.72,225.076137036013,0.42801810143220803
9.73,225.0113347997906,0.4274938876142419
9.74,224.9465327664595,0.42697016674887794
9.75,224.8817309360188,0.42644693851235843
9.76,224.8169293084675,0.4259242025810459
9.77,224.7521278838047,0.4254019586314252
9.78,224.68732666202936,0.42488020634010215
9.790000000000003,224.6225256431406,0.42435894538380414
9.8,224.55772482713746,0.4238381754393806
9.81,224.49292421401896,0.4233178961838011
9.82,224.42812380378413,0.42279810729415734
9.83,224.36332359643208,0.42227880844766275
9.84,224.2985235919618,0.42175999932165187
9.85,224.23372379037238,0.42124167959358016
9.86,224.16892419166285,0.42072384894102494
9.870000000000001,224.1041247958322,0.4202065070416845
9.88,224.03932560287961,0.41968965357337956
9.89,223.97452661280403,0.4191732882140502
9.9,223.9097278256045,0.4186574106417592
9.91,223.8449292412801,0.4181420205346907
9.92,223.78013085982988,0.4176271175711494
9.93,223.7153326812529,0.41711270142956186
9.94,223.65053470554813,0.4165987717884748
9.950000000000001,223.58573693271472,0.41608532832655853
9.96,223.52093936275165,0.415572370722602
9.97,223.45614199565802,0.415059898655517
9.98,223.39134483143278,0.4145479118043351
9.99,223.3265478700751,0.41403640984821116
10.0,223.26175111158392,0.41352539246641934
10.01,223.19695455595837,0.41301485933835597
10.02,223.13215820319743,0.4125048101435377
10.03,223.06736205330026,0.41199524456160386
10.040000000000003,223.00256610626576,0.4114861622723129
10.05,222.93777036209303,0.41097756295554544
10.06,222.8729748207812,0.4104694462913043
10.07,222.8081794823292,0.4099618119597107
10.08,222.74338434673615,0.40945465964100997
10.09,222.67858941400107,0.408947989015566
10.1,222.613794684123,0.4084417997638653
10.11,222.549000157101,0.4079360915665147
10.120000000000001,222.48420583293412,0.4074308641042426
10.13,222.41941171162142,0.4069261170578979
10.14,222.35461779316194,0.40642185010845083
10.15,222.2898240775547,0.4059180629369925
10.16,222.22503056479877,0.4054147552247347
10.17,222.1602372548932,0.404911926653011
10.18,222.09544414783701,0.4044095769032751
10.19,222.03065124362928,0.4039077056571021
10.200000000000001,221.96585854226902,0.40340631259618787
10.21,221.90106604375535,0.40290539740234965
10.22,221.83627374808725,0.4024049597575251
10.23,221.7714816552638,0.40190499934377266
10.24,221.706689765284,0.4014055158432717
10.25,221.641898078147,0.4009065089383233
10.26,221.57710659385174,0.4004079783113483
10.27,221.5123153123973,0.3999099236448889
10.28,221.44752423378276,0.3994123446216082
10.290000000000003,221.3827333580071,0.39891524092428987
10.3,221.31794268506945,0.3984186122358391
10.31,221.25315221496882,0.3979224582392806
10.32,221.18836194770427,0.39742677861776127
10.33,221.1235718832748,0.3969315730545474
10.34,221.05878202167946,0.3964368412330272
10.35,220.99399236291737,0.39594258283670936
10.36,220.92920290698754,0.39544879754922285
10.370000000000001,220.864413653889,0.3949554850543178
10.38,220.79962460362083,0.394462645035865
10.39,220.73483575618204,0.3939702771778558
10.4,220.6700471115717,0.39347838116440215
10.41,220.60525866978884,0.392986956679737
10.42,220.54047043083256,0.3924960034082141
10.43,220.47568239470183,0.39200552103430697
10.44,220.41089456139574,0.3915155092426107
10.450000000000001,220.34610693091332,0.3910259677178407
10.46,220.28131950325366,0.390536896144833
10.47,220.21653227841577,0.3900482942085442
10.48,220.15174525639873,0.3895601615940516
10.49,220.08695843720153,0.38907249798655275
10.5,220.02217182082325,0.3885853030713658
10.51,219.95738540726296,0.3880985765339304
10.52,219.89259919651965,0.38761231805980534
10.53,219.82781318859244,0.38712652733467096
10.540000000000003,219.7630273834803,0.3866412040443276
10.55,219.6982417811824,0.38615634787469677
10.56,219.63345638169764,0.38567195851181924
10.57,219.56867118502515,0.3851880356418574
10.58,219.50388619116399,0.38470457895109383
10.59,219.43910140011315,0.38422158812593105
10.6,219.3743168118717,0.3837390628528928
10.61,219.3095324264387,0.38325700281862246
10.620000000000001,219.2447482438132,0.3827754077098849
10.63,219.17996426399424,0.38229427721356435
10.64,219.11518048698088,0.38181361101666594
10.65,219.05039691277216,0.38133340880631494
10.66,218.9856135413671,0.38085367026975725
10.67,218.92083037276478,0.3803743950943593
10.68,218.85604740696425,0.379895582967607
10.69,218.79126464396452,0.37941723357710727
10.700000000000001,218.72648208376467,0.3789393466105876
10.71,218.66169972636374,0.3784619217558953
10.72,218.5969175717608,0.3779849587009984
10.73,218.5321356199549,0.37750845713398445
10.74,218.46735387094503,0.37703241674306204
10.75,218.40257232473027,0.3765568372165597
10.76,218.33779098130967,0.3760817182429262
10.77,218.27300984068228,0.3756070595107305
10.78,218.20822890284717,0.3751328607086624
10.790000000000003,218.14344816780334,0.3746591215255307
10.8,218.07866763554986,0.3741858416502657
10.81,218.0138873060858,0.3737130207719168
10.82,217.9491071794102,0.3732406585796543
10.83,217.88432725552204,0.37276875476276833
10.84,217.81954753442045,0.3722973090106694
10.85,217.75476801610446,0.3718263210128877
10.86,217.6899887005731,0.37135579045907424
10.870000000000001,217.62520958782545,0.37088571703899953
10.88,217.5604306778605,0.3704161004425543
10.89,217.49565197067733,0.3699469403597495
10.9,217.43087346627502,0.36947823648071654
10.91,217.36609516465256,0.369009988495706
10.92,217.30131706580903,0.3685421960950892
10.93,217.2365391697435,0.3680748589693577
10.94,217.17176147645498,0.36760797680912194
10.950000000000001,217.10698398594252,0.36714154930511333
10.96,217.04220669820518,0.3666755761481833
10.97,216.977429613242,0.36621005702930276
10.98,216.91265273105205,0.3657449916395631
10.99,216.84787605163433,0.3652803796701752
11.0,216.66,0.3652803796701752
11.01,216.66,0.3647068342562794
11.02,216.66,0.36413419118652807
11.03,216.66,0.36356244903847124
11.040000000000003,216.66,0.362991606391906
11.05,216.66,0.3624216618288724
11.06,216.66,0.36185261393365037
11.07,216.66,0.361284461292756
11.08,216.66,0.3607172024949376
11.09,216.66,0.3601508361311729
11.1,216.66,0.35958536079466497
11.11,216.66,0.3590207750808391
11.120000000000001,216.66,0.3584570775873387
11.13,216.66,0.35789426691402254
11.14,216.66,0.3573323416629606
11.15,216.66,0.3567713004384309
11.16,216.66,0.3562111418469161
11.17,216.66,0.35565186449709946
11.18,216.66,0.35509346699986216
11.19,216.66,0.3545359479682791
11.200000000000001,216.66,0.35397930601761585
11.21,216.66,0.3534235397653253
11.22,216.66,0.3528686478310434
11.23,216.66,0.35231462883658693
11.24,216.66,0.3517614814059488
11.25,216.66,0.3512092041652957
11.26,216.66,0.3506577957429637
11.27,216.66,0.35010725476945564
11.28,216.66,0.34955757987743724
11.290000000000003,216.66,0.34900876970173356
11.3,216.66,0.34846082287932595
11.31,216.66,0.3479137380493485
11.32,216.66,0.3473675138530848
11.33,216.66,0.3468221489339639
11.34,216.66,0.34627764193755767
11.35,216.66,0.34573399151157713
11.36,216.66,0.34519119630586886
11.370000000000001,216.66,0.34464925497241206
11.38,216.66,0.34410816616531464
11.39,216.66,0.34356792854081025
11.4,216.66,0.3430285407572549
11.41,216.66,0.3424900014751233
11.42,216.66,0.3419523093570058
11.43,216.66,0.34141546306760495
11.44,216.66,0.3408794612737322
11.450000000000001,216.66,0.3403443026443044
11.46,216.66,0.33980998585034067
11.47,216.66,0.3392765095649591
11.48,216.66,0.3387438724633729
11.49,216.66,0.338212073222888
11.5,216.66,0.33768111052289895
11.51,216.66,0.33715098304488605
11.52,216.66,0.3366216894724117
11.53,216.66,0.33609322849111756
11.540000000000003,216.66,0.3355655987887209
11.55,216.66,0.3350387990550113
11.56,216.66,0.3345128279818476
11.57,216.66,0.3339876842631548
11.58,216.66,0.3334633665949199
11.59,216.66,0.3329398736751899
11.6,216.66,0.33241720420406723
11.61,216.66,0.33189535688370786
11.620000000000001,216.66,0.3313743304183168
11.63,216.66,0.3308541235141456
11.64,216.66,0.3303347348794891
11.65,216.66,0.32981616322468166
11.66,216.66,0.32929840726209453
11.67,216.66,0.3287814657061322
11.68,216.66,0.32826533727322965
11.69,216.66,0.32775002068184866
11.700000000000001,216.66,0.3272355146524747
11.71,216.66,0.32672181790761406
11.72,216.66,0.32620892917179034
11.73,216.66,0.3256968471715411
11.74,216.66,0.3251855706354154
11.75,216.66,0.32467509829396957
11.76,216.66,0.32416542887976496
11.77,216.66,0.32365656112736424
11.78,216.66,0.3231484937733286
11.790000000000003,216.66,0.32264122555621394
11.8,216.66,0.3221347552165687
11.81,216.66,0.3216290814969298
11.82,216.66,0.3211242031418199
11.83,216.66,0.32062011889774433
11.84,216.66,0.3201168275131876
11.85,216.66,0.31961432773861087
11.86,216.66,0.3191126183264481
11.870000000000001,216.66,0.31861169803110356
11.88,216.66,0.3181115656089482
11.89,216.66,0.31761221981831683
11.9,216.66,0.31711365941950526
11.91,216.66,0.31661588317476635
11.92,216.66,0.3161188898483079
11.93,216.66,0.3156226782062889
11.94,216.66,0.3151272470168169
11.950000000000001,216.66,0.3146325950499443
11.96,216.66,0.314138721077666
11.97,216.66,0.3136456238739158
11.98,216.66,0.31315330221456356
11.99,216.66,0.31266175487741216
12.0,216.66,0.31217098064219434
12.01,216.66,0.3116809782905695
12.02,216.66,0.31119174660612114
12.030000000000001,216.66,0.3107032843743534
12.040000000000003,216.66,0.310215590382688
12.05,216.66,0.3097286634204614
12.06,216.66,0.30924250227892186
12.07,216.66,0.3087571057512261
12.08,216.66,0.30827247263243646
12.09,216.66,0.30778860171951794
12.1,216.66,0.3073054918113351
12.11,216.66,0.306823141708649
12.120000000000001,216.66,0.3063415502141142
12.13,216.66,0.30586071613227617
12.14,216.66,0.3053806382695677
12.15,216.66,0.3049013154343062
12.16,216.66,0.3044227464366907
12.17,216.66,0.303944930088799
12.18,216.66,0.3034678652045844
12.19,216.66,0.302991550599873
12.200000000000001,216.66,0.3025159850923606
12.21,216.66,0.30204116750160986
12.22,216.66,0.301567096649047
12.23,216.66,0.3010937713579596
12.24,216.66,0.3006211904534928
12.25,216.66,0.3001493527626467
12.26,216.66,0.29967825711427365
12.27,216.66,0.2992079023390751
12.280000000000001,216.66,0.2987382872695987
12.290000000000003,216.66,0.29826941074023544
12.3,216.66,0.2978012715872165
12.31,216.66,0.29733386864861044
12.32,216.66,0.29686720076432094
12.33,216.66,0.29640126677608264
12.34,216.66,0.2959360655274593
12.35,216.66,0.2954715958638406
12.36,216.66,0.2950078566324389
12.370000000000001,216.66,0.2945448466822868
12.38,216.66,0.2940825648642342
12.39,216.66,0.29362101003094515
12.4,216.66,0.29316018103689523
12.41,216.66,0.29270007673836884
12.42,216.66,0.2922406959934556
12.43,216.66,0.2917820376620486
12.44,216.66,0.29132410060584035
12.450000000000001,216.66,0.2908668836883212
12.46,216.66,0.2904103857747752
12.47,216.66,0.28995460573227844
12.48,216.66,0.2894995424296952
12.49,216.66,0.28904519473767604
12.5,216.66,0.2885915615286541
12.51,216.66,0.28813864167684294
12.52,216.66,0.28768643405823363
12.530000000000001,216.66,0.2872349375505915
12.540000000000003,216.66,0.2867841510334537
12.55,216.66,0.28633407338812644
12.56,216.66,0.28588470349768214
12.57,216.66,0.2854360402469563
12.58,216.66,0.2849880825225453
12.59,216.66,0.2845408292128031
12.6,216.66,0.2840942792078388
12.61,216.66,0.2836484313995135
12.620000000000001,216.66,0.283203284681438
12.63,216.66,0.2827588379489697
12.64,216.66,0.28231509009921
12.65,216.66,0.2818720400310012
12.66,216.66,0.2814296866449243
12.67,216.66,0.2809880288432958
12.68,216.66,0.2805470655301654
12.69,216.66,0.2801067956113124
12.700000000000001,216.66,0.2796672179942442
12.71,216.66,0.2792283315881923
12.72,216.66,0.27879013530411073
12.73,216.66,0.27835262805467237
12.74,216.66,0.27791580875426686
12.75,216.66,0.27747967631899756
12.76,216.66,0.27704422966667896
12.77,216.66,0.27660946771683387
12.780000000000001,216.66,0.27617538939069086
12.790000000000003,216.66,0.27574199361118173
12.8,216.66,0.27530927930293814
12.81,216.66,0.27487724539228975
12.82,216.66,0.2744458908072609
12.83,216.66,0.27401521447756844
12.84,216.66,0.27358521533461855
12.85,216.66,0.2731558923115044
12.86,216.66,0.2727272443430034
12.870000000000001,216.66,0.2722992703655746
12.88,216.66,0.27187196931735585
12.89,216.66,0.27144534013816124
12.9,216.66,0.27101938176947865
12.91,216.66,0.2705940931544667
12.92,216.66,0.2701694732379524
12.93,216.66,0.26974552096642856
12.94,216.66,0.26932223528805077
12.950000000000001,216.66,0.2688996151526353
12.96,216.66,0.268477659511656
12.97,216.66,0.268056367318242
12.98,216.66,0.267635737527175
12.99,216.66,0.2672157690948864
13.0,216.66,0.26679646097945525
13.01,216.66,0.2663778121406052
13.02,216.66,0.2659598215397018
13.030000000000001,216.66,0.2655424881397503
13.040000000000003,216.66,0.265125810905393
13.05,216.66,0.26470978880290624
13.06,216.66,0.2642944208001983
13.07,216.66,0.26387970586680665
13.08,216.66,0.2634656429738953
13.09,216.66,0.2630522310942522
13.1,216.66,0.26263946920228676
13.11,216.66,0.26222735627402743
13.120000000000001,216.66,0.2618158912871189
13.13,216.66,0.26140507322081963
13.14,216.66,0.2609949010559992
13.15,216.66,0.26058537377513596
13.16,216.66,0.26017649036231455
13.17,216.66,0.2597682498032228
13.18,216.66,0.2593606510851498
13.19,216.66,0.25895369319698325
13.200000000000001,216.66,0.2585473751292068
13.21,216.66,0.25814169587389735
13.22,216.66,0.257736654424723
13.23,216.66,0.2573322497769401
13.24,216.66,0.2569284809273911
13.25,216.66,0.25652534687450174
13.26,216.66,0.2561228466182786
13.27,216.66,0.25572097916030684
13.280000000000001,216.66,0.2553197435037472
13.290000000000003,216.66,0.25491913865333427
13.3,216.66,0.2545191636153733
13.31,216.66,0.2541198173977381
13.32,216.66,0.2537210990098681
13.33,216.66,0.2533230074627668
13.34,216.66,0.2529255417689982
13.35,216.66,0.2525287009426851
13.36,216.66,0.2521324839995063
13.370000000000001,216.66,0.25173688995669424
13.38,216.66,0.25134191783303256
13.39,216.66,0.2509475666488535
13.4,216.66,0.25055383542603565
13.41,216.66,0.2501607231880013
13.42,216.66,0.24976822895971426
13.43,216.66,0.24937635176767722
13.44,216.66,0.24898509063992932
13.450000000000001,216.66,0.24859444460604382
13.46,216.66,0.2482044126971255
13.47,216.66,0.2478149939458086
13.48,216.66,0.24742618738625394
13.49,216.66,0.2470379920541468
13.5,216.66,0.24665040698669455
13.51,216.66,0.24626343122262395
13.52,216.66,0.24587706380217908
13.530000000000001,216.66,0.2454913037671186
13.540000000000003,216.66,0.24510615016071383
13.55,216.66,0.24472160202774573
13.56,216.66,0.2443376584145032
13.57,216.66,0.24395431836877995
13.58,216.66,0.24357158093987294
13.59,216.66,0.2431894451785793
13.6,216.66,0.2428079101371944
13.61,216.66,0.24242697486950912
13.620000000000001,216.66,0.24204663843080793
13.63,216.66,0.24166689987786608
13.64,216.66,0.24128775826894758
13.65,216.66,0.24090921266380272
13.66,216.66,0.2405312621236655
13.67,216.66,0.24015390571125175
13.68,216.66,0.2397771424907565
13.69,216.66,0.23940097152785147
13.700000000000001,216.66,0.23902539188968316
13.71,216.66,0.23865040264487017
13.72,216.66,0.2382760028635011
13.73,216.66,0.23790219161713197
13.74,216.66,0.23752896797878417
13.75,216.66,0.2371563310229421
13.76,216.66,0.23678427982555056
13.77,216.66,0.23641281346401286
13.780000000000001,216.66,0.2360419310171882
13.790000000000003,216.66,0.2356716315653895
13.8,216.66,0.23530191419038118
13.81,216.66,0.23493277797537673
13.82,216.66,0.23456422200503643
13.83,216.66,0.234196245365465
13.84,216.66,0.2338288471442095
13.85,216.66,0.2334620264302571
13.86,216.66,0.2330957823140324
13.870000000000001,216.66,0.23273011388739562
13.88,216.66,0.23236502024363995
13.89,216.66,0.23200050047748963
13.9,216.66,0.23163655368509745
13.91,216.66,0.23127317896404248
13.92,216.66,0.23091037541332804
13.93,216.66,0.2305481421333792
13.94,216.66,0.23018647822604066
13.950000000000001,216.66,0.2298253827945745
13.96,216.66,0.2294648549436579
13.97,216.66,0.22910489377938087
13.98,216.66,0.22874549840924419
13.99,216.66,0.22838666794215692
14.0,216.66,0.2280284014884344
14.01,216.66,0.2276706981597959
14.02,216.66,0.2273135570693625
14.030000000000001,216.66,0.22695697733165468
14.040000000000003,216.66,0.2266009580625903
14.05,216.66,0.2262454983794825
14.06,216.66,0.22589059740103698
14.07,216.66,0.2255362542473503
14.08,216.66,0.2251824680399077
14.09,216.66,0.2248292379015805
14.1,216.66,0.22447656295662413
14.11,216.66,0.22412444233067608
14.120000000000001,216.66,0.22377287515075342
14.13,216.66,0.22342186054525098
14.14,216.66,0.2230713976439388
14.15,216.66,0.22272148557796018
14.16,216.66,0.2223721234798295
14.17,216.66,0.22202331048342988
14.18,216.66,0.22167504572401134
14.19,216.66,0.22132732833818825
14.200000000000001,216.66,0.22098015746393748
14.21,216.66,0.22063353224059604
14.22,216.66,0.22028745180885906
14.23,216.66,0.21994191531077767
14.24,216.66,0.21959692188975669
14.25,216.66,0.21925247069055262
14.26,216.66,0.21890856085927154
14.27,216.66,0.21856519154336676
14.280000000000001,216.66,0.218222361891637
14.290000000000003,216.66,0.21788007105422394
14.3,216.66,0.21753831818261044
14.31,216.66,0.21719710242961804
14.32,216.66,0.21685642294940516
14.33,216.66,0.21651627889746486
14.34,216.66,0.21617666943062272
14.35,216.66,0.2158375937070347
14.36,216.66,0.21549905088618518
14.370000000000001,216.66,0.21516104012888468
14.38,216.66,0.21482356059726793
14.39,216.66,0.21448661145479156
14.4,216.66,0.21415019186623235
14.41,216.66,0.21381430099768475
14.42,216.66,0.2134789380165591
14.43,216.66,0.2131441020915794
14.44,216.66,0.21280979239278122
14.450000000000001,216.66,0.21247600809150974
14.46,216.66,0.2121427483604176
14.47,216.66,0.21181001237346286
14.48,216.66,0.2114777993059069
14.49,216.66,0.2111461083343123
14.5,216.66,0.21081493863654105
14.51,216.66,0.2104842893917522
14.52,216.66,0.21015415978039992
14.530000000000001,216.66,0.20982454898423145
14.540000000000003,216.66,0.20949545618628515
14.55,216.66,0.2091668805708882
14.56,216.66,0.2088388213236548
14.57,216.66,0.20851127763148428
14.58,216.66,0.20818424868255855
14.59,216.66,0.20785773366634036
14.6,216.66,0.20753173177357165
14.61,216.66,0.2072062421962709
14.620000000000001,216.66,0.20688126412773136
14.63,216.66,0.20655679676251917
14.64,216.66,0.20623283929647115
14.65,216.66,0.20590939092669297
14.66,216.66,0.20558645085155688
14.67,216.66,0.2052640182707001
14.68,216.66,0.20494209238502253
14.69,216.66,0.20462067239668458
14.700000000000001,216.66,0.20429975750910587
14.71,216.66,0.2039793469269624
14.72,216.66,0.20365943985618512
14.73,216.66,0.2033400355039577
14.74,216.66,0.20302113307871475
14.75,216.66,0.20270273179013967
14.76,216.66,0.20238483084916253
14.77,216.66,0.20206742946795864
14.780000000000001,216.66,0.20175052685994604
14.790000000000003,216.66,0.20143412223978374
14.8,216.66,0.20111821482336975
14.81,216.66,0.2008028038278392
14.82,216.66,0.20048788847156215
14.83,216.66,0.20017346797414204
14.84,216.66,0.19985954155641322
14.85,216.66,0.1995461084404395
14.86,216.66,0.1992331678495118
14.870000000000001,216.66,0.1989207190081466
14.88,216.66,0.19860876114208367
14.89,216.66,0.19829729347828426
14.9,216.66,0.19798631524492913
14.91,216.66,0.19767582567141687
14.92,216.66,0.19736582398836153
14.93,216.66,0.19705630942759117
14.94,216.66,0.19674728122214552
14.950000000000001,216.66,0.19643873860627434
14.96,216.66,0.19613068081543536
14.97,216.66,0.19582310708629255
14.98,216.66,0.195516016656714
14.99,216.66,0.19520940876577017
15.0,216.66,0.1949032826537319
15.01,216.66,0.19459763756206852
15.02,216.66,0.19429247273344613
15.030000000000001,216.66,0.19398778741172532
15.040000000000003,216.66,0.1936835808419597
15.05,216.66,0.19337985227039378
15.06,216.66,0.19307660094446116
15.07,216.66,0.19277382611278257
15.08,216.66,0.19247152702516426
15.09,216.66,0.19216970293259555
15.1,216.66,0.19186835308724778
15.11,216.66,0.1915674767424716
15.120000000000001,216.66,0.19126707315279573
15.13,216.66,0.19096714157392486
15.14,216.66,0.19066768126273773
15.15,216.66,0.19036869147728538
15.16,216.66,0.19007017147678923
15.17,216.66,0.1897721205216393
15.18,216.66,0.18947453787339227
15.19,216.66,0.18917742279476973
15.200000000000001,216.66,0.18888077454965643
15.21,216.66,0.18858459240309797
15.22,216.66,0.18828887562129973
15.23,216.66,0.18799362347162424
15.24,216.66,0.18769883522258995
15.25,216.66,0.1874045101438691
15.26,216.66,0.18711064750628603
15.27,216.66,0.18681724658181517
15.280000000000001,216.66,0.18652430664357958
15.290000000000003,216.66,0.18623182696584867
15.3,216.66,0.18593980682403674
15.31,216.66,0.18564824549470102
15.32,216.66,0.1853571422555401
15.33,216.66,0.18506649638539155
15.34,216.66,0.1847763071642308
15.35,216.66,0.1844865738731689
15.36,216.66,0.18419729579445104
15.370000000000001,216.66,0.1839084722114544
15.38,216.66,0.1836201024086865
15.39,216.66,0.1833321856717836
15.4,216.66,0.18304472128750884
15.41,216.66,0.1827577085437501
15.42,216.66,0.18247114672951883
15.43,216.66,0.18218503513494777
15.44,216.66,0.18189937305128936
15.450000000000001,216.66,0.1816141597709141
15.46,216.66,0.18132939458730862
15.47,216.66,0.18104507679507384
15.48,216.66,0.18076120568992343
15.49,216.66,0.180477780568682
15.5,216.66,0.18019480072928312
15.51,216.66,0.17991226547076788
15.52,216.66,0.179630174093283
15.530000000000001,216.66,0.1793485258980789
15.540000000000003,216.66,0.17906732018750837
15.55,216.66,0.17878655626502443
15.56,216.66,0.17850623343517888
15.57,216.66,0.1782263510036203
15.58,216.66,0.17794690827709259
15.59,216.66,0.17766790456343295
15.6,216.66,0.17738933917157043
15.610000000000001,216.66,0.17711121141152406
15.620000000000001,216.66,0.17683352059440113
15.63,216.66,0.17655626603239546
15.64,216.66,0.17627944703878579
15.65,216.66,0.17600306292793383
15.66,216.66,0.1757271130152829
15.67,216.66,0.1754515966173559
15.68,216.66,0.17517651305175383
15.69,216.66,0.17490186163715377
15.700000000000001,216.66,0.17462764169330766
15.71,216.66,0.17435385254104016
15.72,216.66,0.17408049350224725
15.73,216.66,0.17380756389989427
15.74,216.66,0.1735350630580145
15.75,216.66,0.17326299030170733
15.76,216.66,0.17299134495713664
15.77,216.66,0.17272012635152886
15.780000000000001,216.66,0.17244933381317173
15.790000000000003,216.66,0.1721789666714124
15.8,216.66,0.1719090242566555
15.81,216.66,0.17163950590036206
15.82,216.66,0.1713704109350473
15.83,216.66,0.1711017386942791
15.84,216.66,0.17083348851267663
15.85,216.66,0.17056565972590826
15.860000000000001,216.66,0.17029825167069026
15.870000000000001,216.66,0.17003126368478486
15.88,216.66,0.16976469510699874
15.89,216.66,0.1694985452771815
15.9,216.66,0.16923281353622366
15.91,216.66,0.16896749922605542
15.92,216.66,0.16870260168964474
15.93,216.66,0.16843812027099578
15.94,216.66,0.1681740543151473
15.950000000000001,216.66,0.16791040316817096
15.96,216.66,0.16764716617716982
15.97,216.66,0.1673843426902765
15.98,216.66,0.1671219320566517
15.99,216.66,0.16685993362648263
16.0,216.66,0.16659834675098115
16.01,216.66,0.1663371707823824
16.02,216.66,0.16607640507394306
16.03,216.66,0.16581604897993976
16.04,216.66,0.16555610185566746
16.05,216.66,0.16529656305743792
16.06,216.66,0.16503743194257797
16.07,216.66,0.16477870786942775
16.080000000000002,216.66,0.16452039019733972
16.09,216.66,0.1642624782866764
16.1,216.66,0.1640049714988091
16.11,216.66,0.16374786919611622
16.12,216.66,0.1634911707419818
16.13,216.66,0.16323487550079369
16.14,216.66,0.16297898283794204
16.15,216.66,0.16272349211981815
16.16,216.66,0.16246840271381202
16.17,216.66,0.16221371398831164
16.18,216.66,0.16195942531270094
16.19,216.66,0.16170553605735824
16.2,216.66,0.16145204559365478
16.21,216.66,0.1611989532939532
16.22,216.66,0.16094625853160588
16.23,216.66,0.16069396068095318
16.240000000000002,216.66,0.1604420591173225
16.25,216.66,0.16019055321702605
16.26,216.66,0.15993944235735957
16.27,216.66,0.1596887259166008
16.28,216.66,0.15943840327400796
16.29,216.66,0.15918847380981802
16.3,216.66,0.15893893690524533
16.31,216.66,0.15868979194248006
16.32,216.66,0.15844103830468642
16.330000000000002,216.66,0.1581926753760016
16.34,216.66,0.15794470254153373
16.35,216.66,0.15769711918736065
16.36,216.66,0.1574499247005283
16.37,216.66,0.1572031184690491
16.38,216.66,0.1569566998819006
16.39,216.66,0.1567106683290237
16.4,216.66,0.15646502320132152
16.41,216.66,0.1562197638906575
16.42,216.66,0.15597488978985405
16.43,216.66,0.15573040029269095
16.44,216.66,0.15548629479390408
16.45,216.66,0.1552425726891836
16.46,216.66,0.15499923337517252
16.47,216.66,0.15475627624946534
16.48,216.66,0.15451370071060633
16.490000000000002,216.66,0.15427150615808846
16.5,216.66,0.15402969199235134
16.51,216.66,0.15378825761477988
16.52,216.66,0.15354720242770317
16.53,216.66,0.15330652583439255
16.54,216.66,0.1530662272390604
16.55,216.66,0.1528263060468583
16.56,216.66,0.15258676166387597
16.57,216.66,0.15234759349713964
16.580000000000005,216.66,0.15210880095461052
16.59,216.66,0.15187038344518317
16.6,216.66,0.15163234037868442
16.61,216.66,0.15139467116587138
16.62,216.66,0.15115737521843053
16.63,216.66,0.15092045194897585
16.64,216.66,0.15068390077104757
16.65,216.66,0.15044772109911056
16.66,216.66,0.15021191234855286
16.67,216.66,0.1499764739356843
16.68,216.66,0.14974140527773522
16.69,216.66,0.14950670579285477
16.7,216.66,0.14927237490010933
16.71,216.66,0.1490384120194814
16.72,216.66,0.148804816571868
16.73,216.66,0.14857158797907924
16.740000000000002,216.66,0.1483387256638368
16.75,216.66,0.14810622904977272
16.76,216.66,0.14787409756142747
16.77,216.66,0.14764233062424914
16.78,216.66,0.14741092766459157
16.79,216.66,0.14717988810971316
16.8,216.66,0.14694921138777525
16.81,216.66,0.14671889692784085
16.82,216.66,0.14648894415987304
16.830000000000005,216.66,0.14625935251473374
16.84,216.66,0.1460301214241823
16.85,216.66,0.1458012503208737
16.86,216.66,0.14557273863835776
16.87,216.66,0.14534458581107706
16.88,216.66,0.14511679127436616
16.89,216.66,0.14488935446444973
16.9,216.66,0.14466227481844135
16.91,216.66,0.144435551774342
16.92,216.66,0.14420918477103875
16.93,216.66,0.14398317324830343
16.94,216.66,0.14375751664679096
16.95,216.66,0.14353221440803823
16.96,216.66,0.1433072659744626
16.97,216.66,0.14308267078936046
16.98,216.66,0.14285842829690598
16.990000000000002,216.66,0.14263453794214934
17.0,216.66,0.14241099917101624
17.01,216.66,0.1421878114303054
17.02,216.66,0.14196497416768777
17.03,216.66,0.14174248683170523
17.04,216.66,0.1415203488717691
17.05,216.66,0.1412985597381585
17.06,216.66,0.14107711888201951
17.07,216.66,0.14085602575536318
17.080000000000005,216.66,0.1406352798110647
17.09,216.66,0.14041488050286188
17.1,216.66,0.14019482728535346
17.11,216.66,0.13997511961399833
17.12,216.66,0.1397557569451136
17.13,216.66,0.1395367387358737
17.14,216.66,0.13931806444430866
17.150000000000002,216.66,0.139099733529303
17.16,216.66,0.13888174545059448
17.17,216.66,0.13866409966877227
17.18,216.66,0.13844679564527618
17.19,216.66,0.13822983284239485
17.2,216.66,0.13801321072326467
17.21,216.66,0.13779692875186855
17.22,216.66,0.13758098639303415
17.23,216.66,0.13736538311243307
17.240000000000002,216.66,0.137150118376579
17.25,216.66,0.13693519165282683
17.26,216.66,0.13672060240937117
17.27,216.66,0.13650635011524484
17.28,216.66,0.13629243424031767
17.29,216.66,0.1360788542552955
17.3,216.66,0.1358656096317182
17.31,216.66,0.13565269984195893
17.32,216.66,0.1354401243592227
17.330000000000005,216.66,0.13522788265754465
17.34,216.66,0.1350159742117894
17.35,216.66,0.13480439849764914
17.36,216.66,0.1345931549916427
17.37,216.66,0.13438224317111416
17.38,216.66,0.1341716625142315
17.39,216.66,0.13396141249998514
17.400000000000002,216.66,0.13375149260818692
17.41,216.66,0.13354190231946894
17.42,216.66,0.1333326411152816
17.43,216.66,0.13312370847789284
17.44,216.66,0.13291510389038705
17.45,216.66,0.13270682683666302
17.46,216.66,0.13249887680143344
17.47,216.66,0.13229125327022306
17.48,216.66,0.13208395572936774
17.490000000000002,216.66,0.1318769836660128
17.5,216.66,0.13167033656811253
17.51,216.66,0.13146401392442775
17.52,216.66,0.1312580152245256
17.53,216.66,0.13105233995877758
17.54,216.66,0.1308469876183586
17.55,216.66,0.1306419576952457
17.56,216.66,0.13043724968221662
17.57,216.66,0.1302328630728488
17.580000000000005,216.66,0.13002879736151765
17.59,216.66,0.1298250520433959
17.6,216.66,0.12962162661445176
17.61,216.66,0.12941852057144826
17.62,216.66,0.1292157334119413
17.63,216.66,0.12901326463427915
17.64,216.66,0.1288111137376004
17.650000000000002,216.66,0.1286092802218335
17.66,216.66,0.12840776358769498
17.67,216.66,0.12820656333668828
17.68,216.66,0.12800567897110274
17.69,216.66,0.12780510999401218
17.7,216.66,0.12760485590927365
17.71,216.66,0.12740491622152628
17.72,216.66,0.12720529043618983
17.73,216.66,0.1270059780594639
17.740000000000002,216.66,0.12680697859832624
17.75,216.66,0.126608291560532
17.76,216.66,0.12640991645461155
17.77,216.66,0.12621185278987065
17.78,216.66,0.12601410007638816
17.79,216.66,0.12581665782501494
17.8,216.66,0.12561952554737338
17.81,216.66,0.12542270275585507
17.82,216.66,0.12522618896362056
17.830000000000005,216.66,0.12502998368459753
17.84,216.66,0.12483408643347993
17.85,216.66,0.12463849672572648
17.86,216.66,0.12444321407755976
17.87,216.66,0.1242482380059647
17.88,216.66,0.12405356802868775
17.89,216.66,0.12385920366423527
17.900000000000002,216.66,0.12366514443187247
17.91,216.66,0.1234713898516226
17.92,216.66,0.123277939444265
17.93,216.66,0.12308479273133463
17.94,216.66,0.12289194923512031
17.95,216.66,0.12269940847866412
17.96,216.66,0.12250716998575947
17.97,216.66,0.12231523328095065
17.98,216.66,0.12212359788953116
17.990000000000002,216.66,0.12193226333754262
18.0,216.66,0.12174122915177396
18.01,216.66,0.12155049485975958
18.02,216.66,0.12136005998977871
18.03,216.66,0.12116992407085386
18.04,216.66,0.12098008663275019
18.05,216.66,0.12079054720597358
18.06,216.66,0.12060130532177012
18.07,216.66,0.1204123605121245
18.080000000000005,216.66,0.12022371230975919
18.09,216.66,0.12003536024813315
18.1,216.66,0.11984730386144031
18.11,216.66,0.11965954268460914
18.12,216.66,0.11947207625330067
18.13,216.66,0.11928490410390809
18.14,216.66,0.11909802577355512
18.150000000000002,216.66,0.1189114408000947
18.16,216.66,0.11872514872210875
18.17,216.66,0.11853914907890568
18.18,216.66,0.11835344141052052
18.19,216.66,0.11816802525771276
18.2,216.66,0.11798290016196605
18.21,216.66,0.1177980656654862
18.22,216.66,0.11761352131120104
18.23,216.66,0.11742926664275823
18.240000000000002,216.66,0.11724530120452487
18.25,216.66,0.1170616245415862
18.26,216.66,0.11687823619974423
18.27,216.66,0.11669513572551675
18.28,216.66,0.1165123226661363
18.29,216.66,0.11632979656954902
18.3,216.66,0.11614755698441326
18.31,216.66,0.11596560346009892
18.32,216.66,0.11578393554668576
18.330000000000005,216.66,0.11560255279496277
18.34,216.66,0.11542145475642696
18.35,216.66,0.1152406409832819
18.36,216.66,0.1150601110284369
18.37,216.66,0.11487986444550602
18.38,216.66,0.11469990078880665
18.39,216.66,0.11452021961335841
18.400000000000002,216.66,0.11434082047488237
18.41,216.66,0.11416170292979977
18.42,216.66,0.11398286653523063
18.43,216.66,0.113804310848993
18.44,216.66,0.1136260354296018
18.45,216.66,0.11344803983626778
18.46,216.66,0.11327032362889602
18.47,216.66,0.11309288636808534
18.48,216.66,0.11291572761512696
18.490000000000002,216.66,0.11273884693200338
18.5,216.66,0.11256224388138748
18.51,216.66,0.11238591802664118
18.52,216.66,0.11220986893181437
18.53,216.66,0.11203409616164413
18.54,216.66,0.11185859928155333
18.55,216.66,0.11168337785764972
18.56,216.66,0.1115084314567247
18.57,216.66,0.11133375964625235
18.580000000000005,216.66,0.11115936199438828
18.59,216.66,0.11098523806996884
18.6,216.66,0.1108113874425095
18.61,216.66,0.1106378096822041
18.62,216.66,0.11046450435992408
18.63,216.66,0.11029147104721672
18.64,216.66,0.11011870931630463
18.650000000000002,216.66,0.1099462187400845
18.66,216.66,0.10977399889212609
18.67,216.66,0.10960204934667085
18.68,216.66,0.10943036967863139
18.69,216.66,0.10925895946359
18.7,216.66,0.10908781827779788
18.71,216.66,0.10891694569817381
18.72,216.66,0.10874634130230333
18.73,216.66,0.1085760046684375
18.740000000000002,216.66,0.10840593537549202
18.75,216.66,0.10823613300304612
18.76,216.66,0.10806659713134141
18.77,216.66,0.10789732734128095
18.78,216.66,0.10772832321442813
18.79,216.66,0.10755958433300579
18.8,216.66,0.10739111027989495
18.81,216.66,0.10722290063863392
18.82,216.66,0.10705495499341722
18.830000000000005,216.66,0.10688727292909447
18.84,216.66,0.10671985403116972
18.85,216.66,0.10655269788579982
18.86,216.66,0.1063858040797937
18.87,216.66,0.10621917220061147
18.88,216.66,0.10605280183636326
18.89,216.66,0.10588669257580823
18.900000000000002,216.66,0.10572084400835326
18.91,216.66,0.10555525572405257
18.92,216.66,0.10538992731360596
18.93,216.66,0.10522485836835828
18.94,216.66,0.1050600484802983
18.95,216.66,0.10489549724205759
18.96,216.66,0.10473120424690958
18.97,216.66,0.10456716908876867
18.98,216.66,0.10440339136218886
18.990000000000002,216.66,0.10423987066236315
19.0,216.66,0.1040766065851224
19.01,216.66,0.10391359872693404
19.02,216.66,0.10375084668490156
19.03,216.66,0.10358835005676299
19.04,216.66,0.10342610844089035
19.05,216.66,0.1032641214362885
19.06,216.66,0.10310238864259386
19.07,216.66,0.10294090966007377
19.080000000000005,216.66,0.10277968408962548
19.09,216.66,0.10261871153277494
19.1,216.66,0.10245799159167583
19.11,216.66,0.10229752386910884
19.12,216.66,0.10213730796848032
19.13,216.66,0.10197734349382159
19.14,216.66,0.10181763004978785
19.150000000000002,216.66,0.10165816724165695
19.16,216.66,0.10149895467532896
19.17,216.66,0.10133999195732465
19.18,216.66,0.1011812786947847
19.19,216.66,0.1010228144954689
19.2,216.66,0.1008645989677548
19.21,216.66,0.10070663172063717
19.22,216.66,0.10054891236372666
19.23,216.66,0.10039144050724903
19.240000000000002,216.66,0.10023421576204408
19.25,216.66,0.1000772377395648
19.26,216.66,0.09992050605187625
19.27,216.66,0.09976402031165468
19.28,216.66,0.09960778013218653
19.29,216.66,0.09945178512736755
19.3,216.66,0.0992960349117018
19.31,216.66,0.09914052910030058
19.32,216.66,0.09898526730888157
19.330000000000005,216.66,0.09883024915376784
19.34,216.66,0.09867547425188711
19.35,216.66,0.09852094222077039
19.36,216.66,0.0983666526785513
19.37,216.66,0.09821260524396501
19.38,216.66,0.09805879953634751
19.39,216.66,0.09790523517563429
19.400000000000002,216.66,0.09775191178235963
19.41,216.66,0.0975988289776558
19.42,216.66,0.09744598638325166
19.43,216.66,0.09729338362147232
19.44,216.66,0.09714102031523751
19.45,216.66,0.09698889608806123
19.46,216.66,0.09683701056405054
19.47,216.66,0.09668536336790468
19.48,216.66,0.09653395412491406
19.490000000000002,216.66,0.09638278246095949
19.5,216.66,0.09623184800251113
19.51,216.66,0.09608115037662748
19.52,216.66,0.09593068921095464
19.53,216.66,0.09578046413372522
19.54,216.66,0.09563047477375762
19.55,216.66,0.09548072076045479
19.56,216.66,0.09533120172380372
19.57,216.66,0.09518191729437407
19.580000000000005,216.66,0.09503286710331751
19.59,216.66,0.09488405078236695
19.6,216.66,0.09473546796383522
19.61,216.66,0.09458711828061438
19.62,216.66,0.09443900136617486
19.63,216.66,0.09429111685456451
19.64,216.66,0.09414346438040765
19.650000000000002,216.66,0.09399604357890397
19.66,216.66,0.09384885408582817
19.67,216.66,0.09370189553752845
19.68,216.66,0.09355516757092588
19.69,216.66,0.09340866982351352
19.7,216.66,0.09326240193335547
19.71,216.66,0.09311636353908606
19.72,216.66,0.09297055427990862
19.73,216.66,0.09282497379559508
19.740000000000002,216.66,0.0926796217264846
19.75,216.66,0.09253449771348315
19.76,216.66,0.09238960139806195
19.77,216.66,0.09224493242225744
19.78,216.66,0.09210049042866955
19.79,216.66,0.09195627506046149
19.8,216.66,0.09181228596135832
19.81,216.66,0.09166852277564638
19.82,216.66,0.0915249851481725
19.830000000000005,216.66,0.09138167272434264
19.84,216.66,0.09123858515012159
19.85,216.66,0.0910957220720316
19.86,216.66,0.09095308313715189
19.87,216.66,0.09081066799311739
19.88,216.66,0.09066847628811826
19.89,216.66,0.09052650767089866
19.900000000000002,216.66,0.09038476179075614
19.91,216.66,0.09024323829754062
19.92,216.66,0.09010193684165352
19.93,216.66,0.089960857074047
19.94,216.66,0.08981999864622296
19.95,216.66,0.08967936121023229
19.96,216.66,0.08953894441867384
19.97,216.66,0.0893987479246938
19.98,216.66,0.08925877138198457
19.990000000000002,216.66,0.08911901444478405
20.0,216.66,0.08897947676787486
20.01,216.66,0.08884015800658322
20.02,216.66,0.08870105781677828
20.03,216.66,0.08856217585487138
20.04,216.66,0.08842351177781478
20.05,216.66,0.0882850652431013
20.06,216.66,0.08814683590876307
20.07,216.66,0.08800882343337103
20.080000000000005,216.66,0.08787102747603365
20.09,216.66,0.08773344769639661
20.1,216.66,0.08759608375464138
20.11,216.66,0.08745893531148484
20.12,216.66,0.0873220020281782
20.13,216.66,0.08718528356650629
20.14,216.66,0.08704877958878648
20.150000000000002,216.66,0.08691248975786815
20.16,216.66,0.08677641373713176
20.17,216.66,0.0866405511904877
20.18,216.66,0.08650490178237587
20.19,216.66,0.0863694651777647
20.2,216.66,0.08623424104215022
20.21,216.66,0.08609922904155541
20.22,216.66,0.08596442884252918
20.23,216.66,0.08582984011214562
20.240000000000002,216.66,0.08569546251800314
20.25,216.66,0.0855612957282239
20.26,216.66,0.08542733941145245
20.27,216.66,0.08529359323685544
20.28,216.66,0.08516005687412043
20.29,216.66,0.08502672999345535
20.3,216.66,0.08489361226558738
20.31,216.66,0.08476070336176242
20.32,216.66,0.08462800295374409
20.330000000000005,216.66,0.08449551071381294
20.34,216.66,0.08436322631476578
20.35,216.66,0.08423114942991458
20.36,216.66,0.08409927973308584
20.37,216.66,0.08396761689861988
20.38,216.66,0.08383616060136984
20.39,216.66,0.08370491051670087
20.400000000000002,216.66,0.08357386632048949
20.41,216.66,0.08344302768912272
20.42,216.66,0.08331239429949713
20.43,216.66,0.08318196582901813
20.44,216.66,0.08305174195559924
20.45,216.66,0.08292172235766128
20.46,216.66,0.08279190671413143
20.47,216.66,0.08266229470444257
20.48,216.66,0.08253288600853241
20.490000000000002,216.66,0.08240368030684263
20.5,216.66,0.08227467728031848
20.51,216.66,0.0821458766104072
20.52,216.66,0.0820172779790581
20.53,216.66,0.08188888106872122
20.54,216.66,0.08176068556234663
20.55,216.66,0.08163269114338384
20.56,216.66,0.08150489749578083
20.57,216.66,0.08137730430398318
20.580000000000005,216.66,0.0812499112529335
20.59,216.66,0.0811227180280708
20.6,216.66,0.08099572431532902
20.61,216.66,0.08086892980113701
20.62,216.66,0.08074233417241725
20.63,216.66,0.08061593711658534
20.64,216.66,0.08048973832154924
20.650000000000002,216.66,0.0803637374757081
20.66,216.66,0.08023793426795224
20.67,216.66,0.08011232838766133
20.68,216.66,0.07998691952470464
20.69,216.66,0.07986170736943964
20.7,216.66,0.0797366916127114
20.71,216.66,0.07961187194585201
20.72,216.66,0.07948724806067937
20.73,216.66,0.07936281964949689
20.740000000000002,216.66,0.0792385864050924
20.75,216.66,0.07911454802073774
20.76,216.66,0.07899070419018742
20.77,216.66,0.07886705460767837
20.78,216.66,0.07874359896792917
20.79,216.66,0.07862033696613882
20.8,216.66,0.07849726829798652
20.81,216.66,0.07837439265963067
20.82,216.66,0.07825170974770801
20.830000000000005,216.66,0.07812921925933304
20.84,216.66,0.0780069208920974
20.85,216.66,0.07788481434406858
20.86,216.66,0.07776289931378975
20.87,216.66,0.07764117550027878
20.88,216.66,0.07751964260302736
20.89,216.66,0.0773983003220005
20.900000000000002,216.66,0.07727714835763559
20.91,216.66,0.07715618641084183
20.92,216.66,0.07703541418299927
20.93,216.66,0.07691483137595821
20.94,216.66,0.07679443769203848
20.95,216.66,0.07667423283402858
20.96,216.66,0.0765542165051851
20.97,216.66,0.07643438840923175
20.98,216.66,0.07631474825035897
20.990000000000002,216.66,0.07619529573322274
21.0,216.66,0.07607603056294442
21.01,216.66,0.07595695244510929
21.02,216.66,0.07583806108576654
21.03,216.66,0.07571935619142804
21.04,216.66,0.07560083746906783
21.05,216.66,0.07548250462612142
21.06,216.66,0.07536435737048487
21.07,216.66,0.07524639541051428
21.080000000000005,216.66,0.07512861845502483
21.09,216.66,0.07501102621329048
21.1,216.66,0.07489361839504258
21.11,216.66,0.07477639471046976
21.12,216.66,0.07465935487021691
21.13,216.66,0.07454249858538459
21.14,216.66,0.07442582556752811
21.150000000000002,216.66,0.07430933552865705
21.16,216.66,0.07419302818123456
21.17,216.66,0.07407690323817624
21.18,216.66,0.07396096041284987
21.19,216.66,0.07384519941907454
21.2,216.66,0.07372961997112
21.21,216.66,0.07361422178370575
21.22,216.66,0.07349900457200052
21.23,216.66,0.07338396805162153
21.240000000000002,216.66,0.07326911193863368
21.25,216.66,0.07315443594954928
21.26,216.66,0.07303993980132634
21.27,216.66,0.07292562321136906
21.28,216.66,0.07281148589752633
21.29,216.66,0.07269752757809138
21.3,216.66,0.07258374797180096
21.31,216.66,0.0724701467978346
21.32,216.66,0.07235672377581402
21.330000000000005,216.66,0.07224347862580235
21.34,216.66,0.07213041106830365
21.35,216.66,0.07201752082426169
21.36,216.66,0.07190480761505985
21.37,216.66,0.07179227116252007
21.38,216.66,0.07167991118890238
21.39,216.66,0.07156772741690391
21.400000000000002,216.66,0.07145571956965843
21.41,216.66,0.0713438873707359
21.42,216.66,0.07123223054414103
21.43,216.66,0.07112074881431335
21.44,216.66,0.07100944190612621
21.45,216.66,0.07089830954488598
21.46,216.66,0.07078735145633168
21.47,216.66,0.07067656736663394
21.48,216.66,0.07056595700239475
21.490000000000002,216.66,0.07045552009064623
21.5,216.66,0.07034525635885056
21.51,216.66,0.0702351655348987
21.52,216.66,0.07012524734711024
21.53,216.66,0.07001550152423235
21.54,216.66,0.06990592779543933
21.55,216.66,0.06979652589033176
21.56,216.66,0.06968729553893609
21.57,216.66,0.06957823647170362
21.580000000000005,216.66,0.06946934841951008
21.59,216.66,0.06936063111365486
21.6,216.66,0.06925208428586048
21.61,216.66,0.06914370766827169
21.62,216.66,0.06903550099345496
21.63,216.66,0.06892746399439781
21.64,216.66,0.06881959640450809
21.650000000000002,216.66,0.0687118979576134
21.66,216.66,0.06860436838796026
21.67,216.66,0.06849700743021371
21.68,216.66,0.06838981481945637
21.69,216.66,0.068282790291188
21.7,216.66,0.06817593358132473
21.71,216.66,0.06806924442619837
21.72,216.66,0.06796272256255595
21.73,216.66,0.06785636772755878
21.740000000000002,216.66,0.06775017965878202
21.75,216.66,0.067644158094214
21.76,216.66,0.06753830277225538
21.77,216.66,0.06743261343171875
21.78,216.66,0.06732708981182783
21.79,216.66,0.06722173165221691
21.8,216.66,0.0671165386929301
21.81,216.66,0.06701151067442077
21.82,216.66,0.0669066473375508
21.830000000000005,216.66,0.06680194842359015
21.84,216.66,0.06669741367421587
21.85,216.66,0.06659304283151193
21.86,216.66,0.06648883563796801
21.87,216.66,0.06638479183647944
21.88,216.66,0.06628091117034604
21.89,216.66,0.06617719338327187
21.900000000000002,216.66,0.06607363821936445
21.91,216.66,0.06597024542313402
21.92,216.66,0.06586701473949307
21.93,216.66,0.06576394591375567
21.94,216.66,0.0656610386916367
21.95,216.66,0.06555829281925142
21.96,216.66,0.0654557080431147
21.97,216.66,0.06535328411014045
21.98,216.66,0.06525102076764089
21.990000000000002,216.66,0.06514891776332618
22.0,216.66,0.06504697484530346
22.01,216.66,0.06494519176207639
22.02,216.66,0.06484356826254462
22.03,216.66,0.06474210409600292
22.04,216.66,0.06464079901214084
22.05,216.66,0.06453965276104182
22.06,216.66,0.06443866509318276
22.07,216.66,0.06433783575943335
22.080000000000005,216.66,0.06423716451105536
22.09,216.66,0.06413665109970214
22.1,216.66,0.06403629527741803
22.11,216.66,0.06393609679663745
22.12,216.66,0.06383605541018478
22.13,216.66,0.06373617087127326
22.14,216.66,0.06363644293350466
22.150000000000002,216.66,0.06353687135086868
22.16,216.66,0.06343745587774205
22.17,216.66,0.0633381962688883
22.18,216.66,0.06323909227945694
22.19,216.66,0.06314014366498281
22.2,216.66,0.06304135018138561
22.21,216.66,0.06294271158496921
22.22,216.66,0.06284422763242102
22.23,216.66,0.06274589808081149
22.240000000000002,216.66,0.06264772268759347
22.25,216.66,0.06254970121060147
22.26,216.66,0.06245183340805119
22.27,216.66,0.06235411903853903
22.28,216.66,0.062256557861041235
22.29,216.66,0.06215914963491339
22.3,216.66,0.062061894119889965
22.31,216.66,0.06196479107608349
22.32,216.66,0.06186784026398419
22.330000000000005,216.66,0.0617710414444591
22.34,216.66,0.06167439437875182
22.35,216.66,0.0615778988284816
22.36,216.66,0.061481554555643025
22.37,216.66,0.06138536132260517
22.38,216.66,0.061289318892111165
22.39,216.66,0.06119342702727754
22.400000000000002,216.66,0.061097685491593806
22.41,216.66,0.061002094048921485
22.42,216.66,0.06090665246349396
22.43,216.66,0.06081136049991561
22.44,216.66,0.06071621792316132
22.45,216.66,0.060621224498575856
22.46,216.66,0.06052637999187336
22.47,216.66,0.060431684169136655
22.48,216.66,0.06033713679681676
22.490000000000002,216.66,0.06024273764173231
22.5,216.66,0.060148486471068796
22.51,216.66,0.06005438305237837
22.52,216.66,0.0599604271535788
22.53,216.66,0.05986661854295319
22.54,216.66,0.05977295698914943
22.55,216.66,0.059679442261179376
22.56,216.66,0.059586074128418556
22.57,216.66,0.05949285236060536
22.580000000000005,216.66,0.05939977672784067
22.59,216.66,0.059306847000587075
22.6,216.66,0.059214062949668564
22.61,216.66,0.059121424346269644
22.62,216.66,0.05902893096193505
22.63,216.66,0.058936582568569096
22.64,216.66,0.058844378938434944
22.650000000000002,216.66,0.058752319844154265
22.66,216.66,0.05866040505870656
22.67,216.66,0.05856863435542863
22.68,216.66,0.05847700750801391
22.69,216.66,0.05838552429051213
22.7,216.66,0.058294184477328495
22.71,216.66,0.05820298784322337
22.72,216.66,0.05811193416331142
22.73,216.66,0.05802102321306142
22.740000000000002,216.66,0.05793025476829536
22.75,216.66,0.05783962860518812
22.76,216.66,0.05774914450026678
22.77,216.66,0.057658802230410124
22.78,216.66,0.057568601572848065
22.79,216.66,0.05747854230516108
22.8,216.66,0.05738862420527977
22.81,216.66,0.05729884705148408
22.82,216.66,0.05720921062240295
22.830000000000005,216.66,0.05711971469701368
22.84,216.66,0.05703035905464145
22.85,216.66,0.056941143474958655
22.86,216.66,0.056852067737984374
22.87,216.66,0.05676313162408406
22.88,216.66,0.05667433491396858
22.89,216.66,0.056585677388693995
22.900000000000002,216.66,0.05649715882966096
22.91,216.66,0.05640877901861407
22.92,216.66,0.05632053773764136
22.93,216.66,0.056232434769173875
22.94,216.66,0.05614446989598499
22.95,216.66,0.0560566429011899
22.96,216.66,0.055968953568245126
22.97,216.66,0.05588140168094801
22.98,216.66,0.05579398702343598
22.990000000000002,216.66,0.05570670938018627
23.0,216.66,0.05561956853601525
23.01,216.66,0.05553256427607784
23.02,216.66,0.05544569638586718
23.03,216.66,0.05535896465121384
23.04,216.66,0.05527236885828546
23.05,216.66,0.05518590879358618
23.06,216.66,0.05509958424395603
23.07,216.66,0.05501339499657057
23.080000000000005,216.66,0.05492734083894019
23.09,216.66,0.05484142155890967
23.1,216.66,0.05475563694465765
23.11,216.66,0.054669986784696034
23.12,216.66,0.05458447086786961
23.13,216.66,0.05449908898335538
23.14,216.66,0.054413840920662045
23.150000000000002,216.66,0.05432872646962962
23.16,216.66,0.05424374542042874
23.17,216.66,0.05415889756356029
23.18,216.66,0.05407418268985477
23.19,216.66,0.053989600590471816
23.2,216.66,0.05390515105689966
23.21,216.66,0.053820833880954676
23.22,216.66,0.053736648854780814
23.23,216.66,0.05365259577084909
23.240000000000002,216.66,0.05356867442195702
23.25,216.66,0.05348488460122827
23.26,216.66,0.05340122610211192
23.27,216.66,0.053317698718382045
23.28,216.66,0.053234302244137346
23.29,216.66,0.053151036473800414
23.3,216.66,0.05306790120211728
23.31,216.66,0.05298489622415705
23.32,216.66,0.05290202133531116
23.330000000000005,216.66,0.052819276331293095
23.34,216.66,0.05273666100813775
23.35,216.66,0.052654175162200924
23.36,216.66,0.052571818590158824
23.37,216.66,0.05248959108900765
23.38,216.66,0.052407492456062965
23.39,216.66,0.05232552248895927
23.400000000000002,216.66,0.05224368098564946
23.41,216.66,0.052161967744404326
23.42,216.66,0.05208038256381211
23.43,216.66,0.05199892524277793
23.44,216.66,0.05191759558052331
23.45,216.66,0.05183639337658565
23.46,216.66,0.051755318430817876
23.47,216.66,0.05167437054338766
23.48,216.66,0.05159354951477724
23.490000000000002,216.66,0.05151285514578266
23.5,216.66,0.0514322872375135
23.51,216.66,0.05135184559139218
23.52,216.66,0.05127153000915358
23.53,216.66,0.05119134029284457
23.54,216.66,0.05111127624482342
23.55,216.66,0.051031337667759365
23.56,216.66,0.05095152436463217
23.57,216.66,0.050871836138731495
23.580000000000005,216.66,0.0507922727936566
23.59,216.66,0.05071283413331564
23.6,216.66,0.050633519961925375
23.61,216.66,0.050554330084010585
23.62,216.66,0.05047526430440353
23.63,216.66,0.050396322428243656
23.64,216.66,0.05031750426097682
23.650000000000002,216.66,0.05023880960835513
23.66,216.66,0.050160238276436245
23.67,216.66,0.050081790071582935
23.68,216.66,0.05000346480046265
23.69,216.66,0.04992526227004699
23.7,216.66,0.04984718228761128
23.71,216.66,0.04976922466073398
23.72,216.66,0.0496913891972964
23.73,216.66,0.04961367570548202
23.740000000000002,216.66,0.049536083993776105
23.75,216.66,0.04945861387096523
23.76,216.66,0.04938126514613685
23.77,216.66,0.04930403762867869
23.78,216.66,0.049226931128278424
23.79,216.66,0.049149945454923134
23.8,216.66,0.049073080418898754
23.81,216.66,0.04899633583078979
23.82,216.66,0.0489197115014787
23.830000000000005,216.66,0.04884320724214546
23.84,216.66,0.04876682286426712
23.85,216.66,0.048690558179617295
23.86,216.66,0.04861441300026572
23.87,216.66,0.048538387138577783
23.88,216.66,0.048462480407214126
23.89,216.66,0.04838669261912996
23.900000000000002,216.66,0.04831102358757497
23.91,216.66,0.04823547312609248
23.92,216.66,0.04816004104851916
23.93,216.66,0.048084727168984584
23.94,216.66,0.048009531301910706
23.95,216.66,0.04793445326201145
23.96,216.66,0.04785949286429224
23.97,216.66,0.04778464992404946
23.98,216.66,0.04770992425687012
23.990000000000002,216.66,0.04763531567863135
24.0,216.66,0.04756082400549986
24.01,216.66,0.04748644905393164
24.02,216.66,0.047412190640671356
24.03,216.66,0.047338048582752
24.04,216.66,0.04726402269749435
24.05,216.66,0.047190112802506644
24.060000000000002,216.66,0.04711631871568393
24.07,216.66,0.04704264025520781
24.080000000000005,216.66,0.04696907723954588
24.09,216.66,0.04689562948745129
24.1,216.66,0.04682229681796237
24.11,216.66,0.04674907905040203
24.12,216.66,0.046675976004377465
24.13,216.66,0.046602987499779626
24.14,216.66,0.04653011335678274
24.150000000000002,216.66,0.046457353395844024
24.16,216.66,0.046384707437703045
24.17,216.66,0.04631217530338138
24.18,216.66,0.04623975681418211
24.19,216.66,0.046167451791689504
24.2,216.66,0.04609526005776838
24.21,216.66,0.04602318143456389
24.22,216.66,0.045951215744500826
24.23,216.66,0.04587936281028342
24.240000000000002,216.66,0.04580762245489475
24.25,216.66,0.04573599450159637
24.26,216.66,0.0456644787739278
24.27,216.66,0.04559307509570614
24.28,216.66,0.0455217832910257
24.29,216.66,0.04545060318425745
24.3,216.66,0.045379534600048524
24.310000000000002,216.66,0.04530857736332209
24.32,216.66,0.04523773129927653
24.330000000000005,216.66,0.04516699623338523
24.34,216.66,0.045096371991396184
24.35,216.66,0.04502585839933142
24.36,216.66,0.04495545528348657
24.37,216.66,0.044885162470430603
24.38,216.66,0.044814979787005244
24.39,216.66,0.04474490706032456
24.400000000000002,216.66,0.04467494411777459
24.41,216.66,0.04460509078701291
24.42,216.66,0.044535346895968095
24.43,216.66,0.04446571227283948
24.44,216.66,0.044396186746096536
24.45,216.66,0.04432677014447865
24.46,216.66,0.04425746229699446
24.47,216.66,0.04418826303292167
24.48,216.66,0.04411917218180644
24.490000000000002,216.66,0.04405018957346308
24.5,216.66,0.043981315037973555
24.51,216.66,0.043912548405687125
24.52,216.66,0.04384388950721987
24.53,216.66,0.04377533817345431
24.54,216.66,0.04370689423553896
24.55,216.66,0.04363855752488788
24.560000000000002,216.66,0.04357032787318034
24.57,216.66,0.043502205112360345
24.580000000000005,216.66,0.043434189074636274
24.59,216.66,0.04336627959248029
24.6,216.66,0.04329847649862818
24.61,216.66,0.043230779626078776
24.62,216.66,0.04316318880809352
24.63,216.66,0.04309570387819621
24.64,216.66,0.04302832467017237
24.650000000000002,216.66,0.04296105101806908
24.66,216.66,0.042893882756194275
24.67,216.66,0.04282681971911668
24.68,216.66,0.042759861741665
24.69,216.66,0.04269300865892792
24.7,216.66,0.042626260306253376
24.71,216.66,0.042559616519248354
24.72,216.66,0.04249307713377827
24.73,216.66,0.04242664198596684
24.740000000000002,216.66,0.04236031091219541
24.75,216.66,0.04229408374910269
24.76,216.66,0.04222796033358436
24.77,216.66,0.0421619405027926
24.78,216.66,0.04209602409413569
24.79,216.66,0.042030210945277674
24.8,216.66,0.041964500894137835
24.810000000000002,216.66,0.04189889377889047
24.82,216.66,0.041833389437964295
24.830000000000005,216.66,0.041767987710042205
24.84,216.66,0.041702688434060754
24.85,216.66,0.0416374914492098
24.86,216.66,0.04157239659493217
24.87,216.66,0.04150740371092318
24.88,216.66,0.041442512637130204
24.89,216.66,0.04137772321375238
24.900000000000002,216.66,0.041313035281240196
24.91,216.66,0.04124844868029498
24.92,216.66,0.041183963251868703
24.93,216.66,0.04111957883716334
24.94,216.66,0.04105529527763073
24.95,216.66,0.04099111241497194
24.96,216.66,0.04092703009113709
24.97,216.66,0.04086304814832478
24.98,216.66,0.040799166428981834
24.990000000000002,216.66,0.04073538477580283
25.0,216.66,0.04073538477580283
25.01,216.6901030274709,0.04066605745470734
25.02,216.72020596091622,0.04059685794317964
25.03,216.7503088003364,0.04052778598752242
25.04,216.78041154573185,0.04045884133457786
25.05,216.81051419710306,0.0403900237317263
25.060000000000002,216.84061675445042,0.04032133292688506
25.07,216.87071921777442,0.040252768668507063
25.080000000000005,216.90082158707546,0.04018433070557996
25.09,216.930923862354,0.04011601878762442
25.1,216.9610260436105,0.04004783266469362
25.11,216.99112813084537,0.03997977208737131
25.12,217.02123012405906,0.03991183680677094
25.13,217.051332023252,0.03984402657453467
25.14,217.08143382842465,0.039776341142831836
25.150000000000002,217.11153553957743,0.039708780264357785
25.16,217.1416371567108,0.03964134369233288
25.17,217.1717386798252,0.03957403118050109
25.18,217.20184010892106,0.03950684248312926
25.19,217.2319414439988,0.03943977735500526
25.2,217.26204268505893,0.039372835551437134
25.21,217.2921438321018,0.03930601682825205
25.22,217.3222448851279,0.039239320941795094
25.23,217.3523458441377,0.03917274764892769
25.240000000000002,217.38244670913156,0.039106296707027186
25.25,217.41254748011,0.03903996787398482
25.26,217.4426481570734,0.03897376090820529
25.27,217.4727487400222,0.03890767556860523
25.28,217.50284922895693,0.038841711614611855
25.29,217.53294962387795,0.03877586880616243
25.3,217.5630499247857,0.03871014690370273
25.310000000000002,217.59315013168066,0.03864454566818561
25.32,217.62325024456322,0.038579064861070586
25.330000000000005,217.65335026343388,0.03851370424432176
25.34,217.68345018829302,0.038448463580407696
25.35,217.71355001914114,0.038383342632299484
25.36,217.74364975597862,0.0383183411634701
25.37,217.77374939880596,0.038253458937892656
25.38,217.80384894762355,0.038188695720040314
25.39,217.83394840243187,0.03812405127488402
25.400000000000002,217.86404776323133,0.0380595253678922
25.41,217.8941470300224,0.03799511776502912
25.42,217.92424620280548,0.03793082823275409
25.43,217.95434528158106,0.03786665653802023
25.44,217.98444426634953,0.037802602448273374
25.45,218.01454315711138,0.037738665731450835
25.46,218.044641953867,0.037674846155980615
25.47,218.07474065661685,0.037611143490779916
25.48,218.1048392653614,0.03754755750525428
25.490000000000002,218.13493778010104,0.037484087969296545
25.5,218.16503620083625,0.03742073465328534
25.51,218.19513452756746,0.037357497328084556
25.52,218.2252327602951,0.037294375765041785
25.53,218.25533089901964,0.037231369735987625
25.54,218.28542894374146,0.03716847901323428
25.55,218.31552689446107,0.03710570336957439
25.560000000000002,218.3456247511789,0.03704304257828044
25.57,218.3757225138953,0.0369804964131033
25.580000000000005,218.40582018261082,0.03691806464827112
25.59,218.43591775732588,0.03685574705848855
25.6,218.46601523804085,0.036793543418935426
25.61,218.49611262475628,0.036731453505265535
25.62,218.5262099174725,0.036669477093606184
25.63,218.55630711619003,0.036607613960556326
25.64,218.58640422090926,0.03654586388318631
25.650000000000002,218.61650123163068,0.03648422663903589
25.66,218.64659814835468,0.036422702006114215
25.67,218.67669497108173,0.03636128976289804
25.68,218.70679169981227,0.03629998968833069
25.69,218.73688833454673,0.0362388015618215
25.7,218.76698487528554,0.036177725163244495
25.71,218.79708132202916,0.036116760272937004
25.72,218.82717767477803,0.03605590667169917
25.73,218.8572739335326,0.035995164140792645
25.740000000000002,218.88737009829327,0.03593453246193973
25.75,218.91746616906053,0.03587401141732189
25.76,218.94756214583478,0.03581360078957942
25.77,218.97765802861647,0.03575330036180975
25.78,219.00775381740607,0.03569310991756662
25.79,219.03784951220396,0.035633029240859586
25.8,219.06794511301064,0.0355730581161521
25.810000000000002,219.09804061982652,0.0355131963283611
25.82,219.12813603265207,0.03545344366285577
25.830000000000005,219.15823135148767,0.03539379990545686
25.84,219.18832657633385,0.03533426484243492
25.85,219.21842170719097,0.03527483826051035
25.86,219.2485167440595,0.03521551994685136
25.87,219.27861168693985,0.035156309689073684
25.88,219.30870653583253,0.03509720727523904
25.89,219.33880129073793,0.035038212493854685
25.900000000000002,219.3688959516565,0.03497932513387196
25.91,219.39899051858868,0.03492054498468575
25.92,219.4290849915349,0.03486187183613283
25.93,219.4591793704956,0.03480330547849147
25.94,219.48927365547127,0.034744845702480216
25.95,219.5193678464623,0.03468649229925693
25.96,219.5494619434691,0.0346282450604179
25.97,219.5795559464922,0.03457010377799638
25.98,219.60964985553198,0.03451206824446256
25.990000000000002,219.6397436705889,0.03445413825272145
26.0,219.66983739166338,0.034396313596112955
26.01,219.69993101875588,0.03433859406841014
26.02,219.73002455186682,0.03428097946381863
26.03,219.76011799099666,0.0342234695769755
26.04,219.79021133614586,0.034166064202948515
26.05,219.8203045873148,0.034108763137234946
26.060000000000002,219.85039774450397,0.0340515661757606
26.07,219.88049080771378,0.03399447311487903
26.080000000000005,219.91058377694472,0.0339374837513705
26.09,219.94067665219717,0.03388059788244103
26.1,219.9707694334716,0.03382381530572144
26.11,220.00086212076843,0.03376713581926632
26.12,220.03095471408813,0.03371055922155334
26.13,220.06104721343112,0.033654085311481965
26.14,220.09113961879785,0.033597713888372766
26.150000000000002,220.12123193018877,0.03354144475196639
26.16,220.1513241476043,0.03348527770242254
26.17,220.18141627104487,0.0334292125403194
26.18,220.21150830051096,0.03337324906665208
26.19,220.24160023600297,0.033317387082832196
26.2,220.27169207752135,0.03326162639068687
26.21,220.30178382506656,0.033205966792457464
26.22,220.33187547863903,0.033150408090799235
26.23,220.3619670382392,0.03309495008877975
26.240000000000002,220.3920585038675,0.03303959258987855
26.25,220.42214987552438,0.0329843353979858
26.26,220.45224115321028,0.03292917831740175
26.27,220.48233233692565,0.03287412115283533
26.28,220.5124234266709,0.032819163709403916
26.29,220.5425144224465,0.03276430579263175
26.3,220.57260532425286,0.03270954720844935
26.310000000000002,220.60269613209047,0.032654887763192725
26.32,220.63278684595974,0.03260032726360215
26.330000000000005,220.6628774658611,0.03254586551682155
26.34,220.692967991795,0.03249150233039755
26.35,220.72305842376187,0.03243723751227827
26.36,220.75314876176216,0.03238307087081303
26.37,220.78323900579633,0.03232900221475077
26.38,220.81332915586478,0.03227503135323965
26.39,220.84341921196798,0.0322211580958261
26.400000000000002,220.87350917410637,0.03216738225245368
26.41,220.90359904228038,0.032113703633462436
26.42,220.93368881649042,0.03206012204958805
26.43,220.963778496737,0.03200663731196049
26.44,220.99386808302052,0.03195324923210392
26.45,221.0239575753414,0.03189995762193525
26.46,221.0540469737001,0.03184676229376331
26.47,221.08413627809708,0.03179366306028825
26.48,221.11422548853275,0.03174065973460027
26.490000000000002,221.1443146050076,0.03168775213017921
26.5,221.17440362752197,0.03163494006089339
26.51,221.2044925560764,0.03158222334099881
26.52,221.23458139067128,0.03152960178513823
26.53,221.26467013130707,0.031477075208340435
26.54,221.2947587779842,0.03142464342601935
26.55,221.3248473307031,0.03137230625397319
26.560000000000002,221.35493578946426,0.031320063508383296
26.57,221.38502415426805,0.03126791500581402
26.580000000000005,221.41511242511496,0.031215860563211097
26.59,221.4452006020054,0.031163899997901107
26.6,221.47528868493984,0.03111203312759066
26.61,221.50537667391868,0.03106025977036584
26.62,221.53546456894242,0.031008579744690495
26.63,221.56555237001143,0.030956992869406532
26.64,221.5956400771262,0.03090549896373209
26.650000000000002,221.62572769028714,0.03085409784726147
26.66,221.6558152094947,0.030802789339963523
26.67,221.68590263474934,0.03075157326218159
26.68,221.7159899660515,0.030700449434632335
26.69,221.74607720340157,0.030649417678404667
26.7,221.77616434680004,0.0305984778149594
26.71,221.80625139624735,0.030547629666128135
26.72,221.8363383517439,0.030496873054112396
26.73,221.86642521329017,0.030446207801483084
26.740000000000002,221.89651198088657,0.030395633731179317
26.75,221.92659865453356,0.03034515066650779
26.76,221.95668523423157,0.030294758431142207
26.77,221.98677171998105,0.030244456849121963
26.78,222.01685811178245,0.030194245744851515
26.79,222.04694440963618,0.030144124943100044
26.8,222.0770306135427,0.030094094268999862
26.810000000000002,222.10711672350243,0.030044153548046074
26.82,222.13720273951583,0.02999430260609594
26.830000000000005,222.16728866158334,0.0299445412693676
26.84,222.1973744897054,0.029894869364439514
26.85,222.22746022388245,0.029845286718249806
26.86,222.2575458641149,0.02979579315809526
26.87,222.28763141040324,0.029746388511630438
26.88,222.31771686274786,0.029697072606867343
26.89,222.34780222114927,0.029647845272174036
26.900000000000002,222.3778874856078,0.029598706336274438
26.91,222.407972656124,0.02954965562824695
26.92,222.43805773269827,0.029500692977524196
26.93,222.46814271533103,0.029451818213891864
26.94,222.49822760402273,0.029403031167488148
26.95,222.5283123987738,0.02935433166880299
26.96,222.55839709958474,0.029305719548676952
26.97,222.58848170645592,0.02925719463830096
26.98,222.6185662193878,0.02920875676921519
26.990000000000002,222.64865063838081,0.02916040577330829
27.0,222.67873496343543,0.02911214148281687
27.01,222.7088191945521,0.029063963730324324
27.02,222.7389033317312,0.0290158723487607
27.03,222.7689873749732,0.028967867171401068
27.04,222.79907132427854,0.02891994803186548
27.05,222.8291551796477,0.028872114764118027
27.060000000000002,222.85923894108106,0.02882436720246594
27.07,222.8893226085791,0.02877670518155884
27.080000000000005,222.91940618214224,0.028729128536388124
27.09,222.9494896617709,0.028681637102286224
27.1,222.97957304746558,0.028634230714925532
27.11,223.00965633922667,0.028586909210318128
27.12,223.03973953705463,0.028539672424814717
27.13,223.06982264094987,0.028492520195103888
27.14,223.0999056509129,0.028445452358211522
27.150000000000002,223.12998856694406,0.02839846875150004
27.16,223.16007138904388,0.028351569212667432
27.17,223.19015411721276,0.028304753579746704
27.18,223.22023675145113,0.028258021691105323
27.19,223.25031929175947,0.028211373385443914
27.2,223.28040173813815,0.02816480850179631
27.21,223.3104840905877,0.028118326879528047
27.22,223.34056634910849,0.028071928358336124
27.23,223.370648513701,0.028025612778248058
27.240000000000002,223.40073058436565,0.027979379979621456
27.25,223.43081256110287,0.027933229803142834
27.26,223.46089444391313,0.027887162089827142
27.27,223.49097623279684,0.02784117668101709
27.28,223.52105792775447,0.02779527341838243
27.29,223.55113952878642,0.027749452143919034
27.3,223.58122103589318,0.02770371269994839
27.310000000000002,223.61130244907514,0.027658054929116785
27.32,223.64138376833276,0.027612478674394654
27.330000000000005,223.67146499366652,0.027566983779075734
27.34,223.7015461250768,0.02752157008677652
27.35,223.73162716256405,0.027476237441435576
27.36,223.76170810612874,0.027430985687312587
27.37,223.79178895577127,0.027385814668987946
27.38,223.82186971149213,0.027340724231361694
27.39,223.85195037329171,0.027295714219653194
27.400000000000002,223.88203094117048,0.027250784479400388
27.41,223.9121114151289,0.027205934856458648
27.42,223.94219179516733,0.02716116519700075
27.43,223.9722720812863,0.027116475347515715
27.44,224.0023522734862,0.027071865154808087
27.45,224.03243237176747,0.027027334465997612
27.46,224.0625123761306,0.026982883128518185
27.47,224.09259228657595,0.026938510990117525
27.48,224.122672103104,0.02689421789885591
27.490000000000002,224.15275182571523,0.026850003703106202
27.5,224.18283145441,0.026805868251552675
27.51,224.21291098918883,0.026761811393190248
27.52,224.2429904300521,0.02671783297732453
27.53,224.27306977700025,0.026673932853570125
27.54,224.30314903003378,0.026630110871850687
27.55,224.33322818915306,0.026586366882398026
27.560000000000002,224.36330725435857,0.02654270073575148
27.57,224.39338622565074,0.02649911228275713
27.580000000000005,224.42346510303,0.026455601374567046
27.59,224.45354388649682,0.026412167862638978
27.6,224.4836225760516,0.02636881159873538
27.61,224.5137011716948,0.02632553243492278
27.62,224.54377967342688,0.026282330223571293
27.63,224.57385808124823,0.0262392048173537
27.64,224.60393639515934,0.02619615606924499
27.650000000000002,224.63401461516062,0.026153183832521604
27.66,224.66409274125252,0.026110287960760887
27.67,224.69417077343547,0.02606746830784006
27.68,224.72424871170992,0.026024724727936252
27.69,224.7543265560763,0.025982057075525103
27.7,224.78440430653507,0.025939465205380582
27.71,224.81448196308665,0.025896948972574257
27.72,224.8445595257315,0.025854508232474396
27.73,224.87463699447005,0.025812142840745705
27.740000000000002,224.90471436930272,0.025769852653348423
27.75,224.93479165022995,0.025727637526537738
27.76,224.96486883725223,0.025685497316863072
27.77,224.99494593036997,0.025643431881167588
27.78,225.02502292958357,0.02560144107658746
27.79,225.05509983489353,0.025559524760551323
27.8,225.08517664630025,0.025517682790779348
27.810000000000002,225.1152533638042,0.025475915025283086
27.82,225.14532998740577,0.025434221322364288
27.830000000000005,225.17540651710547,0.02539260154061469
27.84,225.2054829529037,0.025351055538915222
27.85,225.2355592948009,0.025309583176435467
27.86,225.2656355427975,0.02526818431263281
27.87,225.295711696894,0.02522685880725198
27.88,225.32578775709075,0.025185606520324498
27.89,225.3558637233882,0.025144427312167983
27.900000000000002,225.38593959578688,0.02510332104338528
27.91,225.41601537428716,0.025062287574864138
27.92,225.4460910588895,0.025021326767776693
27.93,225.47616664959432,0.024980438483578477
27.94,225.50624214640206,0.024939622584008045
27.95,225.53631754931317,0.02489887893108637
27.96,225.56639285832813,0.024858207387115836
27.97,225.59646807344728,0.02481760781468053
27.98,225.62654319467117,0.024777080076644458
27.990000000000002,225.6566182220002,0.024736624036151865
28.0,225.68669315543474,0.02469623955662626
28.01,225.71676799497533,0.024655926501769735
28.02,225.74684274062236,0.024615684735562422
28.03,225.77691739237628,0.024575514122262082
28.04,225.80699195023752,0.02453541452640326
28.05,225.83706641420653,0.024495385812796644
28.060000000000002,225.86714078428378,0.02445542784652883
28.07,225.89721506046965,0.024415540492961314
28.080000000000005,225.9272892427646,0.024375723617730154
28.09,225.9573633311691,0.024335977086745102
28.1,225.98743732568354,0.02429630076618931
28.11,226.01751122630841,0.02425669452251867
28.12,226.0475850330441,0.024217158222461104
28.13,226.07765874589109,0.02417769173301596
28.14,226.10773236484982,0.024138294921453557
28.150000000000002,226.13780588992068,0.024098967655314545
28.16,226.16787932110418,0.024059709802409283
28.17,226.1979526584007,0.024020521230817226
28.18,226.22802590181072,0.02398140180888652
28.19,226.25809905133465,0.023942351405233216
28.2,226.28817210697295,0.023903369888740703
28.21,226.31824506872607,0.023864457128559193
28.22,226.3483179365944,0.023825612994105305
28.23,226.37839071057846,0.02378683735506115
28.240000000000002,226.4084633906786,0.023748130081373907
28.25,226.4385359768953,0.02370949104325546
28.26,226.46860846922903,0.023670920111181312
28.27,226.49868086768018,0.02363241715589064
28.28,226.52875317224922,0.023593982048385226
28.29,226.55882538293656,0.02355561465992919
28.3,226.58889749974267,0.02351731486204814
28.310000000000002,226.618969522668,0.02347908252652887
28.32,226.64904145171295,0.023440917525418825
28.330000000000005,226.679113286878,0.023402819731025107
28.34,226.70918502816355,0.023364789015914506
28.35,226.73925667557003,0.023326825252912527
28.36,226.76932822909794,0.023288928315102875
28.37,226.79939968874768,0.023251098075826985
28.38,226.8294710545197,0.0232133344086836
28.39,226.85954232641444,0.023175637187527777
28.400000000000002,226.88961350443233,0.02313800628647097
28.41,226.91968458857383,0.02310044157987975
28.42,226.94975557883936,0.02306294294237594
28.43,226.97982647522934,0.023025510248835607
28.44,227.00989727774424,0.02298814337438853
28.45,227.0399679863845,0.022950842194417963
28.46,227.07003860115057,0.022913606584559765
28.47,227.10010912204285,0.02287643642070216
28.48,227.13017954906184,0.022839331578984733
28.490000000000002,227.1602498822079,0.022802291935798438
28.5,227.19032012148153,0.022765317367784626
28.51,227.22039026688316,0.022728407751834722
28.52,227.2504603184132,0.022691562965089618
28.53,227.2805302760721,0.02265478288493913
28.54,227.31060013986036,0.02261806738902144
28.55,227.34066990977834,0.022581416355222678
28.560000000000002,227.3707395858265,0.022544829661676202
28.57,227.40080916800528,0.022508307186762208
28.580000000000005,227.43087865631517,0.022471848809107155
28.59,227.46094805075654,0.022435454407583284
28.6,227.49101735132984,0.02239912386130786
28.61,227.52108655803556,0.02236285704964292
28.62,227.5511556708741,0.02232665385219471
28.63,227.5812246898459,0.022290514148813025
28.64,227.6112936149514,0.02225443781959068
28.650000000000002,227.64136244619104,0.022218424744863123
28.66,227.6714311835653,0.022182474805207773
28.67,227.70149982707454,0.022146587881443733
28.68,227.73156837671925,0.022110763854630885
28.69,227.76163683249987,0.022075002606069746
28.7,227.79170519441686,0.022039304017300684
28.71,227.82177346247062,0.022003667970103617
28.72,227.85184163666156,0.021968094346497262
28.73,227.8819097169902,0.021932583028738763
28.740000000000002,227.91197770345696,0.021897133899323323
28.75,227.9420455960622,0.0218617468409833
28.76,227.97211339480646,0.021826421736688084
28.77,228.00218109969015,0.021791158469643326
28.78,228.03224871071367,0.02175595692329063
28.79,228.0623162278775,0.02172081698130684
28.8,228.09238365118208,0.021685738527603693
28.810000000000002,228.1224509806278,0.021650721446327247
28.82,228.15251821621519,0.021615765621857345
28.830000000000005,228.1825853579446,0.021580870938807308
28.84,228.2126524058165,0.021546037282023072
28.85,228.24271935983134,0.021511264536582985
28.86,228.27278621998957,0.021476552587797237
28.87,228.3028529862916,0.021441901321207383
28.88,228.3329196587379,0.021407310622585635
28.89,228.36298623732887,0.02137278037793476
28.900000000000002,228.393052722065,0.021338310473487134
28.91,228.42311911294667,0.02130390079570459
28.92,228.45318540997437,0.021269551231277852
28.93,228.48325161314852,0.021235261667125954
28.94,228.51331772246957,0.021201031990395663
28.95,228.54338373793794,0.021166862088461365
28.96,228.57344965955406,0.0211327518489241
28.97,228.60351548731842,0.021098701159611464
28.98,228.63358122123142,0.021064709908576923
28.990000000000002,228.6636468612935,0.021030777984099306
29.0,228.6937124075051,0.020996905274682485
29.01,228.72377785986666,0.020963091669054766
29.02,228.75384321837865,0.02092933705616824
29.03,228.78390848304147,0.02089564132519888
29.04,228.81397365385558,0.02086200436554526
29.05,228.8440387308214,0.020828426066828852
29.060000000000002,228.8741037139394,0.02079490631889293
29.07,228.90416860321002,0.02076144501180245
29.080000000000005,228.93423339863367,0.020728042035843552
29.09,228.96429810021078,0.020694697281522876
29.1,228.99436270794183,0.020661410639567293
29.11,229.02442722182724,0.020628182000923364
29.12,229.05449164186746,0.020595011256756817
29.13,229.0845559680629,0.020561898298452275
29.14,229.114620200414,0.0205288430176124
29.150000000000002,229.14468433892125,0.020495845306057903
29.16,229.17474838358507,0.020462905055826704
29.17,229.20481233440586,0.0204300221591737
29.18,229.23487619138407,0.020397196508570047
29.19,229.2649399545202,0.020364427996703
29.2,229.2950036238146,0.020331716516475272
29.21,229.32506719926778,0.02029906196100458
29.22,229.35513068088017,0.020266464223623132
29.23,229.38519406865217,0.020233923197877424
29.240000000000002,229.41525736258424,0.02020143877752746
29.25,229.44532056267684,0.02016901085654649
29.26,229.4753836689304,0.0201366393291205
29.27,229.5054466813453,0.020104324089647803
29.28,229.53550959992208,0.020072065032738336
29.29,229.5655724246611,0.02003986205321367
29.3,229.59563515556283,0.020007715046106142
29.310000000000002,229.62569779262773,0.01997562390665866
29.32,229.6557603358562,0.019943588530324
29.330000000000005,229.6858227852487,0.01991160881276472
29.34,229.71588514080568,0.01987968464985229
29.35,229.74594740252755,0.019847815937667015
29.36,229.77600957041477,0.019816002572497375
29.37,229.80607164446775,0.019784244450839598
29.38,229.836133624687,0.01975254146939728
29.39,229.86619551107287,0.019720893525080996
29.400000000000002,229.89625730362587,0.019689300515007654
29.41,229.9263190023464,0.01965776233650019
29.42,229.9563806072349,0.01962627888708727
29.43,229.98644211829185,0.019594850064502435
29.44,230.01650353551761,0.019563475766684237
29.45,230.04656485891272,0.01953215589177523
29.46,230.07662608847755,0.019500890338121905
29.47,230.10668722421255,0.019469679004274144
29.48,230.1367482661182,0.019438521788984774
29.490000000000002,230.16680921419487,0.019407418591209116
29.5,230.19687006844302,0.019376369310104766
29.51,230.22693082886312,0.019345373845030645
29.52,230.25699149545562,0.019314432095547146
29.53,230.2870520682209,0.019283543961415524
29.54,230.31711254715947,0.01925270934259715
29.55,230.3471729322717,0.01922192813925355
29.560000000000002,230.37723322355805,0.019191200251745758
29.57,230.407293421019,0.019160525580633726
29.580000000000005,230.43735352465495,0.01912990402667636
29.59,230.46741353446635,0.019099335490830566
29.6,230.49747345045364,0.019068819874251235
29.61,230.52753327261723,0.019038357078290557
29.62,230.55759300095764,0.01900794700449771
29.63,230.58765263547522,0.018977589554618625
29.64,230.61771217617044,0.0189472846305951
29.650000000000002,230.64777162304375,0.018917032134564797
29.66,230.6778309760956,0.018886831968860745
29.67,230.7078902353264,0.018856684036010814
29.68,230.7379494007366,0.018826588238737372
29.69,230.76800847232664,0.018796544479956732
29.7,230.79806745009697,0.018766552662779084
29.71,230.82812633404802,0.018736612690507647
29.72,230.8581851241802,0.018706724466638625
29.73,230.888243820494,0.018676887894860602
29.740000000000002,230.91830242298985,0.018647102879054165
29.75,230.94836093166816,0.018617369323291465
29.76,230.9784193465294,0.01858768713183589
29.77,231.008477667574,0.01855805620914168
29.78,231.03853589480238,0.018528476459853307
29.79,231.068594028215,0.018498947788805415
29.8,231.09865206781228,0.01846947010102204
29.810000000000002,231.12871001359468,0.01844004330171654
29.82,231.15876786556265,0.018410667296290935
29.830000000000005,231.18882562371658,0.01838134199033573
29.84,231.21888328805696,0.018352067289629296
29.85,231.2489408585842,0.01832284310013767
29.86,231.27899833529875,0.018293669328013937
29.87,231.30905571820105,0.018264545879598082
29.88,231.33911300729153,0.01823547266141644
29.89,231.36917020257064,0.018206449580181323
29.900000000000002,231.39922730403882,0.018177476542790585
29.91,231.4292843116965,0.018148553456327328
29.92,231.4593412255441,0.018119680228059553
29.93,231.4893980455821,0.018090856765439443
29.94,231.51945477181093,0.018062082976103334
29.95,231.54951140423103,0.01803335876787129
29.96,231.57956794284283,0.01800468404874643
29.97,231.60962438764673,0.017976058726914917
29.98,231.63968073864325,0.01794748271074514
29.990000000000002,231.66973699583275,0.017918955908787806
30.0,231.69979315921574,0.017890478229775176
30.01,231.7298492287926,0.017862049582620856
30.02,231.75990520456384,0.01783366987641939
30.03,231.78996108652981,0.01780533902044585
30.04,231.82001687469102,0.017777056924155432
30.05,231.85007256904785,0.01774882349718324
30.060000000000002,231.8801281696008,0.017720638649343593
30.07,231.91018367635027,0.017692502290629922
30.080000000000005,231.9402390892967,0.01766441433121429
30.09,231.97029440844057,0.017636374681447017
30.1,232.00034963378226,0.01760838325185632
30.11,232.03040476532223,0.017580439953147904
30.12,232.06045980306095,0.017552544696204618
30.13,232.09051474699882,0.01752469739208602
30.14,232.1205695971363,0.01749689795202813
30.150000000000002,232.15062435347383,0.017469146287442897
30.16,232.18067901601182,0.01744144230991795
30.17,232.21073358475076,0.017413785931216185
30.18,232.24078805969106,0.017386177063275384
30.19,232.27084244083315,0.01735861561820787
30.2,232.3008967281775,0.01733110150830006
30.21,232.33095092172448,0.017303634646012263
30.22,232.36100502147463,0.01727621494397811
30.23,232.3910590274283,0.01724884231500438
30.240000000000002,232.42111293958598,0.01722151667207046
30.25,232.4511667579481,0.01719423792832805
30.26,232.48122048251508,0.01716700599710095
30.27,232.51127411328739,0.01713982079188442
30.28,232.54132765026543,0.017112682226344964
30.29,232.5713810934497,0.017085590214319994
30.3,232.60143444284054,0.01705854466981753
30.310000000000002,232.6314876984385,0.017031545507015522
30.32,232.66154086024395,0.01700459264026189
30.330000000000005,232.69159392825736,0.01697768598407396
30.34,232.72164690247914,0.01695082545313811
30.35,232.75169978290975,0.016924010962309465
30.36,232.7817525695496,0.016897242426611496
30.37,232.81180526239922,0.016870519761235662
30.38,232.84185786145892,0.01684384288154115
30.39,232.87191036672922,0.01681721170305433
30.400000000000002,232.90196277821056,0.016790626141468687
30.41,232.93201509590335,0.016764086112644187
30.42,232.96206731980803,0.016737591532607076
30.43,232.99211944992504,0.01671114231754946
30.44,233.02217148625485,0.016684738383829084
30.45,233.05222342879787,0.016658379647968798
30.46,233.08227527755454,0.016632066026656386
30.47,233.1123270325253,0.01660579743674411
30.48,233.1423786937106,0.016579573795248253
30.490000000000002,233.17243026111086,0.016553395019349198
30.5,233.20248173472655,0.016527261026390513
30.51,233.2325331145581,0.01650117173387901
30.52,233.2625844006059,0.01647512705948437
30.53,233.29263559287045,0.01644912692103854
30.54,233.32268669135217,0.016423171236535642
30.55,233.3527376960515,0.016397259924131602
30.560000000000002,233.38278860696886,0.016371392902143636
30.57,233.4128394241047,0.016345570089050195
30.580000000000005,233.44289014745948,0.016319791403490304
30.59,233.4729407770336,0.016294056764263515
30.6,233.50299131282756,0.016268366090329393
30.61,233.53304175484175,0.016242719300807187
30.62,233.5630921030766,0.016217116314975622
30.63,233.59314235753257,0.016191557052272352
30.64,233.62319251821012,0.01616604143229391
30.650000000000002,233.65324258510964,0.016140569374795105
30.66,233.6832925582316,0.016115140799688826
30.67,233.71334243757644,0.016089755627045652
30.68,233.7433922231446,0.01606441377709363
30.69,233.7734419149365,0.01603911517021783
30.7,233.8034915129526,0.01601385972695997
30.71,233.83354101719334,0.015988647368018326
30.72,233.86359042765912,0.015963478014247173
30.73,233.89363974435042,0.01593835158665645
30.740000000000002,233.92368896726768,0.01591326800641163
30.75,233.9537380964113,0.015888227194833245
30.76,233.98378713178178,0.015863229073396545
30.77,234.0138360733795,0.01583827356373131
30.78,234.04388492120495,0.015813360587621363
30.79,234.0739336752585,0.015788490067004352
30.8,234.10398233554065,0.015763661923971436
30.810000000000002,234.13403090205185,0.01573887608076682
30.82,234.16407937479246,0.015714132459787644
30.830000000000005,234.19412775376298,0.015689430983583563
30.84,234.22417603896386,0.015664771574856268
30.85,234.2542242303955,0.015640154156459512
30.86,234.28427232805836,0.015615578651398523
30.87,234.31432033195287,0.015591044982829691
30.88,234.34436824207944,0.015566553074060515
30.89,234.37441605843858,0.015542102848548863
30.900000000000002,234.4044637810307,0.015517694229903008
30.91,234.43451140985619,0.015493327141881277
30.92,234.46455894491555,0.015469001508391497
30.93,234.4946063862092,0.015444717253490916
30.94,234.52465373373755,0.01542047430138589
30.95,234.5547009875011,0.015396272576431313
30.96,234.58474814750022,0.015372112003130671
30.970000000000002,234.61479521373542,0.0153479925061354
30.98,234.64484218620706,0.015323914010244842
30.990000000000002,234.67488906491565,0.015299876440405777
31.0,234.7049358498616,0.015275879721712116
31.01,234.73498254104533,0.015251923779404757
31.02,234.7650291384673,0.015228008538870998
31.03,234.79507564212796,0.015204133925644422
31.04,234.82512205202772,0.01518029986540468
31.05,234.85516836816703,0.015156506283976977
31.060000000000002,234.88521459054635,0.015132753107331745
31.07,234.9152607191661,0.015109040261584675
31.080000000000005,234.94530675402672,0.015085367672995996
31.09,234.9753526951286,0.015061735267970515
31.1,235.00539854247228,0.015038142973056978
31.11,235.03544429605813,0.015014590714948138
31.12,235.06548995588662,0.014991078420480126
31.13,235.09553552195817,0.014967606016632443
31.14,235.1255809942732,0.014944173430527405
31.150000000000002,235.1556263728322,0.01492078058942999
31.16,235.18567165763557,0.014897427420747471
31.17,235.21571684868377,0.01487411385202919
31.18,235.24576194597722,0.014850839810966254
31.19,235.27580694951635,0.01482760522539118
31.2,235.30585185930164,0.014804410023277596
31.21,235.3358966753335,0.014781254132740004
31.220000000000002,235.36594139761237,0.014758137482033444
31.23,235.3959860261387,0.014735059999553312
31.240000000000002,235.42603056091292,0.014712021613834843
31.25,235.45607500193546,0.01468902225355305
31.26,235.48611934920677,0.014666061847522269
31.27,235.5161636027273,0.014643140324696003
31.28,235.54620776249746,0.014620257614166493
31.29,235.5762518285177,0.014597413645164531
31.3,235.60629580078847,0.01457460834705918
31.310000000000002,235.63633967931023,0.014551841649357293
31.32,235.66638346408337,0.014529113481703604
31.330000000000005,235.69642715510835,0.01450642377388003
31.34,235.72647075238564,0.014483772455805642
31.35,235.7565142559156,0.014461159457536385
31.36,235.78655766569875,0.014438584709264526
31.37,235.8166009817355,0.014416048141318716
31.38,235.84664420402626,0.014393549684163504
31.39,235.8766873325715,0.014371089268399142
31.400000000000002,235.90673036737167,0.014348666824761155
31.41,235.93677330842715,0.014326282284120268
31.42,235.96681615573846,0.01430393557748196
31.43,235.99685890930598,0.014281626635986304
31.44,236.0269015691302,0.01425935539090754
31.45,236.05694413521147,0.014237121773654047
31.46,236.0869866075503,0.0142149257157677
31.470000000000002,236.11702898614715,0.014192767148923936
31.48,236.1470712710024,0.014170646004931294
31.490000000000002,236.1771134621165,0.014148562215731188
31.5,236.2071555594899,0.014126515713397583
31.51,236.23719756312306,0.014104506430136794
31.52,236.2672394730164,0.014082534298287219
31.53,236.29728128917034,0.014060599250318941
31.54,236.32732301158532,0.014038701218833613
31.55,236.35736464026184,0.014016840136564006
31.560000000000002,236.38740617520025,0.013995015936373933
31.57,236.41744761640103,0.013973228551257854
31.580000000000005,236.44748896386466,0.0139514779143406
31.59,236.4775302175915,0.013929763958877203
31.6,236.50757137758205,0.013908086618252486
31.61,236.5376124438367,0.013886445825980908
31.62,236.56765341635594,0.013864841515706277
31.63,236.59769429514017,0.0138432736212014
31.64,236.62773508018986,0.013821742076367867
31.650000000000002,236.6577757715054,0.013800246815235858
31.66,236.68781636908727,0.013778787771963782
31.67,236.71785687293593,0.013757364880837996
31.68,236.74789728305174,0.013735978076272684
31.69,236.77793759943523,0.013714627292809289
31.7,236.80797782208677,0.013693312465116722
31.71,236.83801795100683,0.013672033527990584
31.720000000000002,236.86805798619582,0.01365079041635332
31.73,236.89809792765422,0.013629583065253638
31.740000000000002,236.92813777538245,0.01360841140986647
31.75,236.95817752938095,0.01358727538549269
31.76,236.98821718965016,0.013566174927558627
31.77,237.0182567561905,0.013545109971616178
31.78,237.04829622900243,0.013524080453342142
31.79,237.07833560808638,0.013503086308538324
31.8,237.10837489344277,0.013482127473131024
31.810000000000002,237.1384140850721,0.013461203883170859
31.82,237.16845318297476,0.013440315474832591
31.830000000000005,237.1984921871512,0.013419462184414727
31.84,237.22853109760183,0.013398643948339431
31.85,237.25856991432713,0.013377860703152037
31.86,237.2886086373275,0.013357112385520994
31.87,237.31864726660345,0.013336398932237542
31.88,237.34868580215533,0.01331572028021546
31.89,237.37872424398364,0.013295076366490815
31.900000000000002,237.4087625920888,0.013274467128221702
31.91,237.43880084647122,0.013253892502688
31.92,237.4688390071314,0.013233352427291054
31.93,237.49887707406972,0.013212846839553642
31.94,237.52891504728666,0.013192375677119415
31.95,237.55895292678264,0.013171938877752861
31.96,237.58899071255806,0.01315153637933903
31.970000000000002,237.61902840461343,0.013131168119883156
31.98,237.64906600294916,0.013110834037510594
31.990000000000002,237.67910350756569,0.013090534070466455
32.0,237.70914091846345,0.01307026815711535
32.01,237.73917823564284,0.013050036235941278
32.02,237.7692154591044,0.01302983824554712
32.03,237.79925258884847,0.013009674124654706
32.04,237.82928962487554,0.012989543812104333
32.05,237.85932656718603,0.01296944724685463
32.06,237.88936341578042,0.012949384367982259
32.07,237.9194001706591,0.0129293551146818
32.08,237.9494368318225,0.012909359426265274
32.09,237.97947339927111,0.012889397242162138
32.1,238.00950987300533,0.012869468501918911
32.11,238.0395462530256,0.012849573145198892
32.12,238.06958253933234,0.012829711111782155
32.13,238.09961873192609,0.012809882341564919
32.14,238.12965483080714,0.012790086774559783
32.15,238.15969083597605,0.012770324350895021
32.160000000000004,238.18972674743318,0.012750595010814682
32.17,238.21976256517902,0.012730898694678165
32.18,238.249798289214,0.01271123534296011
32.19,238.2798339195385,0.012691604896250028
32.2,238.30986945615305,0.012672007295252197
32.21,238.33990489905804,0.012652442480785269
32.22,238.3699402482539,0.01263291039378228
32.230000000000004,238.39997550374108,0.012613410975290075
32.24,238.43001066552003,0.012593944166469351
32.25,238.4600457335912,0.012574509908594362
32.26,238.49008070795495,0.012555108143052659
32.27,238.52011558861182,0.01253573881134472
32.28,238.55015037556217,0.012516401855084016
32.29,238.58018506880651,0.012497097215996511
32.3,238.6102196683452,0.012477824835920599
32.31,238.64025417417875,0.012458584656806706
32.32,238.67028858630758,0.012439376620717238
32.33,238.7003229047321,0.012420200669826317
32.34,238.73035712945276,0.012401056746419422
32.35,238.76039126047,0.012381944792893274
32.36,238.79042529778428,0.012362864751755522
32.37,238.82045924139598,0.012343816565624723
32.38,238.85049309130562,0.012324800177229743
32.39,238.88052684751358,0.012305815529410001
32.4,238.91056051002033,0.012286862565114775
32.410000000000004,238.94059407882628,0.012267941227403347
32.42,238.9706275539319,0.012249051459444469
32.43,239.0006609353376,0.012230193204516468
32.44,239.03069422304384,0.01221136640600671
32.45,239.06072741705105,0.012192571007411553
32.46,239.09076051735966,0.012173806952336125
32.47,239.1207935239701,0.012155074184494019
32.480000000000004,239.15082643688285,0.012136372647707025
32.49,239.1808592560983,0.012117702285905195
32.5,239.21089198161692,0.012099063043126211
32.51,239.24092461343915,0.012080454863515467
32.52,239.27095715156543,0.012061877691325773
32.53,239.30098959599616,0.012043331470917084
32.54,239.33102194673182,0.01202481614675629
32.55,239.3610542037728,0.012006331663417063
32.56,239.3910863671196,0.011987877965579518
32.57,239.42111843677264,0.011969454998030173
32.58,239.45115041273235,0.011951062705661519
32.59,239.48118229499914,0.011932701033472022
32.6,239.5112140835735,0.011914369926565683
32.61,239.54124577845582,0.011896069330152014
32.62,239.57127737964657,0.011877799189545691
32.63,239.6013088871462,0.011859559450166415
32.64,239.63134030095512,0.011841350057538698
32.65,239.66137162107378,0.011823170957291563
32.660000000000004,239.69140284750262,0.011805022095158423
32.67,239.72143398024207,0.011786903416976796
32.68,239.75146501929257,0.011768814868688224
32.69,239.78149596465454,0.011750756396337873
32.7,239.81152681632847,0.01173272794607438
32.71,239.84155757431478,0.011714729464149799
32.72,239.87158823861387,0.011696760896919203
32.730000000000004,239.9016188092262,0.011678822190840502
32.74,239.93164928615224,0.0116609132924743
32.75,239.96167966939237,0.011643034148483647
32.76,239.99170995894707,0.011625184705633836
32.77,240.0217401548168,0.01160736491079219
32.78,240.05177025700195,0.011589574710927825
32.79,240.08180026550298,0.011571814053111504
32.8,240.1118301803203,0.011554082884515449
32.81,240.1418600014544,0.01153638115241294
32.82,240.17188972890568,0.011518708804178397
32.83,240.20191936267457,0.011501065787286935
32.84,240.23194890276156,0.011483452049314282
32.85,240.26197834916704,0.011465867537936542
32.86,240.29200770189146,0.011448312200929988
32.87,240.3220369609353,0.011430785986170833
32.88,240.35206612629892,0.011413288841635073
32.89,240.3820951979828,0.011395820715398332
32.9,240.4121241759874,0.011378381555635433
32.91000000000001,240.44215306031313,0.011360971310620503
32.92,240.47218185096042,0.01134358992872653
32.93,240.50221054792974,0.011326237358425252
32.94,240.5322391512215,0.011308913548287038
32.95,240.56226766083617,0.01129161844698049
32.96,240.59229607677415,0.011274352003272438
32.97,240.6223243990359,0.011257114166027631
32.980000000000004,240.65235262762187,0.011239904884208507
32.99,240.68238076253246,0.011222724106875193
33.0,240.71240880376814,0.011205571783184988
33.01,240.74243675132934,0.011188447862392488
33.02,240.77246460521647,0.011171352293849152
33.03,240.80249236543003,0.011154285027003193
33.04,240.83252003197043,0.011137246011399435
33.05,240.86254760483808,0.011120235196679042
33.06,240.89257508403347,0.011103252532579298
33.07,240.92260246955698,0.011086297968933524
33.08,240.9526297614091,0.01106937145567075
33.09,240.98265695959026,0.01105247294281562
33.1,241.01268406410085,0.011035602380488146
33.11,241.04271107494134,0.011018759718903572
33.12,241.0727379921122,0.011001944908372046
33.13,241.10276481561382,0.01098515789929857
33.14,241.13279154544665,0.010968398642182816
33.15,241.16281818161116,0.01095166708761876
33.16000000000001,241.1928447241078,0.010934963186294654
33.17,241.2228711729369,0.010918286888992813
33.18,241.252897528099,0.010901638146589338
33.19,241.28292378959452,0.01088501691005401
33.2,241.31294995742385,0.010868423130450092
33.21,241.3429760315875,0.010851856758934013
33.22,241.37300201208586,0.010835317746755444
33.230000000000004,241.40302789891942,0.01081880604525681
33.24,241.43305369208852,0.010802321605873324
33.25,241.4630793915937,0.010785864380132654
33.26,241.49310499743535,0.010769434319654853
33.27,241.5231305096139,0.010753031376152054
33.28,241.55315592812985,0.010736655501428348
33.29,241.58318125298356,0.010720306647379664
33.3,241.6132064841755,0.010703984765993433
33.31,241.6432316217061,0.01068768980934851
33.32,241.67325666557582,0.010671421729614923
33.33,241.70328161578507,0.01065518047905375
33.34,241.73330647233433,0.010638966010016935
33.35,241.763331235224,0.010622778274947047
33.36,241.7933559044545,0.010606617226377098
33.37,241.82338048002634,0.010590482816930388
33.38,241.8534049619399,0.010574374999320396
33.39,241.88342935019566,0.01055829372635044
33.4,241.913453644794,0.010542238950913578
33.41000000000001,241.9434778457354,0.010526210625992473
33.42,241.97350195302027,0.010510208704659138
33.43,242.00352596664908,0.010494233140074779
33.44,242.0335498866223,0.010478283885489534
33.45,242.06357371294027,0.010462360894242555
33.46,242.0935974456035,0.010446464119761488
33.47,242.1236210846124,0.010430593515562506
33.480000000000004,242.15364462996746,0.010414749035250043
33.49,242.18366808166903,0.010398930632516734
33.5,242.2136914397176,0.01038313826114306
33.51,242.24371470411361,0.010367371874997242
33.52,242.2737378748575,0.010351631428035203
33.53,242.3037609519497,0.010335916874300122
33.54,242.33378393539064,0.010320228167922522
33.55,242.36380682518077,0.010304565263119906
33.56,242.39382962132052,0.010288928114196695
33.57,242.42385232381034,0.010273316675543934
33.58,242.45387493265065,0.010257730901639235
33.59,242.4838974478419,0.010242170747046612
33.6,242.51391986938452,0.010226636166416149
33.61,242.54394219727897,0.010211127114483999
33.62,242.57396443152567,0.010195643546072091
33.63,242.60398657212508,0.01018018541608803
33.64,242.6340086190776,0.01016475267952492
33.65,242.6640305723837,0.010149345291461097
33.66000000000001,242.6940524320438,0.010133963207060125
33.67,242.72407419805833,0.01011860638157043
33.68,242.75409587042776,0.010103274770325299
33.69,242.7841174491525,0.01008796832874261
33.7,242.81413893423297,0.010072687012324688
33.71,242.8441603256697,0.010057430776658086
33.72,242.87418162346302,0.010042199577413554
33.730000000000004,242.90420282761343,0.010026993370345707
33.74,242.93422393812133,0.010011812111292975
33.75,242.9642449549872,0.009996655756177308
33.76,242.99426587821145,0.009981524261004182
33.77,243.02428670779454,0.009966417581862215
33.78,243.0543074437369,0.009951335674923253
33.79,243.0843280860389,0.009936278496441974
33.8,243.1143486347011,0.009921246002755789
33.81,243.14436908972388,0.009906238150284791
33.82,243.17438945110766,0.009891254895531427
33.83,243.20440971885287,0.009876296195080443
33.84,243.23442989296,0.009861362005598609
33.85,243.26444997342946,0.009846452283834687
33.86,243.29446996026167,0.009831566986619201
33.87,243.32448985345712,0.009816706070864177
33.88,243.35450965301618,0.009801869493563207
33.89,243.38452935893935,0.00978705721179104
33.9,243.41454897122705,0.009772269182703566
33.91000000000001,243.44456848987969,0.009757505363537642
33.92,243.4745879148977,0.009742765711610854
33.93,243.50460724628158,0.009728050184321399
33.94,243.53462648403172,0.009713358739147998
33.95,243.56464562814858,0.009698691333649591
33.96,243.59466467863257,0.009684047925465265
33.97,243.62468363548416,0.009669428472314051
33.980000000000004,243.6547024987038,0.00965483293199481
33.99,243.68472126829187,0.009640261262386093
34.0,243.71473994424883,0.009625713421445818
34.01,243.7447585265752,0.009611189367211318
34.02,243.77477701527127,0.009596689057799097
34.03,243.8047954103376,0.00958221245140461
34.04,243.83481371177456,0.009567759506302185
34.05,243.86483191958263,0.009553330180844815
34.06,243.89485003376222,0.00953892443346407
34.07,243.9248680543138,0.009524542222669838
34.08,243.95488598123774,0.009510183507050298
34.09,243.98490381453456,0.00949584824527159
34.1,244.01492155420468,0.009481536396077782
34.11,244.04493920024848,0.009467247918290742
34.12,244.07495675266648,0.009452982770809868
34.13,244.10497421145902,0.009438740912612029
34.14,244.13499157662665,0.009424522302751278
34.15,244.16500884816972,0.009410326900358932
34.16000000000001,244.1950260260887,0.009396154664643146
34.17,244.22504311038404,0.009382005554888969
34.18,244.25506010105616,0.009367879530458052
34.19,244.2850769981055,0.009353776550788593
34.2,244.31509380153253,0.009339696575395077
34.21,244.34511051133762,0.009325639563868272
34.22,244.37512712752127,0.009311605475874918
34.230000000000004,244.40514365008391,0.009297594271157675
34.24,244.43516007902593,0.009283605909534937
34.25,244.4651764143478,0.009269640350900681
34.26,244.49519265605,0.009255697555224277
34.27,244.52520880413292,0.009241777482550492
34.28,244.555224858597,0.009227880092999085
34.29,244.58524081944267,0.009214005346764913
34.300000000000004,244.61525668667042,0.009200153204117593
34.31,244.6452724602806,0.009186323625401473
34.32,244.67528814027375,0.009172516571035362
34.33,244.70530372665021,0.009158732001512517
34.34,244.7353192194105,0.009144969877400407
34.35,244.765334618555,0.009131230159340581
34.36,244.79534992408418,0.009117512808048513
34.37,244.82536513599845,0.009103817784313495
34.38,244.8553802542983,0.0090901450489984
34.39,244.88539527898413,0.009076494563039678
34.4,244.91541021005636,0.009062866287447086
34.41000000000001,244.94542504751547,0.00904926018330353
34.42,244.97543979136185,0.009035676211765032
34.43,245.005454441596,0.009022114334060503
34.44,245.03546899821828,0.009008574511491632
34.45,245.0654834612292,0.008995056705432632
34.46,245.0954978306292,0.00898156087733028
34.47,245.12551210641863,0.008968086988703688
34.480000000000004,245.15552628859803,0.00895463500114407
34.49,245.18554037716777,0.008941204876314687
34.5,245.2155543721283,0.008927796575950784
34.51,245.2455682734801,0.008914410061859218
34.52,245.27558208122358,0.00890104529591852
34.53,245.30559579535915,0.008887702240078716
34.54,245.3356094158873,0.00887438085636107
34.550000000000004,245.36562294280841,0.008861081106858083
34.56,245.39563637612295,0.008847802953733264
34.57,245.42564971583138,0.008834546359220995
34.58,245.4556629619341,0.008821311285626427
34.59,245.48567611443158,0.008808097695325317
34.6,245.51568917332423,0.008794905550763912
34.61,245.5457021386125,0.008781734814458717
34.62,245.57571501029682,0.008768585448996492
34.63,245.60572778837766,0.008755457417034013
34.64,245.6357404728554,0.008742350681297969
34.65,245.66575306373053,0.008729265204584788
34.66000000000001,245.69576556100347,0.00871620094976055
34.67,245.72577796467465,0.008703157879760857
34.68,245.7557902747445,0.008690135957590566
34.69,245.78580249121347,0.008677135146323837
34.7,245.81581461408203,0.008664155409103829
34.71,245.84582664335056,0.00865119670914271
34.72,245.87583857901953,0.00863825900972137
34.730000000000004,245.9058504210894,0.008625342274189414
34.74,245.93586216956055,0.008612446465964955
34.75,245.96587382443346,0.008599571548534468
34.76,245.99588538570853,0.008586717485452719
34.77,246.02589685338626,0.008573884240342548
34.78,246.05590822746706,0.008561071776894797
34.79,246.08591950795133,0.00854828005886816
34.800000000000004,246.11593069483956,0.008535509050088992
34.81,246.14594178813215,0.008522758714451292
34.82,246.17595278782957,0.008510029015916416
34.83,246.20596369393223,0.008497319918513092
34.84,246.23597450644058,0.008484631386337187
34.85,246.26598522535508,0.00847196338355159
34.86,246.29599585067612,0.008459315874386133
34.87,246.32600638240416,0.008446688823137373
34.88,246.35601682053965,0.008434082194168527
34.89,246.38602716508302,0.008421495951909315
34.9,246.41603741603473,0.008408930060855822
34.91000000000001,246.4460475733952,0.008396384485570384
34.92,246.47605763716479,0.008383859190681454
34.93,246.50606760734405,0.008371354140883405
34.94,246.53607748393338,0.008358869300936494
34.95,246.5660872669332,0.008346404635666714
34.96,246.596096956344,0.008333960109965595
34.97,246.62610655216616,0.008321535688790167
34.980000000000004,246.65611605440017,0.008309131337162736
34.99,246.68612546304638,0.008296747020170843
35.0,246.7161347781053,0.008284382702967033
35.01,246.74614399957738,0.008272038350768847
35.02,246.77615312746303,0.008259713928858582
35.03,246.80616216176264,0.008247409402583282
35.04,246.83617110247675,0.008235124737354447
35.050000000000004,246.86617994960574,0.008222859898648066
35.06,246.89618870315002,0.008210614852004373
35.07,246.92619736311008,0.008198389563027809
35.08,246.95620592948632,0.008186183997386808
35.09,246.9862144022792,0.008173998120813736
35.1,247.01622278148915,0.00816183189910474
35.11,247.04623106711662,0.0081496852981196
35.12,247.07623925916204,0.008137558283781692
35.13,247.10624735762582,0.008125450822077725
35.14,247.13625536250845,0.008113362879057692
35.15,247.16626327381036,0.00810129442083476
35.16000000000001,247.19627109153197,0.008089245413585118
35.17,247.22627881567365,0.008077215823547892
35.18,247.25628644623595,0.008065205617024913
35.19,247.28629398321925,0.008053214760380704
35.2,247.31630142662402,0.008041243220042292
35.21,247.34630877645066,0.008029290962499165
35.22,247.37631603269963,0.00801735795430302
35.230000000000004,247.40632319537139,0.008005444162067764
35.24,247.4363302644663,0.007993549552469321
35.25,247.4663372399849,0.007981674092245504
35.26,247.49634412192754,0.007969817748195974
35.27,247.5263509102947,0.007957980487181961
35.28,247.55635760508682,0.007946162276126314
35.29,247.58636420630432,0.007934363082013306
35.300000000000004,247.61637071394767,0.00792258287188845
35.31,247.64637712801726,0.007910821612858516
35.32,247.67638344851358,0.007899079272091256
35.33,247.706389675437,0.00788735581681541
35.34,247.73639580878802,0.007875651214320524
35.35,247.76640184856706,0.007863965431956832
35.36,247.79640779477455,0.00785229843713511
35.37,247.82641364741093,0.007840650197326663
35.38,247.85641940647665,0.007829020680063097
35.39,247.8864250719721,0.007817409852936212
35.4,247.9164306438978,0.007805817683597909
35.41000000000001,247.9464361222541,0.007794244139760122
35.42,247.97644150704153,0.007782689189194572
35.43,248.00644679826044,0.007771152799732777
35.44,248.0364519959113,0.007759634939265879
35.45,248.06645709999458,0.007748135575744449
35.46,248.09646211051066,0.007736654677178545
35.47,248.12646702746005,0.007725192211637433
35.480000000000004,248.15647185084313,0.007713748147249575
35.49,248.18647658066033,0.007702322452202432
35.5,248.21648121691211,0.007690915094742402
35.51,248.24648575959893,0.007679526043174687
35.52,248.27649020872119,0.00766815526586318
35.53,248.30649456427935,0.007656802731230324
35.54,248.33649882627384,0.0076454684077570745
35.550000000000004,248.36650299470512,0.007634152263982635
35.56,248.39650706957357,0.0076228542685045485
35.57,248.4265110508797,0.007611574389978372
35.58,248.45651493862388,0.0076003125971177
35.59,248.48651873280662,0.007589068858694002
35.6,248.5165224334283,0.007577843143536541
35.61,248.54652604048934,0.007566635420532193
35.62,248.57652955399024,0.007555445658625372
35.63,248.60653297393145,0.00754427382681794
35.64,248.6365363003133,0.007533119894169125
35.65,248.66653953313636,0.007521983829795228
35.66000000000001,248.69654267240097,0.007510865602869744
35.67,248.72654571810756,0.007499765182623128
35.68,248.75654867025665,0.007488682538342607
35.69,248.78655152884863,0.007477617639372298
35.7,248.81655429388394,0.007466570455112834
35.71,248.84655696536305,0.007455540955021448
35.72,248.87655954328633,0.007444529108611786
35.730000000000004,248.90656202765427,0.0074335348854537445
35.74,248.9365644184673,0.007422558255173469
35.75,248.96656671572586,0.007411599187453152
35.76,248.99656891943036,0.007400657652031009
35.77,249.02657102958128,0.007389733618701031
35.78,249.05657304617898,0.0073788270573130685
35.79,249.086574969224,0.007367937937772507
35.800000000000004,249.11657679871675,0.0073570662300403355
35.81,249.14657853465758,0.007346211904132983
35.82,249.17658017704704,0.007335374930122092
35.83,249.2065817258855,0.007324555278134628
35.84,249.23658318117344,0.007313752918352569
35.85,249.2665845429113,0.007302967821012938
35.86,249.29658581109942,0.007292199956407612
35.87,249.32658698573837,0.00728144929488323
35.88,249.35658806682852,0.007270715806841132
35.89,249.38658905437032,0.007259999462737176
35.9,249.4165899483642,0.0072493002330816896
35.91000000000001,249.4465907488106,0.007238618088439361
35.92,249.47659145570995,0.007227952999429067
35.93,249.50659206906272,0.007217304936723873
35.94,249.53659258886933,0.007206673871050812
35.95,249.5665930151302,0.007196059773190875
35.96,249.59659334784575,0.007185462613978855
35.97,249.6265935870165,0.0071748823643032296
35.980000000000004,249.6565937326428,0.007164318995106112
35.99,249.68659378472512,0.007153772477383077
36.0,249.7165937432639,0.007143242782183123
36.01,249.74659360825962,0.007132729880608481
36.02,249.77659337971264,0.007122233743814634
36.03,249.80659305762345,0.007111754343010089
36.04,249.83659264199244,0.007101291649456339
36.050000000000004,249.86659213282013,0.007090845634467717
36.06,249.89659153010683,0.007080416269411418
36.07,249.9265908338531,0.007070003525707179
36.08,249.95659004405934,0.0070596073748273504
36.09,249.98658916072594,0.0070492277882967655
36.1,250.0165881838534,0.0070388647376925274
36.11,250.04658711344214,0.007028518194644055
36.12,250.0765859494926,0.007018188130832915
36.13,250.10658469200519,0.007007874517992668
36.14,250.13658334098034,0.006997577327908898
36.15,250.16658189641856,0.006987296532418917
36.16000000000001,250.19658035832023,0.006977032103411874
36.17,250.22657872668577,0.006966784012828521
36.18,250.25657700151567,0.0069565522326611486
36.19,250.28657518281034,0.006946336734953467
36.2,250.3165732705702,0.006936137491800552
36.21,250.34657126479573,0.006925954475348665
36.22,250.37656916548733,0.006915787657795285
36.230000000000004,250.40656697264546,0.006905637011388824
36.24,250.43656468627054,0.0068955025084286945
36.25,250.46656230636302,0.006885384121265147
36.26,250.49655983292334,0.006875281822299111
36.27,250.52655726595194,0.006865195583982206
36.28,250.55655460544924,0.006855125378816551
36.29,250.5865518514157,0.006845071179354739
36.300000000000004,250.61654900385173,0.006835032958199683
36.31,250.64654606275778,0.0068250106880045226
36.32,250.6765430281343,0.006815004341472554
36.33,250.70653989998172,0.006805013891357118
36.34,250.73653667830047,0.006795039310461517
36.35,250.76653336309099,0.00678508057163887
36.36,250.79652995435373,0.006775137647792049
36.37,250.82652645208907,0.006765210511873627
36.38,250.85652285629754,0.006755299136885669
36.39,250.88651916697955,0.006745403495879732
36.4,250.9165153841355,0.006735523561956772
36.41000000000001,250.94651150776582,0.006725659308266943
36.42,250.976507537871,0.006715810708009605
36.43,251.00650347445145,0.006705977734433192
36.44,251.03649931750758,0.006696160360835131
36.45,251.06649506703985,0.0066863585605617054
36.46,251.09649072304876,0.006676572307007981
36.47,251.12648628553467,0.006666801573617766
36.480000000000004,251.15648175449803,0.006657046333883403
36.49,251.18647712993928,0.006647306561345802
36.5,251.21647241185886,0.006637582229594213
36.51,251.2464676002572,0.006627873312266238
36.52,251.27646269513477,0.006618179783047708
36.53,251.30645769649198,0.006608501615672569
36.54,251.33645260432928,0.006598838783922761
36.550000000000004,251.3664474186471,0.006589191261628213
36.56,251.39644213944587,0.0065795590226667
36.57,251.426436766726,0.006569942040963726
36.58,251.45643130048802,0.00656034029049241
36.59,251.48642574073227,0.006550753745273518
36.6,251.51642008745927,0.006541182379375248
36.61,251.54641434066937,0.006531626166913184
36.62,251.57640850036307,0.006522085082050199
36.63,251.60640256654077,0.006512559098996338
36.64,251.63639653920296,0.0065030481920087735
36.65,251.66639041835003,0.0064935523353916854
36.66000000000001,251.69638420398243,0.0064840715034961745
36.67,251.72637789610056,0.006474605670720201
36.68,251.75637149470495,0.006465154811508369
36.69,251.78636499979595,0.0064557189003520395
36.7,251.81635841137404,0.006446297911789065
36.71,251.84635172943965,0.006436891820403766
36.72,251.87634495399323,0.00642750060082685
36.730000000000004,251.90633808503517,0.006418124227735342
36.74,251.93633112256595,0.006408762675852399
36.75,251.966324066586,0.006399415919947314
36.76,251.99631691709575,0.006390083934835408
36.77,252.02630967409567,0.006380766695377885
36.78,252.05630233758615,0.0063714641764818425
36.79,252.08629490756763,0.006362176353100065
36.800000000000004,252.1162873840406,0.0063529032002310575
36.81,252.1462797670054,0.006343644692918848
36.82,252.17627205646255,0.006334400806252943
36.83,252.2062642524125,0.006325171515368275
36.84,252.23625635485564,0.006315956795445046
36.85,252.26624836379239,0.006306756621708707
36.86,252.29624027922324,0.006297570969429809
36.87,252.32623210114858,0.006288399813923982
36.88,252.35622382956888,0.00627924313055174
36.89,252.38621546448462,0.006270100894718493
36.9,252.41620700589613,0.00626097308187451
36.91000000000001,252.44619845380393,0.006251859667514617
36.92,252.4761898082084,0.006242760627178351
36.93,252.50618106911003,0.006233675936449715
36.94,252.53617223650923,0.0062246055709571394
36.95,252.56616331040647,0.0062155495063734205
36.96,252.5961542908021,0.006206507718415638
36.97,252.62614517769669,0.006197480182844976
36.980000000000004,252.65613597109058,0.006188466875466761
36.99,252.68612667098418,0.006179467772130341
37.0,252.71611727737803,0.006170482848728905
37.01,252.7461077902725,0.006161512081199532
37.02,252.77609820966805,0.006152555445523038
37.03,252.8060885355651,0.006143612917723895
37.04,252.83607876796407,0.006134684473870169
37.050000000000004,252.8660689068655,0.006125770090073349
37.06,252.8960589522697,0.006116869742488461
37.07,252.92604890417715,0.0061079834073137235
37.08,252.95603876258832,0.006099111060790686
37.09,252.9860285275036,0.006090252679204024
37.1,253.0160181989235,0.006081408238881458
37.11,253.04600777684837,0.006072577716193754
37.12,253.0759972612787,0.006063761087554545
37.13,253.10598665221488,0.006054958329420298
37.14,253.13597594965745,0.006046169418290209
37.15,253.16596515360672,0.006037394330706159
37.16000000000001,253.1959542640632,0.006028633043252589
37.17,253.2259432810273,0.0060198855325564364
37.18,253.25593220449946,0.006011151775287044
37.19,253.28592103448014,0.0060024317481560735
37.2,253.3159097709698,0.005993725427917431
37.21,253.3458984139688,0.005985032791367242
37.22,253.37588696347763,0.005976353815343637
37.230000000000004,253.4058754194967,0.0059676884767268104
37.24,253.43586378202644,0.005959036752438842
37.25,253.46585205106737,0.005950398619443647
37.26,253.49584022661983,0.005941774054746944
37.27,253.5258283086843,0.0059331630353960715
37.28,253.5558162972612,0.005924565538480008
37.29,253.585804192351,0.005915981541129235
37.300000000000004,253.6157919939541,0.005907411020515646
37.31,253.64577970207094,0.005898853953852553
37.32,253.67576731670198,0.005890310318394483
37.33,253.70575483784768,0.005881780091437171
37.34,253.7357422655084,0.00587326325031751
37.35,253.76572959968462,0.005864759772413405
37.36,253.7957168403768,0.005856269635143692
37.37,253.82570398758534,0.005847792815968113
37.38,253.8556910413107,0.005839329292387238
37.39,253.88567800155332,0.005830879041942308
37.4,253.9156648683136,0.005822442042215258
37.41000000000001,253.94565164159204,0.00581401827082852
37.42,253.975638321389,0.005805607705445083
37.43,254.00562490770497,0.0057972103237683165
37.44,254.03561140054038,0.005788826103541892
37.45,254.06559779989567,0.00578045502254979
37.46,254.09558410577125,0.0057720970586161244
37.47,254.12557031816758,0.00576375218960512
37.480000000000004,254.15555643708512,0.005755420393421011
37.49,254.18554246252424,0.005747101648008023
37.5,254.21552839448543,0.005738795931350161
37.51,254.24551423296913,0.005730503221471294
37.52,254.27549997797576,0.005722223496434979
37.53,254.30548562950577,0.005713956734344398
37.54,254.33547118755956,0.005705702913342315
37.550000000000004,254.3654566521376,0.005697462011610952
37.56,254.39544202324032,0.005689234007371956
37.57,254.42542730086817,0.005681018878886298
37.58,254.45541248502155,0.005672816604454226
37.59,254.48539757570094,0.005664627162415122
37.6,254.51538257290676,0.00565645053114753
37.61,254.54536747663943,0.005648286689068968
37.62,254.57535228689943,0.005640135614635936
37.63,254.60533700368714,0.005631997286343838
37.64,254.63532162700307,0.0056238716827268324
37.65,254.66530615684758,0.005615758782357831
37.66000000000001,254.69529059322116,0.005607658563848415
37.67,254.72527493612415,0.005599571005848735
37.68,254.75525918555715,0.005591496087047419
37.69,254.7852433415205,0.005583433786171583
37.7,254.81522740401462,0.0055753840819866615
37.71,254.84521137304,0.0055673469532963715
37.72,254.87519524859707,0.005559322378942671
37.730000000000004,254.90517903068624,0.00555131033780564
37.74,254.93516271930793,0.005543310808803438
37.75,254.9651463144626,0.0055353237708921765
37.76,254.99512981615072,0.0055273492030659096
37.77,255.0251132243727,0.005519387084356541
37.78,255.05509653912895,0.005511437393833752
37.79,255.08507976041997,0.005503500110604908
37.800000000000004,255.11506288824614,0.005495575213815009
37.81,255.14504592260792,0.005487662682646625
37.82,255.17502886350573,0.005479762496319785
37.83,255.20501171094003,0.005471874634091925
37.84,255.23499446491124,0.005463999075257863
37.85,255.26497712541982,0.0054561357991496345
37.86,255.2949596924662,0.005448284785136505
37.87,255.3249421660508,0.005440446012624844
37.88,255.35492454617403,0.005432619461058111
37.89,255.3849068328364,0.005424805109916683
37.9,255.41488902603828,0.005417002938717916
37.91000000000001,255.4448711257802,0.005409212927015963
37.92,255.47485313206246,0.0054014350544017665
37.93,255.5048350448856,0.005393669300502978
37.94,255.53481686425005,0.005385915644983837
37.95,255.56479859015622,0.005378174067545186
37.96,255.59478022260453,0.005370444547924353
37.97,255.62476176159544,0.005362727065895047
37.980000000000004,255.6547432071294,0.0053550216012673525
37.99,255.6847245592068,0.005347328133887657
38.0,255.71470581782813,0.0053396466436385105
38.01,255.7446869829938,0.005331977110438626
38.02,255.77466805470428,0.005324319514242802
38.03,255.80464903296,0.005316673835041813
38.04,255.8346299177613,0.005309040052862379
38.050000000000004,255.86461070910877,0.005301418147767084
38.06,255.89459140700274,0.005293808099854312
38.07,255.92457201144367,0.005286209889258169
38.08,255.95455252243198,0.0052786234961484345
38.09,255.98453293996818,0.005271048900730442
38.1,256.01451326405265,0.005263486083245071
38.11,256.0444934946858,0.005255935023968678
38.12,256.07447363186816,0.005248395703212949
38.13,256.1044536756001,0.005240868101324949
38.14,256.134433625882,0.005233352198686968
38.15,256.16441348271445,0.005225847975716467
38.16000000000001,256.1943932460978,0.005218355412866041
38.17,256.2243729160324,0.005210874490623339
38.18,256.2543524925189,0.005203405189510949
38.19,256.2843319755575,0.0051959474900864465
38.2,256.3143113651488,0.0051885013729422065
38.21,256.34429066129314,0.0051810668187054106
38.22,256.37426986399106,0.005173643808037907
38.230000000000004,256.40424897324294,0.005166232321636244
38.24,256.4342279890492,0.005158832340231561
38.25,256.46420691141026,0.005151443844589481
38.26,256.4941857403266,0.005144066815510078
38.27,256.52416447579867,0.00513670123382781
38.28,256.55414311782687,0.005129347080411503
38.29,256.58412166641165,0.005122004336164168
38.300000000000004,256.61410012155346,0.005114672982023047
38.31,256.6440784832527,0.005107352998959509
38.32,256.67405675150985,0.005100044367978946
38.33,256.70403492632533,0.005092747070120775
38.34,256.7340130076996,0.005085461086458323
38.35,256.76399099563304,0.005078186398098811
38.36,256.7939688901261,0.005070922986183214
38.37,256.8239466911793,0.005063670831886267
38.38,256.85392439879297,0.005056429916416382
38.39,256.8839020129676,0.005049200221015558
38.4,256.9138795337036,0.005041981726959345
38.41000000000001,256.9438569610014,0.005034774415556783
38.42,256.97383429486155,0.0050275782681502915
38.43,257.00381153528434,0.005020393266115686
38.44,257.03378868227026,0.005013219390862034
38.45,257.06376573581974,0.005006056623831627
38.46,257.09374269593326,0.0049989049464999385
38.47,257.1237195626112,0.004991764340375528
38.480000000000004,257.153696335854,0.004984634786999989
38.49,257.1836730156622,0.0049775162679478735
38.5,257.21364960203607,0.004970408764826652
38.51,257.24362609497615,0.004963312259276664
38.52,257.2736024944829,0.004956226732970975
38.53,257.3035788005567,0.004949152167615405
38.54,257.33355501319795,0.0049420885449484656
38.550000000000004,257.3635311324072,0.004935035846741196
38.56,257.3935071581848,0.0049279940547972256
38.57,257.42348309053125,0.004920963150952611
38.58,257.45345892944687,0.004913943117075863
38.59,257.48343467493225,0.004906933935067785
38.6,257.5134103269877,0.004899935586861535
38.61,257.54338588561376,0.00489294805442244
38.62,257.5733613508108,0.004885971319748012
38.63,257.6033367225793,0.004879005364867868
38.64,257.6333120009196,0.004872050171843688
38.65,257.66328718583225,0.004865105722769088
38.66000000000001,257.6932622773177,0.004858171999769605
38.67,257.7232372753762,0.004851248985002713
38.68,257.7532121800084,0.004844336660657572
38.69,257.7831869912146,0.004837435008955184
38.7,257.8131617089954,0.004830544012148137
38.71,257.843136333351,0.004823663652520703
38.72,257.87311086428207,0.004816793912388693
38.730000000000004,257.9030853017889,0.004809934774099401
38.74,257.933059645872,0.004803086220031585
38.75,257.9630338965317,0.004796248232595356
38.76,257.99300805376856,0.004789420794232176
38.77,258.02298211758296,0.004782603887414716
38.78,258.05295608797536,0.004775797494646886
38.79,258.0829299649462,0.00476900159846374
38.800000000000004,258.11290374849585,0.0047622161814313765
38.81,258.1428774386248,0.004755441226146965
38.82,258.1728510353335,0.004748676715238593
38.83,258.2028245386224,0.004741922631365285
38.84,258.23279794849185,0.0047351789572169
38.85,258.26277126494233,0.004728445675514099
38.86,258.29274448797435,0.004721722769008215
38.87,258.32271761758824,0.004715010220481351
38.88,258.3526906537845,0.004708308012746113
38.89,258.3826635965636,0.004701616128645762
38.9,258.41263644592584,0.004694934551053989
38.91000000000001,258.4426092018718,0.0046882632628749464
38.92,258.47258186440183,0.004681602247043168
38.93,258.5025544335164,0.00467495148652351
38.94,258.53252690921596,0.004668310964311097
38.95,258.56249929150096,0.004661680663431263
38.96,258.59247158037175,0.004655060566939489
38.97,258.6224437758288,0.004648450657921358
38.980000000000004,258.65241587787267,0.004641850919492463
38.99,258.6823878865036,0.004635261334798446
39.0,258.7123598017222,0.004628681887014784
39.01,258.7423316235288,0.004622112559346877
39.02,258.7723033519238,0.004615553335029946
39.03,258.8022749869078,0.004609004197328914
39.04,258.8322465284811,0.004602465129538442
39.050000000000004,258.86221797664416,0.004595936114982835
39.06,258.8921893313975,0.004589417137015951
39.07,258.9221605927414,0.00458290817902122
39.08,258.9521317606764,0.004576409224411515
39.09,258.98210283520297,0.004569920256629126
39.1,259.0120738163215,0.004563441259145726
39.11,259.04204470403243,0.004556972215462278
39.12,259.07201549833616,0.004550513109109021
39.13,259.1019861992332,0.004544063923645345
39.14,259.1319568067239,0.004537624642659828
39.15,259.1619273208088,0.004531195249770115
39.16000000000001,259.1918977414882,0.004524775728622872
39.17,259.2218680687627,0.004518366062893741
39.18,259.2518383026326,0.0045119662362873144
39.19,259.28180844309844,0.0045055762325370225
39.2,259.3117784901606,0.004499196035405118
39.21,259.3417484438195,0.004492825628682609
39.22,259.37171830407556,0.00448646499618921
39.230000000000004,259.4016880709293,0.004480114121773272
39.24,259.4316577443811,0.004473772989311773
39.25,259.46162732443145,0.00446744158271017
39.26,259.4915968110807,0.0044611198859025
39.27,259.52156620432936,0.004454807882851141
39.28,259.5515355041778,0.004448505557546911
39.29,259.5815047106266,0.004442212894008925
39.300000000000004,259.61147382367596,0.004435929876284592
39.31,259.6414428433265,0.004429656488449506
39.32,259.67141176957864,0.004423392714607472
39.33,259.7013806024328,0.004417138538890366
39.34,259.7313493418893,0.004410893945458162
39.35,259.76131798794876,0.004404658918498805
39.36,259.7912865406115,0.004398433442228211
39.37,259.821254999878,0.004392217500890219
39.38,259.8512233657487,0.0043860110787564775
39.39,259.881191638224,0.004379814160126459
39.4,259.91115981730434,0.004373626729327373
39.41000000000001,259.9411279029903,0.004367448770714088
39.42,259.971095895282,0.004361280268669196
39.43,260.0010637941802,0.004355121207602771
39.44,260.03103159968515,0.004348971571952517
39.45,260.0609993117974,0.00434283134618355
39.46,260.09096693051725,0.004336700514788457
39.47,260.12093445584526,0.004330579062287208
39.480000000000004,260.15090188778186,0.004324466973227059
39.49,260.1808692263274,0.004318364232182603
39.5,260.21083647148237,0.0043122708237556115
39.51,260.2408036232472,0.004306186732575059
39.52,260.2707706816223,0.004300111943297032
39.53,260.30073764660824,0.004294046440604673
39.54,260.33070451820527,0.004287990209208193
39.550000000000004,260.3606712964139,0.004281943233844724
39.56,260.3906379812346,0.004275905499278337
39.57,260.42060457266774,0.004269876990299978
39.58,260.45057107071386,0.004263857691727404
39.59,260.4805374753733,0.004257847588405154
39.6,260.51050378664655,0.004251846665204445
39.61,260.54047000453403,0.004245854907023222
39.62,260.5704361290361,0.004239872298786014
39.63,260.60040216015335,0.0042338988254438945
39.64,260.63036809788616,0.004227934471974497
39.65,260.66033394223484,0.004221979223381918
39.66000000000001,260.6902996932,0.004216033064696631
39.67,260.72026535078203,0.004210095980975515
39.68,260.7502309149813,0.004204167957301781
39.69,260.78019638579826,0.0041982489787848595
39.7,260.81016176323345,0.0041923390305604385
39.71,260.8401270472872,0.004186438097790379
39.72,260.87009223795997,0.004180546165662643
39.730000000000004,260.9000573352522,0.004174663219391275
39.74,260.93002233916434,0.004168789244216343
39.75,260.95998724969684,0.004162924225403882
39.76,260.9899520668501,0.0041570681482458694
39.77,261.01991679062456,0.004151220998060154
39.78,261.04988142102064,0.004145382760190408
39.79,261.07984595803885,0.004139553420006091
39.800000000000004,261.1098104016796,0.004133732962902361
39.81,261.13977475194326,0.004127921374300137
39.82,261.16973900883033,0.00412211863964589
39.83,261.19970317234123,0.004116324744411733
39.84,261.2296672424764,0.004110539674095292
39.85,261.25963121923627,0.0041047634142196915
39.86,261.28959510262126,0.004098995950333504
39.87,261.3195588926319,0.004093237268010686
39.88,261.3495225892685,0.004087487352850579
39.89,261.37948619253154,0.004081746190477764
39.9,261.40944970242145,0.004076013766542137
39.91000000000001,261.4394131189388,0.0040702900667187476
39.92,261.4693764420837,0.0040645750767078674
39.93,261.49933967185694,0.0040588687822348075
39.94,261.5293028082588,0.004053171169049989
39.95,261.55926585128975,0.004047482222928851
39.96,261.58922880095014,0.0040418019296717955
39.97,261.6191916572405,0.004036130275104131
39.980000000000004,261.64915442016127,0.004030467245076069
39.99,261.67911708971275,0.004024812825462673
40.0,261.70907966589556,0.004019167002163708
40.01,261.73904214871004,0.004013529761103768
40.02,261.76900453815665,0.004007901088232095
40.03,261.79896683423584,0.0040022809695225755
40.04,261.828929036948,0.003996669390973714
40.050000000000004,261.8588911462936,0.00399106633860856
40.06,261.88885316227305,0.003985471798474673
40.07,261.91881508488683,0.003979885756644061
40.08,261.9487769141353,0.003974308199213177
40.09,261.978738650019,0.003968739112302795
40.1,262.0087002925383,0.003963178482058071
40.11,262.0386618416937,0.003957626294648407
40.12,262.0686232974855,0.003952082536267466
40.13,262.09858465991425,0.003946547193133047
40.14,262.1285459289804,0.003941020251487154
40.15,262.1585071046843,0.0039355016975958544
40.16000000000001,262.1884681870265,0.0039299915177492695
40.17,262.21842917600725,0.003924489698261565
40.18,262.2483900716272,0.0039189962254707975
40.19,262.27835087388667,0.003913511085739024
40.2,262.30831158278613,0.003908034265452125
40.21,262.33827219832597,0.0039025657510198416
40.22,262.3682327205067,0.0038971055288756595
40.230000000000004,262.39819314932873,0.0038916535854768386
40.24,262.4281534847924,0.0038862099073043456
40.25,262.4581137268983,0.0038807744808627546
40.26,262.48807387564676,0.003875347292680293
40.27,262.5180339310383,0.0038699283293087174
40.28,262.5479938930733,0.003864517577323337
40.29,262.57795376175216,0.003859115023322915
40.300000000000004,262.60791353707543,0.0038537206539296454
40.31,262.6378732190434,0.0038483344557891357
40.32,262.6678328076566,0.003842956415570307
40.33,262.6977923029155,0.0038375865199654063
40.34,262.72775170482043,0.00383222475568993
40.35,262.75771101337193,0.003826871109482582
40.36,262.78767022857033,0.003821525568105255
40.37,262.8176293504162,0.0038161881183429434
40.38,262.84758837890985,0.0038108587470037708
40.39,262.8775473140518,0.003805537440918852
40.4,262.90750615584244,0.003800224186942343
40.41000000000001,262.93746490428225,0.0037949189719513323
40.42,262.9674235593716,0.003789621782845829
40.43,262.99738212111095,0.003784332606548715
40.44,263.0273405895008,0.003779051430005701
40.45,263.05729896454153,0.003773778240185273
40.46,263.08725724623355,0.003768513024078689
40.47,263.11721543457736,0.003763255768699873
40.480000000000004,263.14717352957337,0.0037580064610854254
40.49,263.17713153122196,0.0037527650882945803
40.5,263.20708943952366,0.0037475316374091126
40.51,263.23704725447885,0.003742306095533356
40.52,263.267004976088,0.0037370884497941095
40.53,263.2969626043515,0.003731878687340655
40.54,263.3269201392699,0.003726676795344657
40.550000000000004,263.35687758084345,0.003721482761000153
40.56,263.3868349290727,0.003716296571523522
40.57,263.4167921839581,0.0037111182141533767
40.58,263.4467493455,0.003705947676150626
40.59,263.47670641369893,0.00370078494479834
40.6,263.50666338855535,0.003695630007401764
40.61,263.53662027006953,0.0036904828512882926
40.62,263.5665770582421,0.003685343463807313
40.63,263.59653375307334,0.0036802118323303323
40.64,263.6264903545638,0.003675087944250794
40.65,263.6564468627139,0.003669971786984135
40.66000000000001,263.68640327752405,0.003664863347967682
40.67,263.71635959899464,0.0036597626146606475
40.68,263.7463158271262,0.003654669574544062
40.69,263.77627196191906,0.003649584215120762
40.7,263.8062280033737,0.003644506523915316
40.71,263.8361839514906,0.003639436488474015
40.72,263.8661398062702,0.003634374096364808
40.730000000000004,263.89609556771285,0.0036293193351772998
40.74,263.92605123581905,0.0036242721925226584
40.75,263.95600681058926,0.0036192326560336037
40.76,263.9859622920238,0.0036142007133643794
40.77,264.01591768012327,0.003609176352190691
40.78,264.045872974888,0.0036041595602096647
40.79,264.07582817631845,0.0035991503251398345
40.800000000000004,264.1057832844151,0.00359414863472106
40.81,264.1357382991783,0.0035891544767145504
40.82,264.1656932206085,0.003584167838902755
40.83,264.1956480487062,0.0035791887090893468
40.84,264.22560278347174,0.003574217075099223
40.85,264.2555574249057,0.003569252924778401
40.86,264.2855119730084,0.0035642962459940383
40.87,264.3154664277803,0.003559347026634365
40.88,264.34542078922186,0.0035544052546086233
40.89,264.3753750573335,0.003549470917847086
40.9,264.4053292321156,0.0035445440043009573
40.91000000000001,264.43528331356873,0.0035396245019423543
40.92,264.4652373016932,0.0035347123987643134
40.93,264.49519119648954,0.0035298076827806725
40.94,264.52514499795814,0.0035249103420260984
40.95,264.5550987060994,0.0035200203645560113
40.96,264.5850523209138,0.003515137738446545
40.97,264.61500584240184,0.003510262451794543
40.980000000000004,264.64495927056385,0.003505394492717498
40.99,264.67491260540027,0.003500533849353508
41.0,264.70486584691156,0.0034956805098612345
41.01,264.7348189950982,0.003490834462419874
41.02,264.7647720499606,0.0034859956952291455
41.03,264.79472501149917,0.003481164196509194
41.04,264.8246778797144,0.0034763399545006107
41.050000000000004,264.85463065460664,0.0034715229574643616
41.06,264.8845833361764,0.003466713193681759
41.07,264.91453592442406,0.003461910651454424
41.08,264.94448841935014,0.0034571153191042324
41.09,264.974440820955,0.0034523271849733325
41.1,265.0043931292391,0.0034475462374240293
41.11,265.03434534420285,0.0034427724648388104
41.12,265.0642974658467,0.0034380058556202683
41.13,265.0942494941712,0.0034332463981910817
41.14,265.1242014291766,0.003428494080994004
41.15,265.15415327086345,0.0034237488924917635
41.16000000000001,265.1841050192322,0.0034190108211670602
41.17,265.21405667428314,0.003414279855522583
41.18,265.2440082360169,0.0034095559840808466
41.19,265.27395970443376,0.0034048391953842867
41.2,265.30391107953426,0.0034001294779951287
41.21,265.33386236131884,0.0033954268204954012
41.22,265.36381354978784,0.0033907312114869028
41.230000000000004,265.39376464494177,0.003386042639591117
41.24,265.42371564678103,0.003381361093449231
41.25,265.4536665553061,0.003376686561722059
41.26,265.4836173705173,0.0033720190330900402
41.27,265.51356809241526,0.0033673584962531687
41.28,265.5435187210003,0.0033627049399309822
41.29,265.5734692562728,0.003358058352862525
41.300000000000004,265.6034196982334,0.003353418723806274
41.31,265.63337004688225,0.003348786041540195
41.32,265.66332030222,0.0033441602948615775
41.33,265.693270464247,0.003339541472587096
41.34,265.7232205329637,0.003334929563552769
41.35,265.75317050837054,0.0033303245566138474
41.36,265.783120390468,0.003325726440644875
41.37,265.81307017925644,0.003321135204539602
41.38,265.84301987473634,0.003316550837210936
41.39,265.87296947690817,0.003311973327590934
41.4,265.90291898577226,0.0033074026646307967
41.41000000000001,265.9328684013292,0.003302838837300733
41.42,265.96281772357924,0.003298281834590054
41.43,265.9927669525229,0.003293731645507037
41.44,266.0227160881607,0.0032891882590789204
41.45,266.052665130493,0.0032846516643518947
41.46,266.0826140795202,0.003280121850391042
41.47,266.1125629352428,0.003275598806280316
41.480000000000004,266.14251169766123,0.003271082521122475
41.49,266.17246036677585,0.0032665729840391064
41.5,266.20240894258717,0.0032620701841705162
41.51,266.23235742509564,0.0032575741106757538
41.52,266.26230581430167,0.0032530847527325662
41.53,266.29225411020565,0.0032486020995373516
41.54,266.3222023128081,0.003244126140305118
41.550000000000004,266.3521504221094,0.003239656864269478
41.56,266.38209843811,0.003235194260682583
41.57,266.41204636081034,0.0032307383188151153
41.58,266.44199419021083,0.0032262890279562374
41.59,266.47194192631196,0.003221846377413547
41.6,266.5018895691141,0.003217410356513094
41.61,266.5318371186178,0.003212980954599263
41.62,266.56178457482326,0.003208558161034852
41.63,266.5917319377312,0.003204141965200895
41.64,266.6216792073419,0.0031997323564967803
41.65,266.6516263836558,0.0031953293243401166
41.66000000000001,266.6815734666734,0.0031909328581667114
41.67,266.7115204563951,0.003186542947430578
41.68,266.74146735282125,0.0031821595816038683
41.69,266.7714141559524,0.0031777827501768495
41.7,266.801360865789,0.003173412442657865
41.71,266.83130748233145,0.003169048648573311
41.72,266.8612540055801,0.003164691357467609
41.730000000000004,266.89120043553555,0.0031603405589031475
41.74,266.9211467721981,0.0031559962424602835
41.75,266.95109301556823,0.0031516583977372584
41.76,266.9810391656464,0.003147327014350223
41.77,267.01098522243296,0.0031430020819331866
41.78,267.04093118592846,0.0031386835901379413
41.79,267.0708770561333,0.0031343715286340857
41.800000000000004,267.1008228330479,0.0031300658871089857
41.81,267.13076851667273,0.003125766655267704
41.82,267.1607141070081,0.0031214738228330014
41.83,267.19065960405464,0.003117187379545285
41.84,267.22060500781265,0.0031129073151626055
41.85,267.2505503182826,0.0031086336194605774
41.86,267.2804955354649,0.0031043662822323945
41.87,267.3104406593601,0.0031001052932887623
41.88,267.34038568996846,0.0030958506424578936
41.89,267.3703306272905,0.003091602319585459
41.9,267.4002754713268,0.003087360314534537
41.91000000000001,267.43022022207754,0.0030831246171856516
41.92,267.4601648795433,0.00307889521743666
41.93,267.49010944372446,0.003074672105202755
41.94,267.52005391462154,0.0030704552704164303
41.95,267.5499982922349,0.003066244703027472
41.96,267.579942576565,0.003062040393002886
41.97,267.60988676761224,0.0030578423303268933
41.980000000000004,267.6398308653771,0.0030536505050008833
41.99,267.66977486986,0.003049464907043412
42.0,267.69971878106145,0.0030452855264901228
42.01,267.7296625989818,0.00304111235339376
42.02,267.7596063236215,0.0030369453778241067
42.03,267.78954995498094,0.0030327845898679875
42.04,267.81949349306063,0.0030286299796291874
42.050000000000004,267.849436937861,0.0030244815372284634
42.06,267.8793802893824,0.0030203392528035064
42.07,267.90932354762543,0.0030162031165088896
42.08,267.9392667125903,0.0030120731185160725
42.09,267.9692097842777,0.0030079492490132998
42.1,267.9991527626879,0.00300383149820569
42.11,268.02909564782135,0.0029997198563150914
42.12,268.0590384396786,0.0029956143135800826
42.13,268.0889811382599,0.0029915148602560004
42.14,268.1189237435658,0.0029874214866148167
42.15,268.1488662555968,0.0029833341829451727
42.16000000000001,268.17880867435315,0.002979252939552345
42.17,268.20875099983544,0.0029751777467581786
42.18,268.23869323204406,0.0029711085949010794
42.19,268.26863537097944,0.0029670454743359956
42.2,268.298577416642,0.0029629883754343617
42.21,268.32851936903216,0.002958937288584101
42.22,268.3584612281505,0.002954892204189543
42.230000000000004,268.3884029939973,0.002950853112671453
42.24,268.418344666573,0.002946820004466982
42.25,268.4482862458781,0.002942792870029605
42.26,268.478227731913,0.0029387716998291206
42.27,268.5081691246782,0.00293475648435164
42.28,268.538110424174,0.0029307472140995194
42.29,268.568051630401,0.0029267438795913337
42.300000000000004,268.59799274335955,0.002922746471361871
42.31,268.62793376305007,0.0029187549799621093
42.32,268.65787468947303,0.002914769395959126
42.33,268.68781552262885,0.0029107897099361537
42.34,268.717756262518,0.0029068159124924766
42.35,268.7476969091408,0.0029028479942434593
42.36,268.77763746249786,0.002898885945820458
42.37,268.8075779225895,0.002894929757870863
42.38,268.83751828941615,0.0028909794210579998
42.39,268.8674585629783,0.002887034926061148
42.4,268.89739874327637,0.002883096263575486
42.41000000000001,268.9273388303109,0.0028791634243120617
42.42,268.95727882408204,0.002875236398997826
42.43,268.98721872459043,0.0028713151783754825
42.44,269.0171585318365,0.002867399753203564
42.45,269.04709824582073,0.0028634901142563602
42.46,269.07703786654344,0.0028595862523238982
42.47,269.1069773940051,0.0028556881582119105
42.480000000000004,269.1369168282062,0.0028517958227418086
42.49,269.1668561691471,0.0028479092367506586
42.5,269.1967954168283,0.002844028391091124
42.51,269.2267345712502,0.002840153276631497
42.52,269.25667363241325,0.0028362838842555995
42.53,269.2866126003179,0.0028324202048628224
42.54,269.3165514749645,0.002828562229368045
42.550000000000004,269.3464902563536,0.002824709948701622
42.56,269.37642894448555,0.002820863353809374
42.57,269.4063675393609,0.002817022435652531
42.58,269.4363060409799,0.0028131871852077345
42.59,269.46624444934315,0.002809357593466971
42.6,269.4961827644511,0.0028055336514375864
42.61,269.526120986304,0.0028017153501422453
42.62,269.55605911490244,0.0027979026806188643
42.63,269.58599715024684,0.002794095633920648
42.64,269.61593509233757,0.0027902942011160097
42.65,269.6458729411752,0.002786498373288558
42.66000000000001,269.67581069676,0.0027827081415371115
42.67,269.70574835909247,0.002778923496975592
42.68,269.73568592817304,0.0027751444307330636
42.69,269.7656234040022,0.002771370933953675
42.7,269.7955607865804,0.002767602997796631
42.71,269.82549807590794,0.0027638406134361864
42.72,269.85543527198536,0.002760083772061599
42.730000000000004,269.8853723748131,0.0027563324648771
42.74,269.91530938439155,0.002752586683101883
42.75,269.9452463007212,0.002748846417970073
42.76,269.97518312380237,0.002745111660730691
42.77,270.0051198536356,0.002741382402647618
42.78,270.03505649022134,0.0027376586349996115
42.79,270.06499303356,0.002733940349080212
42.800000000000004,270.094929483652,0.002730227536197772
42.81,270.1248658404977,0.002726520187675425
42.82,270.1548021040977,0.00272281829485101
42.83,270.18473827445234,0.0027191218490771004
42.84,270.21467435156205,0.00271543084172095
42.85,270.2446103354273,0.002711745264164471
42.86,270.27454622604847,0.0027080651078042082
42.87,270.30448202342603,0.002704390364051313
42.88,270.33441772756044,0.0027007210243315087
42.89,270.36435333845213,0.0026970570800850854
42.9,270.3942888561015,0.002693398522766846
42.91000000000001,270.42422428050907,0.002689745343846102
42.92,270.4541596116751,0.002686097534806655
42.93,270.48409484960024,0.0026824550871467076
42.94,270.5140299942848,0.002678817992378932
42.95,270.5439650457292,0.0026751862420303727
42.96,270.5739000039339,0.0026715598276424606
42.97,270.6038348688994,0.0026679387407709297
42.980000000000004,270.6337696406261,0.0026643229729858917
42.99,270.66370431911434,0.0026607125158717116
43.0,270.6936389043647,0.0026571073610270127
43.01,270.7235733963775,0.002653507500064696
43.02,270.75350779515327,0.0026499129246118393
43.03,270.7834421006924,0.0026463236263097297
43.04,270.81337631299533,0.0026427395968138074
43.050000000000004,270.84331043206254,0.0026391608277936615
43.06,270.8732444578943,0.0026355873109329925
43.07,270.9031783904913,0.0026320190379295655
43.08,270.93311222985375,0.002628456000495234
43.09,270.9630459759822,0.0026248981903558765
43.1,270.9929796288771,0.0026213455992513757
43.11,271.02291318853884,0.0026177982189356064
43.12,271.0528466549678,0.0026142560411764057
43.13,271.08278002816456,0.002610719057755538
43.14,271.1127133081294,0.0026071872604686904
43.15,271.1426464948629,0.0026036606411254026
43.16000000000001,271.1725795883654,0.0026001391915491056
43.17,271.2025125886373,0.0025966229035770667
43.18,271.2324454956792,0.002593111769060334
43.19,271.2623783094914,0.002589605779863754
43.2,271.29231103007436,0.002586104927865947
43.21,271.32224365742854,0.002582609204959244
43.22,271.3521761915543,0.002579118603049715
43.230000000000004,271.3821086324522,0.0025756331140570745
43.24,271.4120409801226,0.0025721527299147314
43.25,271.4419732345659,0.002568677442569715
43.26,271.47190539578264,0.0025652072439826803
43.27,271.50183746377314,0.0025617421261278487
43.28,271.53176943853794,0.002558282080993014
43.29,271.5617013200774,0.0025548271005795134
43.300000000000004,271.591633108392,0.002551377176902192
43.31,271.62156480348216,0.002547932301989373
43.32,271.6514964053483,0.002544492467882866
43.33,271.6814279139909,0.002541057666637904
43.34,271.7113593294103,0.002537627890323149
43.35,271.7412906516071,0.0025342031310206375
43.36,271.77122188058155,0.002530783380825796
43.37,271.80115301633424,0.0025273686318473716
43.38,271.8310840588655,0.002523958876207456
43.39,271.8610150081758,0.0025205541060414134
43.4,271.8909458642656,0.002517154313497901
43.41000000000001,271.92087662713527,0.002513759490738803
43.42,271.95080729678534,0.0025103696299392446
43.43,271.9807378732162,0.00250698472328754
43.44,272.01066835642825,0.0025036047629851915
43.45,272.04059874642195,0.002500229741246848
43.46,272.0705290431978,0.0024968596503002825
43.47,272.10045924675615,0.0024934944823863854
43.480000000000004,272.13038935709744,0.0024901342297591173
43.49,272.1603193742221,0.002486778884685509
43.5,272.19024929813065,0.002483428439445615
43.51,272.2201791288235,0.0024800828863325076
43.52,272.25010886630093,0.0024767422176522574
43.53,272.2800385105636,0.0024734064257238733
43.54,272.3099680616118,0.0024700755028793276
43.550000000000004,272.3398975194461,0.0024667494414634997
43.56,272.36982688406675,0.002463428233834181
43.57,272.39975615547434,0.0024601118723620178
43.58,272.4296853336692,0.0024568003494305117
43.59,272.4596144186518,0.0024534936574359895
43.6,272.4895434104227,0.0024501917887875756
43.61,272.51947230898213,0.0024468947359071896
43.62,272.54940111433064,0.002443602491229488
43.63,272.57932982646867,0.00244031504720187
43.64,272.60925844539656,0.0024370323962844636
43.65,272.6391869711149,0.002433754530950041
43.66000000000001,272.669115403624,0.0024304814436840834
43.67,272.69904374292435,0.002427213126984698
43.68,272.7289719890164,0.0024239495733626077
43.69,272.7589001419005,0.002420690775341143
43.7,272.78882820157713,0.002417436725456203
43.71,272.8187561680468,0.00241418741625623
43.72,272.8486840413098,0.0024109428403022155
43.730000000000004,272.87861182136675,0.0024077029901676396
43.74,272.9085395082179,0.0024044678584384848
43.75,272.9384671018638,0.0024012374377131835
43.76,272.9683946023049,0.002398011720602612
43.77,272.99832200954154,0.0023947906997300646
43.78,273.02824932357424,0.0023915743677312257
43.79,273.05817654440335,0.002388362717254174
43.800000000000004,273.08810367202943,0.0023851557409592973
43.81,273.11803070645277,0.002381953431519366
43.82,273.14795764767393,0.002378755781619414
43.83,273.1778844956933,0.0023755627839567714
43.84,273.20781125051127,0.0023723744312410568
43.85,273.2377379121283,0.0023691907161940934
43.86,273.2676644805449,0.00236601163154994
43.87,273.2975909557614,0.002362837170054855
43.88,273.3275173377783,0.00235966732446726
43.89,273.357443626596,0.002356502087557754
43.9,273.38736982221496,0.0023533414521090413
43.91000000000001,273.41729592463565,0.002350185410915943
43.92,273.4472219338584,0.0023470339567853884
43.93,273.47714784988375,0.002343887082536342
43.94,273.50707367271207,0.0023407447809998348
43.95,273.5369994023438,0.0023376070450189215
43.96,273.5669250387794,0.0023344738674486425
43.97,273.59685058201933,0.0023313452411560355
43.980000000000004,273.62677603206396,0.002328221159020096
43.99,273.6567013889138,0.0023251016139317427
44.0,273.6866266525692,0.002321986598793826
44.01,273.71655182303067,0.0023188761065210863
44.02,273.7464769002986,0.0023157701300401327
44.03,273.7764018843734,0.002312668662289442
44.04,273.8063267752556,0.0023095716962192978
44.050000000000004,273.83625157294557,0.0023064792247918233
44.06,273.8661762774438,0.002303391240980902
44.07,273.89610088875065,0.002300307737772209
44.08,273.92602540686653,0.0022972287081631623
44.09,273.955949831792,0.0022941541451628822
44.1,273.9858741635274,0.002291084041792232
44.11,274.0157984020732,0.0022880183910837315
44.12,274.0457225474299,0.0022849571860815623
44.13,274.07564659959775,0.0022819004198415837
44.14,274.1055705585773,0.0022788480854312376
44.15,274.1354944243691,0.002275800175929572
44.16000000000001,274.16541819697335,0.0022727566844272444
44.17,274.19534187639067,0.0022697176040264383
44.18,274.2252654626214,0.0022666829278408947
44.19,274.25518895566603,0.0022636526489958693
44.2,274.285112355525,0.0022606267606281147
44.21,274.3150356621986,0.0022576052558858617
44.22,274.3449588756875,0.002254588127928794
44.230000000000004,274.374881995992,0.002251575369928039
44.24,274.4048050231125,0.002248566975066138
44.25,274.4347279570495,0.0022455629365370215
44.26,274.4646507978034,0.0022425632475460114
44.27,274.49457354537475,0.002239567901309759
44.28,274.5244961997638,0.002236576891056276
44.29,274.55441876097115,0.0022335902100248735
44.300000000000004,274.5843412289971,0.002230607851466167
44.31,274.61426360384223,0.002227629808642033
44.32,274.64418588550683,0.0022246560748256203
44.33,274.6741080739914,0.002221686643301302
44.34,274.7040301692964,0.002218721507364658
44.35,274.73395217142223,0.00221576066032248
44.36,274.7638740803693,0.0022128040954927197
44.37,274.79379589613814,0.002209851806204489
44.38,274.8237176187291,0.002206903785798029
44.39,274.85363924814266,0.0022039600276247103
44.4,274.8835607843792,0.002201020525046984
44.41000000000001,274.9134822274392,0.002198085271438376
44.42,274.9434035773231,0.002195154260183478
44.43,274.9733248340313,0.0021922274846779173
44.44,275.0032459975643,0.002189304938328319
44.45,275.0331670679225,0.0021863866145523272
44.46,275.06308804510627,0.0021834725067785554
44.47,275.09300892911614,0.0021805626084465683
44.480000000000004,275.1229297199525,0.002177656913006879
44.49,275.15285041761575,0.0021747554139209145
44.5,275.1827710221064,0.002171858104660996
44.51,275.2126915334249,0.002168964978710325
44.52,275.2426119515716,0.002166076029562981
44.53,275.27253227654694,0.002163191250723863
44.54,275.30245250835145,0.0021603106357087004
44.550000000000004,275.33237264698545,0.0021574341780440298
44.56,275.3622926924495,0.0021545618712671528
44.57,275.3922126447439,0.0021516937089261687
44.58,275.4221325038692,0.002148829684579888
44.59,275.45205226982574,0.0021459697917978714
44.6,275.481971942614,0.0021431140241603727
44.61,275.51189152223446,0.002140262375258329
44.62,275.5418110086875,0.00213741483869337
44.63,275.5717304019735,0.0021345714080777613
44.64,275.601649702093,0.00213173207703439
44.65,275.63156890904645,0.002128896839196766
44.66000000000001,275.6614880228342,0.0021260656882089958
44.67,275.6914070434567,0.0021232386177257576
44.68,275.7213259709144,0.002120415621412284
44.69,275.75124480520776,0.0021175966929443376
44.7,275.78116354633715,0.00211478182600822
44.71,275.8110821943031,0.0021119710143007123
44.72,275.84100074910594,0.002109164251529084
44.730000000000004,275.8709192107462,0.0021063615314110724
44.74,275.90083757922423,0.0021035628476748507
44.75,275.93075585454056,0.0021007681940590204
44.76,275.96067403669554,0.0020979775643125962
44.77,275.99059212568966,0.0020951909521949677
44.78,276.02051012152333,0.0020924083514759118
44.79,276.05042802419695,0.002089629755935545
44.800000000000004,276.080345833711,0.0020868551593643207
44.81,276.11026355006595,0.0020840845555630083
44.82,276.1401811732622,0.0020813179383426736
44.83,276.17009870330014,0.0020785553015246613
44.84,276.20001614018025,0.002075796638940572
44.85,276.229933483903,0.002073041944432262
44.86,276.2598507344687,0.0020702912118517936
44.87,276.28976789187794,0.00206754443506145
44.88,276.3196849561311,0.002064801607933696
44.89,276.34960192722855,0.0020620627243511623
44.9,276.3795188051708,0.002059327778206641
44.91000000000001,276.4094355899582,0.0020565967634030543
44.92,276.4393522815913,0.0020538696738534343
44.93,276.4692688800705,0.0020511465034809173
44.94,276.4991853853962,0.0020484272462187227
44.95,276.52910179756884,0.0020457118960101254
44.96,276.55901811658885,0.002043000446808452
44.97,276.5889343424567,0.002040292892577048
44.980000000000004,276.61885047517274,0.002037589227289276
44.99,276.6487665147376,0.002034889444928479
45.0,276.6786824611515,0.0020321935394879884
45.01,276.708598314415,0.002029501504971076
45.02,276.73851407452844,0.00202681333539097
45.03,276.76842974149235,0.0020241290247708
45.04,276.7983453153071,0.002021448567143623
45.050000000000004,276.82826079597316,0.0020187719565523507
45.06,276.85817618349097,0.0020160991870497927
45.07,276.88809147786094,0.0020134302526985935
45.08,276.91800667908353,0.0020107651475712307
45.09,276.94792178715915,0.002008103865750007
45.1,276.97783680208823,0.0020054464013270195
45.11,277.00775172387125,0.0020027927484041466
45.12,277.0376665525086,0.0020001429010930273
45.13,277.0675812880007,0.0019974968535150556
45.14,277.0974959303481,0.0019948545998013474
45.15,277.1274104795511,0.00199221613409274
45.16000000000001,277.1573249356102,0.0019895814505397564
45.17,277.1872392985258,0.001986950543302608
45.18,277.2171535682984,0.0019843234065511587
45.19,277.2470677449283,0.0019817000344649243
45.2,277.2769818284161,0.0019790804212330365
45.21,277.30689581876214,0.0019764645610542576
45.22,277.3368097159669,0.0019738524481369133
45.230000000000004,277.3667235200308,0.0019712440766989406
45.24,277.3966372309542,0.0019686394409678103
45.25,277.42655084873763,0.001966038535180544
45.26,277.45646437338155,0.0019634413535836847
45.27,277.4863778048863,0.0019608478904332978
45.28,277.5162911432524,0.0019582581399949246
45.29,277.54620438848013,0.0019556720965435963
45.300000000000004,277.5761175405701,0.0019530897543637942
45.31,277.6060305995227,0.0019505111077494383
45.32,277.6359435653383,0.0019479361510038842
45.33,277.66585643801744,0.0019453648784398924
45.34,277.6957692175605,0.0019427972843796112
45.35,277.7256819039679,0.0019402333631545767
45.36,277.75559449724005,0.0019376731091056644
45.37,277.7855069973774,0.001935116516583121
45.38,277.81541940438046,0.0019325635799464875
45.39,277.8453317182496,0.0019300142935646345
45.4,277.87524393898525,0.001927468651815726
45.41000000000001,277.9051560665879,0.001924926649087196
45.42,277.93506810105794,0.0019223882797757472
45.43,277.9649800423958,0.001919853538287318
45.44,277.99489189060193,0.00191732241903708
45.45,278.02480364567674,0.001914794916449421
45.46,278.05471530762065,0.0019122710249579197
45.47,278.0846268764342,0.0019097507390053274
45.480000000000004,278.11453835211773,0.0019072340530435707
45.49,278.1444497346717,0.0019047209615337193
45.5,278.1743610240965,0.0019022114589459789
45.51,278.2042722203927,0.0018997055397596578
45.52,278.2341833235606,0.0018972031984631757
45.53,278.2640943336007,0.0018947044295540322
45.54,278.2940052505134,0.0018922092275387935
45.550000000000004,278.3239160742992,0.0018897175869330772
45.56,278.3538268049584,0.001887229502261541
45.57,278.38373744249157,0.001884744968057845
45.58,278.4136479868991,0.0018822639788646743
45.59,278.44355843818136,0.0018797865292336973
45.6,278.4734687963389,0.0018773126137255345
45.61,278.5033790613721,0.0018748422269097987
45.62,278.5332892332814,0.0018723753633650116
45.63,278.5631993120672,0.0018699120176786316
45.64,278.59310929772994,0.0018674521844470348
45.65,278.62301919027016,0.001864995858275466
45.66000000000001,278.6529289896881,0.001862543033778085
45.67,278.6828386959844,0.0018600937055778775
45.68,278.7127483091594,0.001857647868306696
45.69,278.74265782921356,0.0018552055166052212
45.7,278.7725672561472,0.0018527666451229523
45.71,278.8024765899609,0.0018503312485181854
45.72,278.8323858306551,0.0018478993214579944
45.730000000000004,278.8622949782301,0.001845470858618234
45.74,278.89220403268644,0.001843045854683512
45.75,278.92211299402453,0.0018406243043471693
45.76,278.9520218622448,0.0018382062023112686
45.77,278.9819306373477,0.0018357915432865891
45.78,279.01183931933366,0.001833380321992603
45.79,279.0417479082031,0.0018309725331574485
45.800000000000004,279.07165640395647,0.001828568171517938
45.81,279.1015648065941,0.0018261672318195304
45.82,279.13147311611664,0.001823769708816306
45.83,279.1613813325244,0.0018213755972709702
45.84,279.19128945581775,0.0018189848919548364
45.85,279.22119748599727,0.0018165975876477912
45.86,279.2511054230633,0.0018142136791382995
45.87,279.2810132670163,0.0018118331612233872
45.88,279.3109210178567,0.0018094560287086143
45.89,279.3408286755849,0.0018070822764080798
45.9,279.3707362402014,0.0018047118991443777
45.91000000000001,279.4006437117066,0.0018023448917486081
45.92,279.43055109010095,0.0017999812490603528
45.93,279.46045837538486,0.0017976209659276649
45.94,279.4903655675588,0.0017952640372070415
45.95,279.52027266662316,0.001792910457763426
45.96,279.5501796725784,0.0017905602224701762
45.97,279.58008658542497,0.001788213326209063
45.980000000000004,279.6099934051633,0.0017858697638702464
45.99,279.6399001317938,0.0017835295303522758
46.0,279.66980676531693,0.0017811926205620549
46.01,279.6997133057331,0.0017788590294148432
46.02,279.72961975304275,0.0017765287518342239
46.03,279.75952610724636,0.0017742017827521127
46.04,279.7894323683443,0.0017718781171087263
46.050000000000004,279.81933853633706,0.0017695577498525739
46.06,279.849244611225,0.001767240675940444
46.07,279.87915059300866,0.0017649268903373728
46.08,279.90905648168837,0.001762616388016667
46.09,279.93896227726464,0.0017603091639598484
46.1,279.96886797973787,0.0017580052131566683
46.11,279.9987735891085,0.0017557045306050754
46.12,280.02867910537697,0.0017534071113112209
46.13,280.0585845285437,0.0017511129502894161
46.14,280.08848985860914,0.0017488220425621419
46.15,280.11839509557376,0.001746534383160027
46.16000000000001,280.1483002394379,0.0017442499671218407
46.17,280.1782052902021,0.0017419687894944566
46.18,280.20811024786667,0.0017396908453328603
46.19,280.2380151124322,0.0017374161297001288
46.2,280.267919883899,0.0017351446376674194
46.21,280.2978245622676,0.001732876364313944
46.22,280.3277291475383,0.0017306113047269713
46.230000000000004,280.3576336397117,0.0017283494540017929
46.24,280.3875380387881,0.0017260908072417396
46.25,280.417442344768,0.0017238353595581258
46.26,280.4473465576518,0.0017215831060702744
46.27,280.47725067744005,0.001719334041905482
46.28,280.507154704133,0.0017170881621990145
46.29,280.5370586377312,0.001714845462094077
46.300000000000004,280.56696247823504,0.0017126059367418263
46.31,280.59686622564504,0.0017103695813013248
46.32,280.62676987996156,0.0017081363909395644
46.33,280.65667344118503,0.0017059063608314193
46.34,280.6865769093159,0.0017036794861596488
46.35,280.7164802843546,0.0017014557621148761
46.36,280.7463835663016,0.0016992351838955868
46.37,280.77628675515723,0.0016970177467081063
46.38,280.806189850922,0.0016948034457665764
46.39,280.8360928535964,0.0016925922762929596
46.4,280.8659957631808,0.001690384233517022
46.41000000000001,280.89589857967565,0.0016881793126763114
46.42,280.9258013030814,0.0016859775090161417
46.43,280.9557039333984,0.0016837788177896072
46.44,280.9856064706272,0.001681583234257516
46.45,281.0155089147682,0.0016793907536884355
46.46,281.04541126582177,0.0016772013713586425
46.47,281.0753135237884,0.0016750150825521183
46.480000000000004,281.1052156886685,0.0016728318825605288
46.49,281.13511776046255,0.0016706517666832334
46.5,281.16501973917093,0.0016684747302272477
46.51,281.1949216247941,0.0016663007685072337
46.52,281.2248234173326,0.0016641298768455015
46.53,281.25472511678663,0.0016619620505719864
46.54,281.2846267231568,0.0016597972850242258
46.550000000000004,281.3145282364435,0.001657635575547368
46.56,281.34442965664715,0.0016554769174941385
46.57,281.37433098376823,0.0016533213062248366
46.58,281.40423221780713,0.0016511687371073185
46.59,281.43413335876426,0.0016490192055169993
46.6,281.4640344066401,0.0016468727068368067
46.61,281.49393536143515,0.0016447292364571984
46.62,281.5238362231497,0.0016425887897761424
46.63,281.55373699178426,0.0016404513621991
46.64,281.5836376673393,0.0016383169491389995
46.65,281.6135382498152,0.0016361855460162577
46.66000000000001,281.6434387392124,0.0016340571482587323
46.67,281.67333913553136,0.0016319317513017184
46.68,281.70323943877247,0.0016298093505879585
46.69,281.73313964893623,0.0016276899415675929
46.7,281.763039766023,0.001625573519698179
46.71,281.7929397900333,0.0016234600804446472
46.72,281.82283972096747,0.0016213496192793223
46.730000000000004,281.85273955882604,0.0016192421316818832
46.74,281.8826393036094,0.001617137613139365
46.75,281.9125389553179,0.0016150360591461474
46.76,281.94243851395214,0.0016129374652039201
46.77,281.9723379795124,0.0016108418268217036
46.78,282.00223735199927,0.0016087491395158082
46.79,282.03213663141304,0.00160665939880984
46.800000000000004,282.06203581775424,0.0016045726002346704
46.81,282.09193491102326,0.0016024887393284476
46.82,282.1218339112205,0.0016004078116365593
46.83,282.1517328183465,0.0015983298127116353
46.84,282.1816316324016,0.0015962547381135302
46.85,282.2115303533863,0.0015941825834093085
46.86,282.24142898130094,0.001592113344173251
46.87,282.2713275161461,0.0015900470159867933
46.88,282.30122595792204,0.0015879835944385835
46.89,282.33112430662936,0.0015859230751244016
46.9,282.3610225622684,0.0015838654536472062
46.91000000000001,282.3909207248396,0.001581810725617066
46.92,282.4208187943434,0.0015797588866511996
46.93,282.4507167707803,0.0015777099323739225
46.94,282.4806146541506,0.0015756638584166639
46.95,282.5105124444549,0.0015736206604179256
46.96,282.5404101416935,0.0015715803340233066
46.97,282.57030774586684,0.0015695428748854527
46.980000000000004,282.6002052569754,0.0015675082786640751
46.99,282.63010267501966,0.0015654765410259123
47.0,282.66,0.0015654765410259123
47.01,282.66,0.0015636131473728393
47.02,282.66,0.0015617519775154285
47.03,282.66,0.0015598930287928751
47.04,282.66,0.0015580362985475674
47.050000000000004,282.66,0.0015561817841250791
47.06,282.66,0.001554329482874173
47.07,282.66,0.0015524793921467873
47.08,282.66,0.0015506315092980402
47.09,282.66,0.001548785831686222
47.1,282.66,0.0015469423566727885
47.11,282.66,0.0015451010816223674
47.12,282.66,0.0015432620039027404
47.13,282.66,0.001541425120884853
47.14,282.66,0.0015395904299428012
47.15,282.66,0.0015377579284538312
47.16000000000001,282.66,0.001535927613798335
47.17,282.66,0.0015340994833598488
47.18,282.66,0.0015322735345250447
47.19,282.66,0.0015304497646837334
47.2,282.66,0.0015286281712288538
47.21,282.66,0.0015268087515564728
47.22,282.66,0.00152499150306578
47.230000000000004,282.66,0.0015231764231590857
47.24,282.66,0.001521363509241818
47.25,282.66,0.0015195527587225138
47.26,282.66,0.0015177441690128201
47.27,282.66,0.0015159377375274891
47.28,282.66,0.001514133461684374
47.29,282.66,0.0015123313389044256
47.300000000000004,282.66,0.0015105313666116875
47.31,282.66,0.0015087335422332919
47.32,282.66,0.0015069378631994619
47.33,282.66,0.0015051443269434972
47.34,282.66,0.00150335293090178
47.35,282.66,0.001501563672513766
47.36,282.66,0.0014997765492219838
47.37,282.66,0.0014979915584720296
47.38,282.66,0.0014962086977125598
47.39,282.66,0.001494427964395297
47.4,282.66,0.0014926493559750146
47.41000000000001,282.66,0.0014908728699095442
47.42,282.66,0.0014890985036597622
47.43,282.66,0.0014873262546895947
47.44,282.66,0.0014855561204660046
47.45,282.66,0.0014837880984589998
47.46,282.66,0.0014820221861416157
47.47,282.66,0.0014802583809899246
47.480000000000004,282.66,0.0014784966804830219
47.49,282.66,0.0014767370821030291
47.5,282.66,0.0014749795833350868
47.51,282.66,0.0014732241816673532
47.52,282.66,0.0014714708745909965
47.53,282.66,0.001469719659600198
47.54,282.66,0.0014679705341921424
47.550000000000004,282.66,0.0014662234958670143
47.56,282.66,0.0014644785421280002
47.57,282.66,0.0014627356704812805
47.58,282.66,0.0014609948784360253
47.59,282.66,0.0014592561635043929
47.6,282.66,0.0014575195232015257
47.61,282.66,0.0014557849550455465
47.62,282.66,0.0014540524565575562
47.63,282.66,0.001452322025261624
47.64,282.66,0.0014505936586847947
47.65,282.66,0.0014488673543570773
47.66000000000001,282.66,0.0014471431098114407
47.67,282.66,0.0014454209225838142
47.68,282.66,0.001443700790213085
47.69,282.66,0.0014419827102410885
47.7,282.66,0.0014402666802126086
47.71,282.66,0.0014385526976753778
47.72,282.66,0.0014368407601800652
47.730000000000004,282.66,0.0014351308652802797
47.74,282.66,0.001433423010532563
47.75,282.66,0.0014317171934963896
47.76,282.66,0.0014300134117341597
47.77,282.66,0.0014283116628111966
47.78,282.66,0.0014266119442957422
47.79,282.66,0.0014249142537589602
47.800000000000004,282.66,0.001423218588774921
47.81,282.66,0.001421524946920609
47.82,282.66,0.0014198333257759111
47.83,282.66,0.0014181437229236213
47.84,282.66,0.0014164561359494262
47.85,282.66,0.0014147705624419137
47.86,282.66,0.001413086999992561
47.870000000000005,282.66,0.0014114054461957341
47.88,282.66,0.001409725898648685
47.89,282.66,0.0014080483549515452
47.9,282.66,0.0014063728127073276
47.91000000000001,282.66,0.0014046992695219162
47.92,282.66,0.0014030277230040694
47.93,282.66,0.001401358170765411
47.94,282.66,0.0013996906104204313
47.95,282.66,0.0013980250395864797
47.96,282.66,0.0013963614558837633
47.97,282.66,0.0013946998569353427
47.980000000000004,282.66,0.0013930402403671317
47.99,282.66,0.001391382603807888
48.0,282.66,0.0013897269448892161
48.01,282.66,0.0013880732612455574
48.02,282.66,0.0013864215505141936
48.03,282.66,0.0013847718103352372
48.04,282.66,0.0013831240383516325
48.050000000000004,282.66,0.0013814782322091493
48.06,282.66,0.0013798343895563823
48.07,282.66,0.001378192508044743
48.08,282.66,0.0013765525853284624
48.09,282.66,0.0013749146190645846
48.1,282.66,0.0013732786069129603
48.11,282.66,0.0013716445465362511
48.120000000000005,282.66,0.0013700124355999171
48.13,282.66,0.001368382271772221
48.14,282.66,0.0013667540527242193
48.15,282.66,0.001365127776129766
48.16000000000001,282.66,0.001363503439665497
48.17,282.66,0.0013618810410108424
48.18,282.66,0.0013602605778480108
48.19,282.66,0.0013586420478619897
48.2,282.66,0.0013570254487405447
48.21,282.66,0.001355410778174214
48.22,282.66,0.0013537980338563032
48.230000000000004,282.66,0.0013521872134828865
48.24,282.66,0.0013505783147528005
48.25,282.66,0.0013489713353676393
48.26,282.66,0.0013473662730317565
48.27,282.66,0.001345763125452255
48.28,282.66,0.0013441618903389883
48.29,282.66,0.0013425625654045587
48.300000000000004,282.66,0.001340965148364308
48.31,282.66,0.0013393696369363183
48.32,282.66,0.001337776028841411
48.33,282.66,0.0013361843218031365
48.34,282.66,0.0013345945135477765
48.35,282.66,0.0013330066018043412
48.36,282.66,0.001331420584304561
48.370000000000005,282.66,0.0013298364587828876
48.38,282.66,0.0013282542229764896
48.39,282.66,0.0013266738746252477
48.4,282.66,0.0013250954114717543
48.41000000000001,282.66,0.0013235188312613066
48.42,282.66,0.001321944131741909
48.43,282.66,0.0013203713106642637
48.44,282.66,0.0013188003657817692
48.45,282.66,0.0013172312948505195
48.46,282.66,0.0013156640956292992
48.47,282.66,0.0013140987658795797
48.480000000000004,282.66,0.0013125353033655162
48.49,282.66,0.0013109737058539463
48.5,282.66,0.001309413971114384
48.51,282.66,0.001307856096919019
48.52,282.66,0.00130630008104271
48.53,282.66,0.0013047459212629862
48.54,282.66,0.0013031936153600403
48.550000000000004,282.66,0.0013016431611167277
48.56,282.66,0.0013000945563185616
48.57,282.66,0.00129854779875371
48.58,282.66,0.0012970028862129958
48.59,282.66,0.0012954598164898854
48.6,282.66,0.001293918587380495
48.61,282.66,0.0012923791966835843
48.620000000000005,282.66,0.001290841642200548
48.63,282.66,0.0012893059217354197
48.64,282.66,0.0012877720330948677
48.65,282.66,0.0012862399740881858
48.66000000000001,282.66,0.0012847097425272985
48.67,282.66,0.0012831813362267506
48.68,282.66,0.0012816547530037107
48.69,282.66,0.0012801299906779614
48.7,282.66,0.0012786070470719
48.71,282.66,0.0012770859200105377
48.72,282.66,0.0012755666073214894
48.730000000000004,282.66,0.0012740491068349775
48.74,282.66,0.0012725334163838243
48.75,282.66,0.0012710195338034508
48.76,282.66,0.0012695074569318743
48.77,282.66,0.0012679971836097033
48.78,282.66,0.0012664887116801363
48.79,282.66,0.0012649820389889553
48.800000000000004,282.66,0.0012634771633845277
48.81,282.66,0.0012619740827178006
48.82,282.66,0.0012604727948422965
48.83,282.66,0.0012589732976141098
48.84,282.66,0.0012574755888919108
48.85,282.66,0.0012559796665369298
48.86,282.66,0.001254485528412968
48.870000000000005,282.66,0.0012529931723863847
48.88,282.66,0.0012515025963260957
48.89,282.66,0.001250013798103576
48.9,282.66,0.0012485267755928482
48.91000000000001,282.66,0.0012470415266704858
48.92,282.66,0.0012455580492156096
48.93,282.66,0.0012440763411098801
48.94,282.66,0.001242596400237501
48.95,282.66,0.0012411182244852078
48.96,282.66,0.0012396418117422746
48.97,282.66,0.0012381671599005035
48.980000000000004,282.66,0.0012366942668542227
48.99,282.66,0.0012352231305002897
49.0,282.66,0.0012337537487380778
49.01,282.66,0.001232286119469483
49.02,282.66,0.0012308202405989137
49.03,282.66,0.0012293561100332924
49.04,282.66,0.0012278937256820503
49.050000000000004,282.66,0.0012264330854571252
49.06,282.66,0.0012249741872729573
49.07,282.66,0.0012235170290464893
49.08,282.66,0.0012220616086971593
49.09,282.66,0.0012206079241468986
49.1,282.66,0.0012191559733201332
49.11,282.66,0.001217705754143774
49.120000000000005,282.66,0.0012162572645472206
49.13,282.66,0.0012148105024623504
49.14,282.66,0.0012133654658235244
49.15,282.66,0.001211922152567579
49.16000000000001,282.66,0.001210480560633821
49.17,282.66,0.0012090406879640314
49.18,282.66,0.0012076025325024578
49.19,282.66,0.0012061660921958092
49.2,282.66,0.0012047313649932612
49.21,282.66,0.0012032983488464428
49.22,282.66,0.0012018670417094429
49.230000000000004,282.66,0.0012004374415387994
49.24,282.66,0.0011990095462935037
49.25,282.66,0.001197583353934989
49.26,282.66,0.0011961588624271385
49.27,282.66,0.0011947360697362715
49.28,282.66,0.001193314973831146
49.29,282.66,0.0011918955726829565
49.300000000000004,282.66,0.0011904778642653287
49.31,282.66,0.001189061846554318
49.32,282.66,0.0011876475175284043
49.33,282.66,0.0011862348751684937
49.34,282.66,0.0011848239174579098
49.35,282.66,0.0011834146423823958
49.36,282.66,0.0011820070479301083
49.370000000000005,282.66,0.0011806011320916166
49.38,282.66,0.001179196892859897
49.39,282.66,0.0011777943282303346
49.4,282.66,0.0011763934362007144
49.41000000000001,282.66,0.0011749942147712235
49.42,282.66,0.0011735966619444464
49.43,282.66,0.0011722007757253598
49.44,282.66,0.001170806554121334
49.45,282.66,0.0011694139951421278
49.46,282.66,0.001168023096799884
49.47,282.66,0.00116663385710913
49.480000000000004,282.66,0.0011652462740867721
49.49,282.66,0.001163860345752095
49.5,282.66,0.0011624760701267566
49.51,282.66,0.0011610934452347863
49.52,282.66,0.0011597124691025838
49.53,282.66,0.0011583331397589107
49.54,282.66,0.0011569554552348946
49.550000000000004,282.66,0.0011555794135640243
49.56,282.66,0.0011542050127821414
49.57,282.66,0.0011528322509274458
49.58,282.66,0.0011514611260404878
49.59,282.66,0.0011500916361641654
49.6,282.66,0.001148723779343723
49.61,282.66,0.0011473575536267502
49.620000000000005,282.66,0.0011459929570631728
49.63,282.66,0.0011446299877052575
49.64,282.66,0.0011432686436076047
49.65,282.66,0.0011419089228271455
49.66000000000001,282.66,0.0011405508234231421
49.67,282.66,0.00113919434345718
49.68,282.66,0.0011378394809931718
49.69,282.66,0.0011364862340973486
49.7,282.66,0.0011351346008382582
49.71,282.66,0.0011337845792867664
49.72,282.66,0.001132436167516049
49.730000000000004,282.66,0.0011310893636015931
49.74,282.66,0.0011297441656211908
49.75,282.66,0.0011284005716549386
49.76,282.66,0.0011270585797852357
49.77,282.66,0.0011257181880967775
49.78,282.66,0.0011243793946765568
49.79,282.66,0.0011230421976138587
49.800000000000004,282.66,0.0011217065950002577
49.81,282.66,0.001120372584929618
49.82,282.66,0.0011190401654980853
49.83,282.66,0.0011177093348040898
49.84,282.66,0.0011163800909483395
49.85,282.66,0.0011150524320338192
49.86,282.66,0.001113726356165788
49.870000000000005,282.66,0.0011124018614517741
49.88,282.66,0.0011110789460015767
49.89,282.66,0.0011097576079272579
49.9,282.66,0.0011084378453431454
49.91000000000001,282.66,0.001107119656365824
49.92,282.66,0.0011058030391141367
49.93,282.66,0.001104487991709182
49.94,282.66,0.001103174512274311
49.95,282.66,0.0011018625989351223
49.96,282.66,0.0011005522498194608
49.97,282.66,0.0010992434630574183
49.980000000000004,282.66,0.0010979362367813225
49.99,282.66,0.0010966305691257451
50.0,282.66,0.0010953264582274907
50.01,282.66,0.0010940239022255956
50.02,282.66,0.0010927228992613303
50.03,282.66,0.0010914234474781893
50.04,282.66,0.0010901255450218943
50.050000000000004,282.66,0.0010888291900403885
50.06,282.66,0.0010875343806838352
50.07,282.66,0.0010862411151046148
50.08,282.66,0.0010849493914573212
50.09,282.66,0.0010836592078987605
50.1,282.66,0.0010823705625879476
50.11,282.66,0.0010810834536861059
50.120000000000005,282.66,0.0010797978793566584
50.13,282.66,0.0010785138377652325
50.14,282.66,0.001077231327079652
50.15,282.66,0.0010759503454699387
50.16000000000001,282.66,0.0010746708911083063
50.17,282.66,0.001073392962169157
50.18,282.66,0.0010721165568290854
50.19,282.66,0.0010708416732668673
50.2,282.66,0.0010695683096634638
50.21,282.66,0.0010682964642020132
50.22,282.66,0.0010670261350678345
50.230000000000004,282.66,0.0010657573204484185
50.24,282.66,0.00106449001853343
50.25,282.66,0.0010632242275147035
50.26,282.66,0.0010619599455862386
50.27,282.66,0.0010606971709442015
50.28,282.66,0.0010594359017869173
50.29,282.66,0.001058176136314874
50.300000000000004,282.66,0.001056917872730713
50.31,282.66,0.0010556611092392308
50.32,282.66,0.0010544058440473754
50.33,282.66,0.001053152075364243
50.34,282.66,0.0010518998014010764
50.35,282.66,0.0010506490203712631
50.36,282.66,0.0010493997304903298
50.370000000000005,282.66,0.0010481519299759415
50.38,282.66,0.001046905617047902
50.39,282.66,0.0010456607899281452
50.4,282.66,0.0010444174468407362
50.41000000000001,282.66,0.0010431755860118705
50.42,282.66,0.0010419352056698678
50.43,282.66,0.001040696304045171
50.44,282.66,0.0010394588793703435
50.45,282.66,0.0010382229298800658
50.46,282.66,0.0010369884538111358
50.47,282.66,0.0010357554494024627
50.480000000000004,282.66,0.0010345239148950678
50.49,282.66,0.0010332938485320775
50.5,282.66,0.0010320652485587267
50.51,282.66,0.0010308381132223513
50.52,282.66,0.0010296124407723863
50.53,282.66,0.0010283882294603675
50.54,282.66,0.0010271654775399239
50.550000000000004,282.66,0.0010259441832667763
50.56,282.66,0.0010247243448987383
50.57,282.66,0.0010235059606957095
50.58,282.66,0.0010222890289196746
50.59,282.66,0.0010210735478347018
50.6,282.66,0.0010198595157069378
50.61,282.66,0.0010186469308046087
50.620000000000005,282.66,0.0010174357913980158
50.63,282.66,0.0010162260957595319
50.64,282.66,0.001015017842163601
50.65,282.66,0.0010138110288867334
50.66000000000001,282.66,0.001012605654207505
50.67,282.66,0.0010114017164065572
50.68,282.66,0.0010101992137665874
50.69,282.66,0.001008998144572353
50.7,282.66,0.0010077985071106675
50.71,282.66,0.0010066002996703945
50.72,282.66,0.0010054035205424514
50.730000000000004,282.66,0.0010042081680198
50.74,282.66,0.0010030142403974502
50.75,282.66,0.0010018217359724537
50.76,282.66,0.0010006306530439032
50.77,282.66,0.0009994409899129293
50.78,282.66,0.0009982527448826974
50.79,282.66,0.0009970659162584078
50.800000000000004,282.66,0.00099588050234729
50.81,282.66,0.000994696501458602
50.82,282.66,0.0009935139119036291
50.83,282.66,0.000992332731995679
50.84,282.66,0.0009911529600500795
50.85,282.66,0.0009899745943841784
50.86,282.66,0.0009887976333173383
50.870000000000005,282.66,0.0009876220751709366
50.88,282.66,0.000986447918268363
50.89,282.66,0.0009852751609350134
50.9,282.66,0.0009841038014982914
50.91000000000001,282.66,0.0009829338382876063
50.92,282.66,0.0009817652696343666
50.93,282.66,0.0009805980938719814
50.94,282.66,0.000979432309335856
50.95,282.66,0.000978267914363391
50.96,282.66,0.0009771049072939777
50.97,282.66,0.0009759432864689986
50.980000000000004,282.66,0.0009747830502318224
50.99,282.66,0.000973624196927803
51.0,282.66,0.0009724667249042776
51.01,282.66,0.0009713106325105618
51.02,282.66,0.000970155918097951
51.03,282.66,0.0009690025800197131
51.04,282.66,0.0009678506166310929
51.050000000000004,282.66,0.0009667000262893025
51.06,282.66,0.0009655508073535234
51.07,282.66,0.0009644029581849034
51.08,282.66,0.000963256477146554
51.09,282.66,0.0009621113626035462
51.1,282.66,0.0009609676129229117
51.11,282.66,0.0009598252264736377
51.120000000000005,282.66,0.0009586842016266658
51.13,282.66,0.0009575445367548895
51.14,282.66,0.0009564062302331518
51.15,282.66,0.0009552692804382424
51.16000000000001,282.66,0.0009541336857488945
51.17,282.66,0.0009529994445457866
51.18,282.66,0.0009518665552115362
51.19,282.66,0.0009507350161306964
51.2,282.66,0.0009496048256897584
51.21,282.66,0.0009484759822771453
51.22,282.66,0.0009473484842832108
51.230000000000004,282.66,0.0009462223301002388
51.24,282.66,0.0009450975181224361
51.25,282.66,0.0009439740467459365
51.26,282.66,0.0009428519143687934
51.27,282.66,0.0009417311193909791
51.28,282.66,0.0009406116602143856
51.29,282.66,0.0009394935352428161
51.300000000000004,282.66,0.0009383767428819883
51.31,282.66,0.0009372612815395293
51.32,282.66,0.0009361471496249723
51.33,282.66,0.0009350343455497587
51.34,282.66,0.0009339228677272317
51.35,282.66,0.0009328127145726348
51.36,282.66,0.00093170388450311
51.370000000000005,282.66,0.000930596375937698
51.38,282.66,0.0009294901872973294
51.39,282.66,0.0009283853170048308
51.4,282.66,0.0009272817634849146
51.41000000000001,282.66,0.0009261795251641831
51.42,282.66,0.0009250786004711214
51.43,282.66,0.0009239789878360993
51.44,282.66,0.0009228806856913649
51.45,282.66,0.0009217836924710462
51.46,282.66,0.0009206880066111461
51.47,282.66,0.0009195936265495413
51.480000000000004,282.66,0.0009185005507259793
51.49,282.66,0.0009174087775820785
51.5,282.66,0.0009163183055613226
51.51,282.66,0.0009152291331090605
51.52,282.66,0.0009141412586725033
51.53,282.66,0.0009130546807007214
51.54,282.66,0.0009119693976446446
51.550000000000004,282.66,0.0009108854079570583
51.56,282.66,0.0009098027100926006
51.57,282.66,0.0009087213025077606
51.58,282.66,0.0009076411836608778
51.59,282.66,0.0009065623520121372
51.6,282.66,0.0009054848060235684
51.61,282.66,0.0009044085441590451
51.620000000000005,282.66,0.000903333564884278
51.63,282.66,0.0009022598666668187
51.64,282.66,0.0009011874479760534
51.65,282.66,0.0009001163072832011
51.66000000000001,282.66,0.0008990464430613136
51.67,282.66,0.0008979778537852696
51.68,282.66,0.0008969105379317788
51.69,282.66,0.0008958444939793707
51.7,282.66,0.0008947797204084005
51.71,282.66,0.0008937162157010431
51.72,282.66,0.0008926539783412903
51.730000000000004,282.66,0.0008915930068149526
51.74,282.66,0.000890533299609651
51.75,282.66,0.0008894748552148215
51.76,282.66,0.0008884176721217066
51.77,282.66,0.000887361748823358
51.78,282.66,0.0008863070838146303
51.79,282.66,0.000885253675592185
51.800000000000004,282.66,0.0008842015226544797
51.81,282.66,0.0008831506235017737
51.82,282.66,0.0008821009766361231
51.83,282.66,0.0008810525805613749
51.84,282.66,0.0008800054337831711
51.85,282.66,0.0008789595348089442
51.86,282.66,0.0008779148821479116
51.870000000000005,282.66,0.0008768714743110792
51.88,282.66,0.0008758293098112352
51.89,282.66,0.0008747883871629489
51.9,282.66,0.0008737487048825699
51.91000000000001,282.66,0.0008727102614882242
51.92,282.66,0.0008716730554998122
51.93,282.66,0.0008706370854390088
51.94,282.66,0.0008696023498292584
51.95,282.66,0.0008685688471957738
51.96,282.66,0.0008675365760655362
51.97,282.66,0.0008665055349672887
51.980000000000004,282.66,0.0008654757224315375
51.99,282.66,0.0008644471369905496
52.0,282.66,0.0008634197771783497
52.01,282.66,0.0008623936415307184
52.02,282.66,0.0008613687285851894
52.03,282.66,0.0008603450368810481
52.04,282.66,0.0008593225649593311
52.050000000000004,282.66,0.0008583013113628214
52.06,282.66,0.0008572812746360464
52.07,282.66,0.0008562624533252782
52.08,282.66,0.0008552448459785301
52.09,282.66,0.0008542284511455529
52.1,282.66,0.000853213267377837
52.11,282.66,0.0008521992932286053
52.120000000000005,282.66,0.0008511865272528146
52.13,282.66,0.0008501749680071524
52.14,282.66,0.0008491646140500353
52.15,282.66,0.0008481554639416057
52.16000000000001,282.66,0.0008471475162437315
52.17,282.66,0.0008461407695200014
52.18,282.66,0.0008451352223357267
52.19,282.66,0.0008441308732579348
52.2,282.66,0.0008431277208553714
52.21,282.66,0.0008421257636984955
52.22,282.66,0.0008411250003594773
52.230000000000004,282.66,0.0008401254294121982
52.24,282.66,0.0008391270494322486
52.25,282.66,0.000838129858996923
52.26,282.66,0.0008371338566852203
52.27,282.66,0.0008361390410778414
52.28,282.66,0.0008351454107571884
52.29,282.66,0.0008341529643073589
52.300000000000004,282.66,0.0008331617003141474
52.31,282.66,0.0008321716173650431
52.32,282.66,0.0008311827140492258
52.33,282.66,0.0008301949889575638
52.34,282.66,0.0008292084406826152
52.35,282.66,0.0008282230678186229
52.36,282.66,0.0008272388689615143
52.370000000000005,282.66,0.0008262558427088952
52.38,282.66,0.0008252739876600554
52.39,282.66,0.000824293302415958
52.4,282.66,0.0008233137855792456
52.41000000000001,282.66,0.0008223354357542308
52.42,282.66,0.0008213582515468992
52.43,282.66,0.0008203822315649068
52.44,282.66,0.0008194073744175766
52.45,282.66,0.0008184336787158947
52.46,282.66,0.0008174611430725146
52.47,282.66,0.0008164897661017485
52.480000000000004,282.66,0.0008155195464195687
52.49,282.66,0.000814550482643606
52.5,282.66,0.0008135825733931453
52.51,282.66,0.0008126158172891261
52.52,282.66,0.0008116502129541377
52.53,282.66,0.0008106857590124226
52.54,282.66,0.0008097224540898662
52.550000000000004,282.66,0.0008087602968140033
52.56,282.66,0.0008077992858140101
52.57,282.66,0.0008068394197207052
52.58,282.66,0.0008058806971665474
52.59,282.66,0.0008049231167856323
52.6,282.66,0.0008039666772136914
52.61,282.66,0.00080301137708809
52.620000000000005,282.66,0.0008020572150478263
52.63,282.66,0.0008011041897335265
52.64,282.66,0.0008001522997874463
52.65,282.66,0.0007992015438534652
52.66000000000001,282.66,0.0007982519205770904
52.67,282.66,0.0007973034286054472
52.68,282.66,0.0007963560665872837
52.69,282.66,0.0007954098331729641
52.7,282.66,0.0007944647270144703
52.71,282.66,0.0007935207467653984
52.72,282.66,0.0007925778910809563
52.730000000000004,282.66,0.0007916361586179613
52.74,282.66,0.0007906955480348422
52.75,282.66,0.0007897560579916309
52.76,282.66,0.0007888176871499661
52.77,282.66,0.0007878804341730885
52.78,282.66,0.0007869442977258392
52.79,282.66,0.0007860092764746581
52.800000000000004,282.66,0.0007850753690875829
52.81,282.66,0.000784142574234246
52.82,282.66,0.0007832108905858718
52.83,282.66,0.0007822803168152776
52.84,282.66,0.0007813508515968681
52.85,282.66,0.000780422493606636
52.86,282.66,0.000779495241522161
52.870000000000005,282.66,0.0007785690940226046
52.88,282.66,0.0007776440497887101
52.89,282.66,0.0007767201075028006
52.9,282.66,0.0007757972658487774
52.91000000000001,282.66,0.0007748755235121177
52.92,282.66,0.0007739548791798726
52.93,282.66,0.0007730353315406649
52.94,282.66,0.0007721168792846889
52.95,282.66,0.0007711995211037064
52.96,282.66,0.0007702832556910457
52.97,282.66,0.0007693680817415995
52.980000000000004,282.66,0.0007684539979518246
52.99,282.66,0.0007675410030197362
53.0,282.66,0.0007675410030197362
53.01,282.6148181428488,0.0007667515872287412
53.02,282.5696364262068,0.0007659628597835868
53.03,282.5244548500734,0.0007651748201914497
53.04,282.47927341444796,0.0007643874679597833
53.050000000000004,282.4340921193299,0.0007636008025963197
53.06,282.3889109647185,0.0007628148236090647
53.07,282.343729950613,0.0007620295305062989
53.08,282.2985490770129,0.000761244922796582
53.09,282.2533683439175,0.0007604609999887476
53.1,282.2081877513261,0.0007596777615919055
53.11,282.1630072992381,0.0007588952071154418
53.120000000000005,282.1178269876528,0.0007581133360690165
53.13,282.07264681656955,0.0007573321479625658
53.14,282.0274667859877,0.0007565516423063014
53.15,281.98228689590667,0.0007557718186107107
53.16000000000001,281.9371071463257,0.0007549926763865535
53.17,281.89192753724416,0.0007542142151448693
53.18,281.84674806866144,0.000753436434396967
53.19,281.8015687405768,0.0007526593336544329
53.2,281.7563895529897,0.0007518829124291296
53.21,281.7112105058994,0.0007511071702331907
53.22,281.6660315993052,0.0007503321065790257
53.230000000000004,281.6208528332066,0.0007495577209793192
53.24,281.5756742076028,0.0007487840129470283
53.25,281.5304957224932,0.0007480109819953847
53.26,281.48531737787715,0.0007472386276378958
53.27,281.440139173754,0.0007464669493883407
53.28,281.39496111012306,0.0007456959467607711
53.29,281.34978318698376,0.0007449256192695171
53.300000000000004,281.30460540433535,0.0007441559664291764
53.31,281.2594277621772,0.0007433869877546237
53.32,281.2142502605086,0.0007426186827610043
53.33,281.1690728993291,0.0007418510509637426
53.34,281.1238956786378,0.0007410840918785275
53.35,281.0787185984342,0.000740317805021328
53.36,281.0335416587175,0.0007395521899083803
53.370000000000005,280.9883648594872,0.0007387872460561976
53.38,280.9431882007426,0.0007380229729815643
53.39,280.898011682483,0.0007372593702015355
53.4,280.85283530470775,0.000736496437233441
53.41000000000001,280.80765906741624,0.0007357341735948823
53.42,280.7624829706078,0.0007349725788037323
53.43,280.7173070142817,0.0007342116523781357
53.44,280.6721311984374,0.0007334513938365112
53.45,280.62695552307423,0.0007326918026975472
53.46,280.58177998819144,0.0007319328784802031
53.47,280.53660459378847,0.0007311746207037129
53.480000000000004,280.49142933986457,0.0007304170288875786
53.49,280.44625422641917,0.0007296601025515766
53.5,280.4010792534516,0.0007289038412157528
53.51,280.3559044209612,0.0007281482444004255
53.52,280.3107297289473,0.000727393311626181
53.53,280.2655551774092,0.0007266390424138802
53.54,280.2203807663464,0.0007258854362846535
53.550000000000004,280.17520649575806,0.0007251324927598997
53.56,280.1300323656436,0.000724380211361292
53.57,280.08485837600244,0.000723628591610773
53.58,280.0396845268338,0.0007228776330305523
53.59,279.9945108181371,0.0007221273351431137
53.6,279.94933724991165,0.0007213776974712098
53.61,279.9041638221568,0.0007206287195378628
53.620000000000005,279.85899053487196,0.0007198804008663656
53.63,279.81381738805635,0.0007191327409802798
53.64,279.7686443817094,0.0007183857394034377
53.65,279.72347151583045,0.0007176393956599407
53.66000000000001,279.6782987904188,0.0007168937092741594
53.67,279.6331262054739,0.0007161486797707354
53.68,279.587953760995,0.000715404306674577
53.69,279.54278145698146,0.000714660589510863
53.7,279.4976092934326,0.0007139175278050414
53.71,279.45243727034784,0.0007131751210828284
53.72,279.40726538772645,0.0007124333688702091
53.730000000000004,279.3620936455678,0.0007116922706934384
53.74,279.3169220438713,0.0007109518260790381
53.75,279.27175058263623,0.0007102120345538012
53.76,279.2265792618619,0.000709472895644784
53.77,279.1814080815477,0.0007087344088793165
53.78,279.136237041693,0.0007079965737849937
53.79,279.0910661422971,0.0007072593898896799
53.800000000000004,279.0458953833594,0.0007065228567215065
53.81,279.0007247648791,0.0007057869738088721
53.82,278.9555542868557,0.0007050517406804454
53.83,278.9103839492886,0.0007043171568651617
53.84,278.86521375217694,0.0007035832218922215
53.85,278.82004369552016,0.0007028499352910946
53.86,278.77487377931766,0.0007021172965915199
53.870000000000005,278.72970400356866,0.000701385305323498
53.88,278.68453436827264,0.0007006539610173038
53.89,278.63936487342886,0.0006999232632034726
53.9,278.5941955190367,0.0006991932114128104
53.91000000000001,278.5490263050955,0.0006984638051763878
53.92,278.50385723160457,0.0006977350440255437
53.93,278.45868829856335,0.0006970069274918831
53.94,278.41351950597107,0.0006962794551072751
53.95,278.3683508538271,0.0006955526264038578
53.96,278.3231823421309,0.0006948264409140359
53.97,278.27801397088166,0.0006941008981704766
53.980000000000004,278.2328457400788,0.0006933759977061158
53.99,278.18767764972165,0.000692651739054155
54.0,278.1425096998095,0.0006919281217480606
54.01,278.09734189034185,0.0006912051453215656
54.02,278.05217422131796,0.0006904828093086683
54.03,278.0070066927371,0.00068976111324363
54.04,277.9618393045987,0.0006890400566609808
54.050000000000004,277.9166720569021,0.0006883196390955142
54.06,277.8715049496466,0.0006875998600822885
54.07,277.8263379828316,0.0006868807191566283
54.08,277.7811711564564,0.0006861622158541211
54.09,277.73600447052036,0.0006854443497106202
54.1,277.69083792502283,0.0006847271202622441
54.11,277.64567151996323,0.0006840105270453754
54.120000000000005,277.6005052553407,0.0006832945695966584
54.13,277.55533913115477,0.0006825792474530076
54.14,277.51017314740477,0.0006818645601515967
54.15,277.46500730408997,0.0006811505072298646
54.16000000000001,277.4198416012097,0.0006804370882255141
54.17,277.3746760387635,0.0006797243026765144
54.18,277.32951061675044,0.0006790121501210935
54.19,277.28434533517003,0.0006783006300977478
54.2,277.23918019402157,0.0006775897421452342
54.21,277.19401519330444,0.0006768794858025744
54.22,277.14885033301795,0.0006761698606090536
54.230000000000004,277.1036856131614,0.0006754608661042186
54.24,277.0585210337343,0.0006747525018278812
54.25,277.01335659473574,0.0006740447673201141
54.26,276.96819229616534,0.0006733376621212561
54.27,276.92302813802223,0.0006726311857719047
54.28,276.8778641203059,0.0006719253378129234
54.29,276.8327002430156,0.0006712201177854359
54.300000000000004,276.78753650615073,0.00067051552523083
54.31,276.7423729097106,0.0006698115596907543
54.32,276.6972094536946,0.0006691082207071218
54.33,276.652046138102,0.0006684055078221041
54.34,276.6068829629322,0.0006677034205781394
54.35,276.5617199281845,0.0006670019585179233
54.36,276.51655703385836,0.0006663011211844166
54.370000000000005,276.471394279953,0.0006656009081208396
54.38,276.4262316664678,0.0006649013188706746
54.39,276.38106919340214,0.0006642023529776664
54.4,276.33590686075536,0.0006635040099858207
54.41000000000001,276.29074466852677,0.0006628062894394028
54.42,276.24558261671575,0.0006621091908829417
54.43,276.20042070532156,0.0006614127138612244
54.44,276.15525893434364,0.0006607168579193019
54.45,276.11009730378134,0.0006600216226024854
54.46,276.06493581363395,0.0006593270074563445
54.47,276.01977446390083,0.0006586330120267112
54.480000000000004,275.97461325458136,0.0006579396358596781
54.49,275.92945218567485,0.0006572468785015977
54.5,275.8842912571806,0.0006565547394990819
54.51,275.83913046909805,0.0006558632183990048
54.52,275.7939698214265,0.000655172314748499
54.53,275.7488093141653,0.0006544820280949575
54.54,275.70364894731375,0.0006537923579860314
54.550000000000004,275.6584887208713,0.0006531033039696351
54.56,275.6133286348372,0.0006524148655939413
54.57,275.56816868921084,0.0006517270424073789
54.58,275.52300888399157,0.0006510398339586407
54.59,275.4778492191787,0.0006503532397966769
54.6,275.43268969477157,0.0006496672594706948
54.61,275.3875303107696,0.000648981892530165
54.620000000000005,275.34237106717205,0.000648297138524814
54.63,275.29721196397827,0.0006476129970046279
54.64,275.25205300118773,0.0006469294675198531
54.65,275.2068941787996,0.0006462465496209905
54.66000000000001,275.1617354968133,0.0006455642428588043
54.67,275.11657695522825,0.0006448825467843148
54.68,275.0714185540437,0.0006442014609487997
54.69,275.026260293259,0.0006435209849037966
54.7,274.9811021728735,0.0006428411182011006
54.71,274.93594419288655,0.000642161860392765
54.72,274.8907863532975,0.0006414832110311002
54.730000000000004,274.8456286541058,0.000640805169668676
54.74,274.8004710953106,0.0006401277358583181
54.75,274.7553136769114,0.0006394509091531104
54.76,274.71015639890743,0.0006387746891063937
54.77,274.66499926129814,0.0006380990752717677
54.78,274.6198422640828,0.0006374240672030887
54.79,274.57468540726086,0.0006367496644544687
54.800000000000004,274.5295286908315,0.0006360758665802779
54.81,274.4843721147942,0.0006354026731351437
54.82,274.4392156791482,0.000634730083673949
54.83,274.39405938389297,0.0006340580977518352
54.84,274.34890322902777,0.0006333867149241994
54.85,274.30374721455195,0.0006327159347466946
54.86,274.2585913404649,0.0006320457567752312
54.870000000000005,274.2134356067659,0.0006313761805659755
54.88,274.16828001345436,0.0006307072056753486
54.89,274.12312456052956,0.0006300388316600291
54.9,274.0779692479909,0.0006293710580769523
54.91000000000001,274.03281407583773,0.0006287038844833086
54.92,273.98765904406935,0.0006280373104365424
54.93,273.94250415268516,0.0006273713354943565
54.94,273.89734940168444,0.0006267059592147065
54.95,273.85219479106655,0.0006260411811558057
54.96,273.8070403208309,0.0006253770008761214
54.97,273.76188599097674,0.0006247134179343767
54.980000000000004,273.7167318015035,0.0006240504318895499
54.99,273.6715777524105,0.0006233880423008736
55.0,273.626423843697,0.0006227262487278345
55.01,273.5812700753625,0.0006220650507301772
55.02,273.53611644740624,0.0006214044478678975
55.03,273.4909629598276,0.0006207444397012475
55.04,273.4458096126259,0.0006200850257907334
55.050000000000004,273.40065640580053,0.000619426205697116
55.06,273.3555033393508,0.0006187679789814096
55.07,273.310350413276,0.0006181103452048825
55.08,273.2651976275756,0.0006174533039290594
55.09,273.22004498224885,0.0006167968547157148
55.1,273.17489247729515,0.0006161409971268813
55.11,273.1297401127139,0.000615485730724843
55.120000000000005,273.08458788850425,0.0006148310550721359
55.13,273.03943580466574,0.0006141769697315539
55.14,272.9942838611976,0.0006135234742661388
55.15,272.94913205809917,0.0006128705682391906
55.16000000000001,272.9039803953699,0.0006122182512142602
55.17,272.8588288730091,0.0006115665227551521
55.18,272.81367749101605,0.0006109153824259225
55.19,272.76852624939016,0.0006102648297908821
55.2,272.72337514813074,0.0006096148644145928
55.21,272.67822418723716,0.0006089654858618711
55.22,272.63307336670874,0.0006083166936977835
55.230000000000004,272.58792268654486,0.0006076684874876515
55.24,272.5427721467448,0.0006070208667970469
55.25,272.497621747308,0.0006063738311917952
55.26,272.45247148823375,0.0006057273802379726
55.27,272.4073213695214,0.0006050815135019088
55.28,272.3621713911703,0.0006044362305501836
55.29,272.31702155317976,0.0006037915309496293
55.300000000000004,272.2718718555492,0.0006031474142673315
55.31,272.2267222982779,0.0006025038800706247
55.32,272.1815728813652,0.0006018609279270963
55.33,272.1364236048105,0.0006012185574045861
55.34,272.0912744686131,0.0006005767680711825
55.35,272.0461254727724,0.0005999355594952276
55.36,272.00097661728773,0.0005992949312453125
55.370000000000005,271.9558279021584,0.0005986548828902801
55.38,271.9106793273837,0.0005980154139992245
55.39,271.86553089296314,0.0005973765241414906
55.4,271.82038259889595,0.0005967382128866729
55.41000000000001,271.77523444518147,0.000596100479804617
55.42,271.7300864318191,0.0005954633244654187
55.43,271.68493855880814,0.0005948267464394251
55.44,271.63979082614793,0.0005941907452972316
55.45,271.59464323383787,0.0005935553206096856
55.46,271.5494957818773,0.0005929204719478833
55.47,271.5043484702655,0.0005922861988831705
55.480000000000004,271.45920129900185,0.0005916525009871444
55.49,271.41405426808575,0.0005910193778316509
55.5,271.3689073775165,0.0005903868289887851
55.51,271.32376062729344,0.0005897548540308911
55.52,271.27861401741586,0.0005891234525305628
55.53,271.2334675478832,0.0005884926240606452
55.54,271.1883212186948,0.0005878623681942299
55.550000000000004,271.14317502984994,0.0005872326845046583
55.56,271.09802898134797,0.0005866035725655209
55.57,271.05288307318835,0.0005859750319506582
55.58,271.00773730537026,0.0005853470622341556
55.59,270.9625916778932,0.0005847196629903532
55.6,270.91744619075644,0.0005840928337938336
55.61,270.87230084395924,0.0005834665742194296
55.620000000000005,270.8271556375011,0.0005828408838422259
55.63,270.7820105713813,0.0005822157622375506
55.64,270.7368656455992,0.0005815912089809823
55.65,270.69172086015413,0.0005809672236483464
55.66000000000001,270.6465762150454,0.0005803438058157169
55.67,270.60143171027244,0.0005797209550594165
55.68,270.5562873458345,0.0005790986709560132
55.69,270.51114312173104,0.0005784769530823256
55.7,270.4659990379613,0.0005778558010154157
55.71,270.42085509452465,0.0005772352143325971
55.72,270.37571129142043,0.000576615192611427
55.730000000000004,270.33056762864805,0.0005759957354297127
55.74,270.28542410620685,0.0005753768423655079
55.75,270.24028072409607,0.0005747585129971106
55.76,270.19513748231515,0.0005741407469030693
55.77,270.1499943808634,0.0005735235436621766
55.78,270.1048514197402,0.0005729069028534734
55.79,270.05970859894484,0.0005722908240562446
55.800000000000004,270.0145659184767,0.0005716753068500253
55.81,269.96942337833514,0.0005710603508145939
55.82,269.9242809785195,0.0005704459555299767
55.83,269.87913871902913,0.0005698321205764444
55.84,269.8339965998633,0.0005692188455345141
55.85,269.78885462102147,0.0005686061299849504
55.86,269.7437127825029,0.0005679939735087616
55.870000000000005,269.69857108430693,0.0005673823756872032
55.88,269.653429526433,0.0005667713361017762
55.89,269.60828810888034,0.0005661608543342248
55.9,269.56314683164845,0.0005655509299665429
55.91000000000001,269.5180056947365,0.0005649415625809641
55.92,269.47286469814395,0.0005643327517599725
55.93,269.4277238418701,0.0005637244970862928
55.94,269.38258312591427,0.0005631167981428975
55.95,269.3374425502759,0.0005625096545130043
55.96,269.2923021149543,0.0005619030657800727
55.97,269.2471618199487,0.0005612970315278086
55.980000000000004,269.2020216652586,0.0005606915513401631
55.99,269.1568816508833,0.000560086624801331
56.0,269.1117417768221,0.000559482251495751
56.01,269.0666020430744,0.0005588784310081064
56.02,269.0214624496395,0.0005582751629233245
56.03,268.9763229965168,0.0005576724468265768
56.04,268.9311836837055,0.0005570702823032774
56.050000000000004,268.8860445112052,0.0005564686689390889
56.06,268.8409054790151,0.0005558676063199101
56.07,268.7957665871345,0.0005552670940318894
56.08,268.7506278355628,0.0005546671316614154
56.09,268.7054892242993,0.0005540677187951218
56.1,268.66035075334344,0.0005534688550198859
56.11,268.6152124226945,0.0005528705399228267
56.120000000000005,268.5700742323519,0.0005522727730913067
56.13,268.5249361823149,0.0005516755541129322
56.14,268.47979827258285,0.0005510788825755506
56.15,268.4346605031551,0.0005504827580672534
56.16000000000001,268.389522874031,0.0005498871801763747
56.17,268.34438538521,0.0005492921484914918
56.18,268.29924803669127,0.0005486976626014222
56.19,268.25411082847427,0.0005481037220952279
56.2,268.2089737605583,0.0005475103265622122
56.21,268.16383683294276,0.0005469174755919205
56.22,268.11870004562695,0.0005463251687741407
56.230000000000004,268.0735633986102,0.0005457334056989018
56.24,268.0284268918919,0.0005451421859564757
56.25,267.9832905254714,0.0005445515091373752
56.26,267.93815429934796,0.000543961374832355
56.27,267.89301821352103,0.0005433717826324114
56.28,267.8478822679899,0.0005427827321287819
56.29,267.802746462754,0.0005421942229129458
56.300000000000004,267.7576107978125,0.0005416062545766216
56.31,267.7124752731649,0.000541018826711772
56.32,267.6673398888105,0.0005404319389105989
56.33,267.62220464474865,0.0005398455907655454
56.34,267.57706954097864,0.0005392597818692946
56.35,267.53193457749995,0.0005386745118147726
56.36,267.4867997543118,0.0005380897801951424
56.370000000000005,267.4416650714136,0.0005375055866038115
56.38,267.3965305288046,0.0005369219306344238
56.39,267.3513961264843,0.0005363388118808682
56.4,267.30626186445187,0.0005357562299372679
56.41000000000001,267.2611277427069,0.0005351741843979929
56.42,267.21599376124846,0.0005345926748576466
56.43,267.17085992007605,0.0005340117009110765
56.44,267.125726219189,0.0005334312621533686
56.45,267.0805926585867,0.0005328513581798487
56.46,267.03545923826834,0.0005322719885860814
56.47,266.9903259582334,0.0005316931529678722
56.480000000000004,266.9451928184812,0.0005311148509212637
56.49,266.9000598190111,0.0005305370820425417
56.5,266.8549269598224,0.0005299598459282257
56.51,266.80979424091447,0.0005293831421750784
56.52,266.7646616622867,0.0005288069703801013
56.53,266.71952922393837,0.0005282313301405319
56.54,266.67439692586885,0.0005276562210538483
56.550000000000004,266.62926476807746,0.0005270816427177677
56.56,266.5841327505636,0.0005265075947302447
56.57,266.53900087332653,0.0005259340766894726
56.58,266.4938691363657,0.0005253610881938834
56.59,266.4487375396804,0.0005247886288421478
56.6,266.40360608327,0.0005242166982331734
56.61,266.35847476713377,0.0005236452959661049
56.620000000000005,266.3133435912712,0.0005230744216403287
56.63,266.2682125556815,0.0005225040748554653
56.64,266.2230816603641,0.0005219342552113742
56.65,266.1779509053183,0.0005213649623081536
56.66000000000001,266.13282029054346,0.0005207961957461366
56.67,266.0876898160389,0.0005202279551258958
56.68,266.04255948180406,0.000519660240048241
56.69,265.99742928783814,0.0005190930501142176
56.7,265.9522992341406,0.0005185263849251101
56.71,265.9071693207108,0.0005179602440824401
56.72,265.86203954754797,0.0005173946271879623
56.730000000000004,265.81690991465155,0.0005168295338436732
56.74,265.77178042202087,0.0005162649636518029
56.75,265.7266510696552,0.0005157009162148178
56.76,265.681521857554,0.0005151373911354241
56.77,265.63639278571657,0.000514574388016561
56.78,265.59126385414226,0.0005140119064614049
56.79,265.5461350628304,0.0005134499460733686
56.800000000000004,265.50100641178034,0.0005128885064561017
56.81,265.4558779009914,0.0005123275872134877
56.82,265.410749530463,0.0005117671879496488
56.83,265.36562130019445,0.0005112073082689396
56.84,265.3204932101851,0.0005106479477759539
56.85,265.2753652604343,0.0005100891060755193
56.86,265.23023745094133,0.0005095307827726976
56.870000000000005,265.1851097817056,0.0005089729774727875
56.88,265.13998225272644,0.0005084156897813234
56.89,265.0948548640032,0.0005078589193040735
56.9,265.0497276155353,0.0005073026656470431
56.91000000000001,265.0046005073219,0.0005067469284164693
56.92,264.9594735393625,0.0005061917072188256
56.93,264.91434671165644,0.0005056370016608229
56.94,264.86922002420295,0.0005050828113494015
56.95,264.82409347700155,0.0005045291358917414
56.96,264.7789670700514,0.0005039759748952521
56.97,264.73384080335205,0.0005034233279675828
56.980000000000004,264.6887146769027,0.0005028711947166121
56.99,264.6435886907027,0.0005023195747504553
57.0,264.59846284475145,0.0005017684676774614
57.01,264.55333713904827,0.0005012178731062129
57.02,264.50821157359246,0.000500667790645526
57.03,264.46308614838347,0.0005001182199044521
57.04,264.4179608634206,0.0004995691604922745
57.050000000000004,264.3728357187032,0.0004990206120185104
57.06,264.32771071423053,0.0004984725740929105
57.07,264.2825858500021,0.00049792504632546
57.08,264.23746112601714,0.0004973780283263761
57.09,264.192336542275,0.0004968315197061076
57.1,264.14721209877507,0.0004962855200753406
57.11,264.10208779551664,0.0004957400290449898
57.120000000000005,264.05696363249916,0.0004951950462262058
57.13,264.01183960972185,0.0004946505712303692
57.14,263.9667157271841,0.0004941066036690951
57.15,263.92159198488537,0.0004935631431542319
57.16000000000001,263.87646838282484,0.0004930201892978575
57.17,263.8313449210019,0.0004924777417122845
57.18,263.78622159941597,0.000491935800010057
57.19,263.7410984180663,0.000491394363803951
57.2,263.6959753769523,0.0004908534327069744
57.21,263.65085247607334,0.000490313006332369
57.22,263.60572971542865,0.0004897730842936042
57.230000000000004,263.5606070950177,0.0004892336662043857
57.24,263.5154846148398,0.000488694751678648
57.25,263.4703622748943,0.00048815634033055774
57.26,263.42524007518045,0.00048761843177451273
57.27,263.3801180156977,0.00048708102562514274
57.28,263.3349960964454,0.0004865441214973097
57.29,263.28987431742286,0.00048600771900610335
57.300000000000004,263.2447526786294,0.0004854718177668474
57.31,263.1996311800645,0.00048493641739509656
57.32,263.15450982172734,0.00048440151750663344
57.33,263.10938860361733,0.0004838671177174743
57.34,263.06426752573384,0.00048333321764386486
57.35,263.0191465880762,0.00048279981690228096
57.36,262.97402579064374,0.00048226691510942993
57.370000000000005,262.9289051334358,0.00048173451188224844
57.38,262.88378461645175,0.0004812026068379032
57.39,262.83866423969096,0.00048067119959379224
57.4,262.79354400315276,0.0004801402897675434
57.41000000000001,262.7484239068364,0.0004796098769770121
57.42,262.70330395074143,0.00047907996084028704
57.43,262.65818413486704,0.0004785505409756843
57.44,262.6130644592126,0.0004780216170017494
57.45,262.5679449237774,0.0004774931885372591
57.46,262.52282552856093,0.00047696525520121843
57.47,262.4777062735625,0.0004764378166128622
57.480000000000004,262.4325871587813,0.00047591087239165253
57.49,262.3874681842169,0.0004753844221572848
57.5,262.3423493498685,0.00047485846552967876
57.51,262.2972306557355,0.0004743330021289856
57.52,262.25211210181726,0.0004738080315755849
57.53,262.2069936881131,0.0004732835534900849
57.54,262.1618754146223,0.000472759567493322
57.550000000000004,262.11675728134435,0.0004722360732063631
57.56,262.07163928827845,0.000471713070250499
57.57,262.02652143542406,0.00047119055824725405
57.58,261.98140372278044,0.00047066853681837717
57.59,261.93628615034703,0.0004701470055858477
57.6,261.89116871812314,0.00046962596417187135
57.61,261.84605142610803,0.00046910541219888184
57.620000000000005,261.8009342743012,0.0004685853492895421
57.63,261.75581726270184,0.0004680657750667407
57.64,261.7107003913094,0.0004675466891535955
57.65,261.6655836601232,0.00046702809117345174
57.66000000000001,261.62046706914265,0.00046650998074988147
57.67,261.57535061836694,0.00046599235750668304
57.68,261.5302343077955,0.0004654752210678844
57.69,261.4851181374278,0.0004649585710577391
57.7,261.44000210726296,0.00046444240710072745
57.71,261.39488621730044,0.00046392672882155696
57.72,261.3497704675396,0.0004634115358451634
57.730000000000004,261.3046548579798,0.0004628968277967069
57.74,261.25953938862034,0.0004623826043015758
57.75,261.2144240594606,0.00046186886498538425
57.76,261.1693088704999,0.00046135560947397264
57.77,261.12419382173755,0.00046084283739340786
57.78,261.079078913173,0.00046033054836998457
57.79,261.0339641448055,0.00045981874203022033
57.800000000000004,260.98884951663445,0.0004593074180008614
57.81,260.9437350286592,0.0004587965759088798
57.82,260.89862068087905,0.00045828621538147114
57.83,260.8535064732934,0.00045777633604605916
57.84,260.80839240590154,0.0004572669375302915
57.85,260.7632784787029,0.00045675801946204323
57.86,260.7181646916967,0.0004562495814694124
57.870000000000005,260.6730510448824,0.0004557416231807252
57.88,260.6279375382593,0.0004552341442245299
57.89,260.58282417182676,0.0004547271442296026
57.9,260.53771094558414,0.0004542206228249431
57.91000000000001,260.49259785953075,0.0004537145796397765
57.92,260.4474849136659,0.00045320901430355133
57.93,260.4023721079891,0.00045270392644594453
57.94,260.35725944249947,0.00045219931569685237
57.95,260.3121469171965,0.0004516951816864001
57.96,260.2670345320796,0.0004511915240449367
57.97,260.22192228714795,0.0004506883424030323
57.980000000000004,260.17681018240097,0.000450185636391485
57.99,260.13169821783805,0.0004496834056413156
58.0,260.0865863934585,0.0004491816497837685
58.01,260.0414747092616,0.00044868036845031157
58.02,259.9963631652468,0.00044817956127263876
58.03,259.9512517614134,0.00044767922788266606
58.04,259.90614049776076,0.0004471793679125331
58.050000000000004,259.8610293742882,0.0004466799809946031
58.06,259.8159183909951,0.0004461810667614636
58.07,259.7708075478808,0.0004456826248459248
58.08,259.7256968449446,0.0004451846548810194
58.09,259.6805862821859,0.00044468715650000515
58.1,259.635475859604,0.0004441901293363605
58.11,259.5903655771983,0.00044369357302378944
58.120000000000005,259.5452554349682,0.00044319748719621717
58.13,259.5001454329129,0.00044270187148779094
58.14,259.4550355710319,0.00044220672553288296
58.15,259.40992584932434,0.0004417120489660853
58.16000000000001,259.36481626778976,0.000441217841422215
58.17,259.3197068264274,0.0004407241025363099
58.18,259.2745975252367,0.00044023083194363053
58.19,259.22948836421693,0.00043973802927966003
58.2,259.1843793433675,0.000439245694180103
58.21,259.13927046268765,0.0004387538262808855
58.22,259.0941617221768,0.0004382624252181567
58.230000000000004,259.0490531218343,0.0004377714906282864
58.24,259.0039446616595,0.000437281022147868
58.25,258.9588363416517,0.00043679101941371354
58.26,258.9137281618103,0.00043630148206285935
58.27,258.8686201221346,0.0004358124097325606
58.28,258.823512222624,0.0004353238020602965
58.29,258.7784044632778,0.0004348356586837651
58.300000000000004,258.7332968440954,0.0004343479792408864
58.31,258.6881893650761,0.00043386076336980215
58.32,258.6430820262192,0.0004333740107088732
58.33,258.5979748275242,0.0004328877208966836
58.34,258.55286776899027,0.0004324018935720352
58.35,258.5077608506169,0.0004319165283739529
58.36,258.4626540724033,0.00043143162494168116
58.370000000000005,258.41754743434893,0.0004309471829146845
58.38,258.37244093645313,0.0004304632019326485
58.39,258.3273345787152,0.00042997968163547813
58.4,258.28222836113446,0.0004294966216632993
58.41000000000001,258.23712228371033,0.0004290140216564575
58.42,258.19201634644213,0.0004285318812555178
58.43,258.14691054932916,0.00042805020010126544
58.44,258.1018048923709,0.00042756897783470684
58.45,258.05669937556655,0.00042708821409706435
58.46,258.01159399891554,0.0004266079085297836
58.47,257.96648876241716,0.0004261280607745274
58.480000000000004,257.92138366607077,0.00042564867047317865
58.49,257.87627870987575,0.00042516973726783986
58.5,257.8311738938315,0.00042469126080083247
58.51,257.7860692179372,0.00042421324071469617
58.52,257.74096468219227,0.0004237356766521894
58.53,257.69586028659614,0.000423258568256292
58.54,257.65075603114815,0.0004227819151702006
58.550000000000004,257.6056519158475,0.00042230571703732897
58.56,257.56054794069365,0.0004218299735013123
58.57,257.51544410568596,0.0004213546842060031
58.58,257.4703404108237,0.00042087984879547193
58.59,257.4252368561063,0.00042040546691400794
58.6,257.3801334415331,0.000419931538206118
58.61,257.33503016710335,0.00041945806231652796
58.620000000000005,257.2899270328165,0.0004189850388901807
58.63,257.2448240386718,0.000418512467572238
58.64,257.19972118466876,0.00041804034800807836
58.65,257.15461847080655,0.0004175686798432976
58.66000000000001,257.1095158970846,0.0004170974627237109
58.67,257.0644134635022,0.00041662669629534947
58.68,257.0193111700588,0.00041615638020446274
58.69,256.97420901675366,0.0004156865140975165
58.7,256.9291070035862,0.00041521709762119504
58.71,256.8840051305557,0.0004147481304223989
58.72,256.8389033976615,0.00041427961214824484
58.730000000000004,256.793801804903,0.0004138115424460682
58.74,256.74870035227957,0.00041334392096342026
58.75,256.70359903979045,0.00041287674734806853
58.76,256.6584978674351,0.0004124100212479984
58.77,256.61339683521277,0.0004119437423114106
58.78,256.5682959431228,0.00041147791018672204
58.79,256.5231951911647,0.00041101252452256865
58.800000000000004,256.4780945793376,0.00041054758496779885
58.81,256.43299410764104,0.0004100830911714798
58.82,256.38789377607424,0.00040961904278289356
58.83,256.3427935846366,0.0004091554394515382
58.84,256.29769353332745,0.00040869228082712853
58.85,256.2525936221461,0.00040822956655959305
58.86,256.20749385109195,0.0004077672962990785
58.870000000000005,256.1623942201644,0.00040730546969594615
58.88,256.1172947293627,0.0004068440864007718
58.89,256.07219537868616,0.00040638314606434683
58.9,256.0270961681343,0.00040592264833767973
58.91000000000001,255.98199709770626,0.0004054625928719919
58.92,255.93689816740152,0.00040500297931872096
58.93,255.89179937721943,0.00040454380732951947
58.94,255.8467007271593,0.0004040850765562545
58.95,255.80160221722042,0.00040362678665100787
58.96,255.75650384740226,0.0004031689372660771
58.97,255.71140561770406,0.0004027115280539725
58.980000000000004,255.66630752812526,0.0004022545586674208
58.99,255.62120957866512,0.00040179802875936135
59.0,255.576111769323,0.00040134193798294884
59.01,255.53101410009833,0.00040088628599155296
59.02,255.48591657099036,0.0004004310724387551
59.03,255.4408191819985,0.00039997629697835355
59.04,255.39572193312205,0.00039952195926435785
59.050000000000004,255.35062482436038,0.0003990680589509934
59.06,255.30552785571282,0.0003986145956926979
59.07,255.26043102717878,0.000398161569144124
59.08,255.21533433875754,0.00039770897896013695
59.09,255.17023779044845,0.00039725682479581543
59.1,255.1251413822509,0.0003968051063064521
59.11,255.0800451141642,0.0003963538231475525
59.120000000000005,255.0349489861877,0.0003959029749748349
59.13,254.98985299832074,0.00039545256144423157
59.14,254.94475715056268,0.00039500258221188665
59.15,254.89966144291293,0.00039455303693415855
59.16000000000001,254.85456587537072,0.000394103925267617
59.17,254.8094704479355,0.0003936552468690455
59.18,254.76437516060653,0.0003932070013954391
59.19,254.71928001338318,0.00039275918850400593
59.2,254.67418500626485,0.00039231180785216717
59.21,254.62909013925088,0.00039186485909755575
59.22,254.58399541234053,0.0003914183418980152
59.230000000000004,254.53890082553323,0.0003909722559116043
59.24,254.49380637882828,0.00039052660079659106
59.25,254.44871207222508,0.00039008137621145703
59.26,254.40361790572297,0.0003896365818148954
59.27,254.3585238793212,0.0003891922172658098
59.28,254.31342999301927,0.00038874828222331727
59.29,254.2683362468164,0.0003883047763467451
59.300000000000004,254.223242640712,0.00038786169929563255
59.31,254.1781491747054,0.00038741905072973027
59.32,254.13305584879592,0.0003869768303089998
59.33,254.087962662983,0.0003865350376936145
59.34,254.04286961726586,0.00038609367254395803
59.35,253.99777671164395,0.00038565273452062526
59.36,253.9526839461166,0.00038521222328442254
59.370000000000005,253.90759132068308,0.0003847721384963657
59.38,253.86249883534282,0.0003843324798176825
59.39,253.81740649009512,0.00038389324690981053
59.4,253.77231428493934,0.0003834544394343984
59.41000000000001,253.72722221987488,0.0003830160570533049
59.42,253.68213029490101,0.000382578099428599
59.43,253.6370385100171,0.00038214056622255956
59.44,253.59194686522255,0.0003817034570976765
59.45,253.54685536051662,0.0003812667717166488
59.46,253.5017639958987,0.00038083050974238575
59.47,253.45667277136818,0.000380394670838007
59.480000000000004,253.4115816869243,0.0003799592546668407
59.49,253.36649074256653,0.0003795242608924259
59.5,253.32139993829415,0.00037908968917851026
59.51,253.27630927410647,0.0003786555391890512
59.52,253.2312187500029,0.0003782218105882158
59.53,253.1861283659828,0.00037778850304038007
59.54,253.14103812204544,0.00037735561621012916
59.550000000000004,253.09594801819026,0.00037692314976225743
59.56,253.05085805441655,0.00037649110336176865
59.57,253.00576823072367,0.0003760594766738744
59.58,252.96067854711094,0.0003756282693639955
59.59,252.91558900357776,0.0003751974810977622
59.6,252.87049960012345,0.00037476711154101267
59.61,252.82541033674732,0.0003743371603597927
59.620000000000005,252.78032121344881,0.0003739076272203592
59.63,252.73523223022715,0.00037347851178917376
59.64,252.6901433870818,0.00037304981373290964
59.65,252.64505468401205,0.0003726215327184459
59.66000000000001,252.59996612101725,0.00037219366841287035
59.67,252.55487769809673,0.00037176622048347874
59.68,252.50978941524988,0.0003713391885977756
59.69,252.46470127247602,0.00037091257242347097
59.7,252.4196132697745,0.0003704863716284848
59.71,252.3745254071447,0.00037006058588094393
59.72,252.3294376845859,0.0003696352148491818
59.730000000000004,252.2843501020975,0.00036921025820174
59.74,252.23926265967881,0.00036878571560736704
59.75,252.19417535732924,0.0003683615867350193
59.76,252.14908819504802,0.00036793787125385914
59.77,252.10400117283464,0.00036751456883325767
59.78,252.05891429068836,0.0003670916791427909
59.79,252.0138275486086,0.0003666692018522431
59.800000000000004,251.9687409465946,0.00036624713663160424
59.81,251.92365448464577,0.0003658254831510712
59.82,251.87856816276147,0.00036540424108104857
59.83,251.833481980941,0.0003649834100921452
59.84,251.78839593918374,0.0003645629898551782
59.85,251.74331003748907,0.00036414298004117015
59.86,251.69822427585626,0.0003637233803213496
59.870000000000005,251.6531386542847,0.0003633041903671512
59.88,251.60805317277374,0.00036288540985021596
59.89,251.56296783132274,0.00036246703844239087
59.9,251.51788262993097,0.0003620490758157277
59.91000000000001,251.4727975685979,0.0003616315216424858
59.92,251.4277126473228,0.00036121437559512743
59.93,251.38262786610503,0.00036079763734632263
59.94,251.33754322494391,0.0003603813065689458
59.95,251.29245872383888,0.0003599653829360775
59.96,251.24737436278917,0.000359549866121002
59.97,251.20229014179418,0.00035913475579721
59.980000000000004,251.15720606085324,0.0003587200516383966
59.99,251.11212211996576,0.0003583057533184629
60.0,251.06703831913103,0.0003578918605115132
60.01,251.02195465834842,0.00035747837289185785
60.02,250.97687113761725,0.0003570652901340106
60.03,250.9317877569369,0.0003566526119126917
60.04,250.88670451630668,0.00035624033790282374
60.050000000000004,250.841621415726,0.00035582846777953525
60.06,250.79653845519414,0.00035541700121815813
60.07,250.75145563471045,0.000355005937894229
60.08,250.70637295427434,0.00035459527748348864
60.09,250.6612904138851,0.00035418501966188104
60.1,250.6162080135421,0.0003537751641055548
60.11,250.57112575324467,0.0003533657104908625
60.120000000000005,250.52604363299218,0.00035295665849436003
60.13,250.480961652784,0.0003525480077928073
60.14,250.43587981261945,0.00035213975806316753
60.15,250.39079811249783,0.00035173190898260635
60.16000000000001,250.34571655241854,0.00035132446022849456
60.17,250.30063513238093,0.00035091741147840567
60.18,250.25555385238434,0.00035051076241011584
60.19,250.21047271242813,0.00035010451270160476
60.2,250.1653917125116,0.000349698662031054
60.21,250.1203108526341,0.0003492932100768502
60.22,250.07523013279507,0.00034888815651758107
60.230000000000004,250.03014955299375,0.0003484835010320375
60.24,249.98506911322957,0.0003480792432992133
60.25,249.93998881350183,0.0003476753829983041
60.26,249.89490865380986,0.00034727191980870865
60.27,249.84982863415306,0.00034686885341002745
60.28,249.80474875453075,0.00034646618348206437
60.29,249.75966901494226,0.0003460639097048237
60.300000000000004,249.71458941538697,0.00034566203175851297
60.31,249.6695099558642,0.0003452605493235419
60.32,249.62443063637335,0.00034485946208052135
60.33,249.57935145691368,0.0003444587697102639
60.34,249.5342724174846,0.0003440584718937846
60.35,249.48919351808544,0.00034365856831229934
60.36,249.44411475871559,0.0003432590586472266
60.370000000000005,249.39903613937432,0.00034285994258018436
60.38,249.353957660061,0.0003424612197929936
60.39,249.30887932077502,0.00034206288996767623
60.4,249.26380112151574,0.0003416649527864552
60.41000000000001,249.2187230622824,0.00034126740793175356
60.42,249.17364514307448,0.0003408702550861972
60.43,249.1285673638912,0.00034047349393261024
60.44,249.08348972473203,0.00034007712415402115
60.45,249.03841222559623,0.00033968114543365556
60.46,248.99333486648317,0.0003392855574549417
60.47,248.9482576473922,0.00033889035990150763
60.480000000000004,248.9031805683227,0.00033849555245718234
60.49,248.85810362927398,0.0003381011348059943
60.5,248.8130268302454,0.0003377071066321729
60.51,248.7679501712363,0.0003373134676201474
60.52,248.72287365224602,0.00033692021745454666
60.53,248.67779727327394,0.00033652735582020076
60.54,248.6327210343194,0.0003361348824021381
60.550000000000004,248.5876449353817,0.0003357427968855879
60.56,248.54256897646025,0.00033535109895597846
60.57,248.49749315755435,0.00033495978829893786
60.58,248.4524174786634,0.00033456886460029396
60.59,248.40734193978665,0.0003341783275460731
60.6,248.36226654092354,0.0003337881768225019
60.61,248.31719128207342,0.0003333984121160064
60.620000000000005,248.2721161632356,0.00033300903311321047
60.63,248.22704118440942,0.00033262003950093773
60.64,248.18196634559428,0.00033223143096621155
60.65,248.13689164678948,0.00033184320719625247
60.66000000000001,248.09181708799437,0.00033145536787848053
60.67,248.0467426692083,0.0003310679127005151
60.68,248.0016683904306,0.00033068084135017315
60.69,247.9565942516607,0.000330294153515471
60.7,247.91152025289784,0.00032990784888462237
60.71,247.86644639414146,0.0003295219271460401
60.72,247.82137267539088,0.0003291363879883347
60.730000000000004,247.77629909664535,0.00032875123110031473
60.74,247.73122565790436,0.00032836645617098794
60.75,247.6861523591672,0.00032798206288955857
60.76,247.6410792004332,0.0003275980509454292
60.77,247.5960061817017,0.0003272144200281998
60.78,247.5509333029721,0.0003268311698276692
60.79,247.50586056424373,0.00032644830003383265
60.800000000000004,247.46078796551592,0.00032606581033688316
60.81,247.41571550678805,0.0003256837004272113
60.82,247.37064318805938,0.000325301969995404
60.83,247.32557100932937,0.00032492061873224776
60.84,247.2804989705973,0.0003245396463287231
60.85,247.23542707186252,0.0003241590524760097
60.86,247.19035531312443,0.0003237788368654838
60.870000000000005,247.14528369438233,0.00032339899918871785
60.88,247.10021221563557,0.0003230195391374815
60.89,247.05514087688346,0.00032264045640374034
60.9,247.01006967812543,0.0003222617506796582
60.91000000000001,246.9649986193608,0.0003218834216575937
60.92,246.91992770058894,0.00032150546903010293
60.93,246.87485692180914,0.00032112789248993725
60.94,246.82978628302078,0.00032075069173004495
60.95,246.7847157842232,0.0003203738664435704
60.96,246.73964542541574,0.0003199974163238537
60.97,246.69457520659773,0.00031962134106443046
60.980000000000004,246.6495051277686,0.00031924564035903404
60.99,246.60443518892765,0.00031887031390159137
61.0,246.55936539007416,0.0003184953613862252
61.01,246.5142957312076,0.0003181207825072555
61.02,246.46922621232724,0.00031774657695919677
61.03,246.42415683343245,0.00031737274443675807
61.04,246.37908759452256,0.00031699928463484477
61.050000000000004,246.33401849559695,0.00031662619724855774
61.06,246.28894953665494,0.00031625348197319146
61.07,246.2438807176959,0.0003158811385042374
61.08,246.1988120387191,0.0003155091665373796
61.09,246.15374349972402,0.00031513756576849976
61.1,246.10867510070995,0.00031476633589367205
61.11,246.06360684167615,0.00031439547660916574
61.120000000000005,246.0185387226221,0.0003140249876114463
61.13,245.9734707435471,0.00031365486859717126
61.14,245.92840290445048,0.00031328511926319395
61.15,245.8833352053316,0.0003129157393065622
61.16000000000001,245.8382676461898,0.0003125467284245167
61.17,245.79320022702444,0.0003121780863144942
61.18,245.74813294783488,0.00031180981267412355
61.19,245.70306580862044,0.0003114419072012291
61.2,245.65799880938047,0.0003110743695938278
61.21,245.61293195011433,0.00031070719955013116
61.22,245.56786523082135,0.000310340396768544
61.230000000000004,245.52279865150092,0.0003099739609476651
61.24,245.47773221215235,0.00030960789178628614
61.25,245.43266591277498,0.0003092421889833926
61.26,245.3875997533682,0.0003088768522381633
61.27,245.34253373393133,0.0003085118812499703
61.28,245.29746785446372,0.00030814727571837856
61.29,245.2524021149647,0.00030778303534314573
61.300000000000004,245.20733651543367,0.00030741915982422364
61.31,245.16227105586995,0.00030705564886175575
61.32,245.11720573627287,0.0003066925021560784
61.33,245.07214055664176,0.00030632971940772137
61.34,245.02707551697603,0.00030596730031740656
61.35,244.98201061727497,0.0003056052445860484
61.36,244.93694585753798,0.00030524355191475377
61.370000000000005,244.8918812377644,0.000304882222004822
61.38,244.84681675795355,0.00030452125455774406
61.39,244.8017524181048,0.0003041606492752038
61.4,244.75668821821745,0.00030380040585907666
61.41000000000001,244.7116241582909,0.00030344052401143037
61.42,244.66656023832448,0.00030308100343452417
61.43,244.62149645831755,0.00030272184383080936
61.44,244.57643281826944,0.00030236304490292886
61.45,244.53136931817951,0.0003020046063537174
61.46,244.48630595804713,0.0003016465278862009
61.47,244.44124273787162,0.0003012888092035966
61.480000000000004,244.39617965765228,0.00030093145000931307
61.49,244.35111671738855,0.0003005744500069512
61.5,244.30605391707974,0.0003002178089003016
61.51,244.26099125672516,0.0002998615263933462
61.52,244.21592873632423,0.0002995056021902592
61.53,244.17086635587626,0.0002991500359954042
61.54,244.1258041153806,0.000298794827513336
61.550000000000004,244.08074201483655,0.0002984399764488001
61.56,244.03568005424353,0.00029808548250673337
61.57,243.9906182336009,0.00029773134539226245
61.58,243.94555655290793,0.00029737756481070427
61.59,243.90049501216401,0.0002970241404675665
61.6,243.8554336113685,0.00029667107206854745
61.61,243.81037235052074,0.00029631835931953463
61.620000000000005,243.76531122962007,0.0002959660019266066
61.63,243.72025024866585,0.00029561399959603124
61.64,243.6751894076574,0.00029526235203426656
61.65,243.63012870659412,0.0002949110589479608
61.66000000000001,243.58506814547528,0.00029456012004395104
61.67,243.5400077243003,0.0002942095350292647
61.68,243.4949474430685,0.000293859303611119
61.690000000000005,243.4498873017792,0.0002935094254969195
61.7,243.4048273004318,0.0002931599003942622
61.71,243.35976743902563,0.0002928107280109323
61.72,243.31470771756005,0.00029246190805490383
61.730000000000004,243.26964813603436,0.0002921134402343394
61.74,243.22458869444796,0.0002917653242575921
61.75,243.1795293928002,0.00029141755983320305
61.76,243.13447023109035,0.00029107014666990153
61.77,243.08941120931786,0.00029072308447660713
61.78,243.044352327482,0.0002903763729624269
61.79,242.99929358558217,0.000290030011836657
61.800000000000004,242.95423498361768,0.0002896840008087823
61.81,242.9091765215879,0.00028933833958847506
61.82,242.86411819949222,0.00028899302788559745
61.83,242.8190600173299,0.00028864806541019806
61.84,242.77400197510033,0.00028830345187251484
61.85,242.72894407280288,0.00028795918698297366
61.86,242.6838863104369,0.00028761527045218833
61.870000000000005,242.63882868800164,0.0002872717019909594
61.88,242.59377120549658,0.0002869284813102773
61.89,242.548713862921,0.0002865856081213184
61.9,242.50365666027426,0.00028624308213544725
61.91000000000001,242.45859959755572,0.0002859009030642162
61.92,242.4135426747647,0.0002855590706193647
61.93,242.36848589190055,0.0002852175845128194
61.940000000000005,242.32342924896264,0.0002848764444566947
61.95,242.27837274595032,0.000284535650163292
61.96,242.23331638286294,0.0002841952013450996
61.97,242.18826015969984,0.0002838550977147928
61.980000000000004,242.14320407646034,0.0002835153389852339
61.99,242.0981481331438,0.00028317592486947174
62.0,242.05309232974963,0.00028283685508074277
62.01,242.00803666627712,0.00028249812933246906
62.02,241.9629811427256,0.0002821597473382593
62.03,241.9179257590945,0.00028182170881190964
62.04,241.87287051538308,0.0002814840134674016
62.050000000000004,241.8278154115907,0.00028114666101890283
62.06,241.78276044771678,0.00028080965118076857
62.07,241.73770562376058,0.00028047298366753846
62.08,241.6926509397215,0.00028013665819393935
62.09,241.64759639559887,0.0002798006744748836
62.1,241.60254199139206,0.00027946503222546937
62.11,241.55748772710038,0.0002791297311609807
62.120000000000005,241.51243360272323,0.0002787947709968876
62.13,241.4673796182599,0.00027846015144884464
62.14,241.4223257737098,0.0002781258722326932
62.15,241.3772720690722,0.0002777919330644589
62.16000000000001,241.33221850434654,0.00027745833366035386
62.17,241.2871650795321,0.00027712507373677436
62.18,241.24211179462824,0.0002767921530103024
62.190000000000005,241.1970586496343,0.00027645957119770464
62.2,241.1520056445497,0.0002761273280159336
62.21,241.1069527793737,0.0002757954231821256
62.22,241.06190005410568,0.0002754638564136023
62.230000000000004,241.01684746874503,0.0002751326274278703
62.24,240.97179502329104,0.0002748017359426202
62.25,240.92674271774305,0.000274471181675727
62.26,240.88169055210048,0.00027414096434525174
62.27,240.83663852636258,0.0002738110836694372
62.28,240.7915866405288,0.0002734815393667135
62.29,240.74653489459843,0.0002731523311556924
62.300000000000004,240.7014832885708,0.0002728234587551708
62.31,240.65643182244537,0.0002724949218841298
62.32,240.61138049622133,0.0002721667202617338
62.33,240.56632930989812,0.0002718388536073316
62.34,240.5212782634751,0.00027151132164045564
62.35,240.4762273569516,0.00027118412408082184
62.36,240.4311765903269,0.0002708572606483294
62.370000000000005,240.38612596360045,0.0002705307310630619
62.38,240.34107547677155,0.00027020453504528565
62.39,240.29602512983956,0.0002698786723154505
62.4,240.25097492280378,0.0002695531425941888
62.41000000000001,240.20592485566362,0.0002692279456023177
62.42,240.16087492841845,0.00026890308106083596
62.43,240.11582514106757,0.00026857854869092587
62.440000000000005,240.0707754936103,0.00026825434821395214
62.45,240.02572598604604,0.00026793047935146265
62.46,239.98067661837413,0.0002676069418251883
62.47,239.9356273905939,0.0002672837353570419
62.480000000000004,239.89057830270474,0.0002669608596691196
62.49,239.84552935470595,0.0002666383144836992
62.5,239.8004805465969,0.00026631609952324143
62.51,239.75543187837695,0.00026599421451038876
62.52,239.7103833500454,0.0002656726591679661
62.53,239.66533496160164,0.00026535143321898086
62.54,239.620286713045,0.000265030536386622
62.550000000000004,239.57523860437487,0.0002647099683942606
62.56,239.53019063559054,0.00026438972896544944
62.57,239.4851428066914,0.000264069817823923
62.58,239.4400951176768,0.00026375023469359766
62.59,239.39504756854606,0.00026343097929857137
62.6,239.35000015929853,0.0002631120513631231
62.61,239.3049528899336,0.00026279345061171406
62.620000000000005,239.25990576045058,0.00026247517676898625
62.63,239.2148587708488,0.0002621572295597625
62.64,239.16981192112763,0.00026183960870904767
62.65,239.12476521128644,0.00026152231394202714
62.66000000000001,239.07971864132458,0.00026120534498406766
62.67,239.03467221124134,0.000260888701560716
62.68,238.98962592103618,0.0002605723833977013
62.690000000000005,238.94457977070832,0.00026025639022093146
62.7,238.89953376025719,0.0002599407217564966
62.71,238.85448788968208,0.0002596253777306665
62.72,238.8094421589824,0.00025931035786989193
62.730000000000004,238.76439656815745,0.0002589956619008035
62.74,238.71935111720663,0.00025868128955021277
62.75,238.67430580612924,0.00025836724054511086
62.76,238.62926063492463,0.00025805351461266943
62.77,238.5842156035922,0.00025774011148024003
62.78,238.53917071213124,0.0002574270308753538
62.79,238.49412596054117,0.0002571142725257229
62.800000000000004,238.4490813488212,0.00025680183615923703
62.81,238.40403687697085,0.0002564897215039683
62.82,238.35899254498935,0.00025617792828816645
62.83,238.3139483528761,0.00025586645624026187
62.84,238.26890430063042,0.0002555553050888632
62.85,238.2238603882517,0.0002552444745627595
62.86,238.17881661573927,0.00025493396439091884
62.870000000000005,238.13377298309243,0.0002546237743024879
62.88,238.08872949031058,0.00025431390402679314
62.89,238.04368613739305,0.0002540043532933395
62.9,237.99864292433924,0.0002536951218318117
62.91000000000001,237.9535998511484,0.0002533862093720717
62.92,237.90855691781996,0.000253077615644162
62.93,237.86351412435326,0.00025276934037830233
62.940000000000005,237.8184714707476,0.00025246138330489184
62.95,237.77342895700235,0.0002521537441545078
62.96,237.72838658311693,0.00025184642265790636
62.97,237.68334434909056,0.00025153941854602066
62.980000000000004,237.63830225492268,0.00025123273154996405
62.99,237.5932603006126,0.00025092636140102635
63.0,237.54821848615973,0.00025062030783067654
63.01,237.50317681156332,0.00025031457057056043
63.02,237.4581352768228,0.0002500091493525028
63.03,237.41309388193747,0.0002497040439085059
63.04,237.36805262690672,0.00024939925397074973
63.050000000000004,237.32301151172982,0.0002490947792715909
63.06,237.2779705364062,0.0002487906195435654
63.07,237.23292970093524,0.0002484867745193861
63.08,237.18788900531615,0.0002481832439319413
63.09,237.1428484495484,0.0002478800275142996
63.1,237.0978080336313,0.00024757712499970505
63.11,237.0527677575642,0.00024727453612157874
63.120000000000005,237.00772762134642,0.0002469722606135197
63.13,236.96268762497738,0.0002466702982093032
63.14,236.91764776845633,0.0002463686486428815
63.15,236.87260805178272,0.000246067311648384
63.16000000000001,236.8275684749558,0.00024576628696011606
63.17,236.782529037975,0.00024546557431256056
63.18,236.73748974083964,0.0002451651734403763
63.190000000000005,236.69245058354906,0.00024486508407839874
63.2,236.6474115661026,0.0002445653059616395
63.21,236.60237268849963,0.00024426583882528676
63.22,236.55733395073952,0.0002439666824047047
63.230000000000004,236.51229535282152,0.00024366783643543316
63.24,236.46725689474513,0.00024336930065318942
63.25,236.4222185765096,0.00024307107479386506
63.26,236.37718039811426,0.00024277315859352793
63.27,236.33214235955853,0.0002424755517884225
63.28,236.28710446084173,0.00024217825411496815
63.29,236.24206670196318,0.00024188126530975984
63.300000000000004,236.19702908292226,0.0002415845851095681
63.31,236.15199160371833,0.00024128821325133934
63.32,236.10695426435072,0.00024099214947219494
63.33,236.06191706481874,0.00024069639350943103
63.34,236.0168800051218,0.00024040094510051978
63.35,235.97184308525925,0.00024010580398310828
63.36,235.92680630523037,0.00023981096989501797
63.370000000000005,235.88176966503457,0.00023951644257424578
63.38,235.8367331646712,0.00023922222175896368
63.39,235.79169680413958,0.00023892830718751781
63.4,235.74666058343905,0.00023863469859842904
63.41000000000001,235.701624502569,0.0002383413957303933
63.42,235.65658856152874,0.0002380483983222806
63.43,235.61155276031764,0.00023775570611313547
63.440000000000005,235.56651709893504,0.00023746331884217671
63.45,235.52148157738034,0.00023717123624879773
63.46,235.47644619565278,0.00023687945807256497
63.47,235.43141095375182,0.00023658798405322065
63.480000000000004,235.38637585167675,0.00023629681393067968
63.49,235.3413408894269,0.00023600594744503095
63.5,235.29630606700167,0.00023571538433653802
63.51,235.25127138440038,0.00023542512434563754
63.52,235.2062368416224,0.0002351351672129397
63.53,235.16120243866703,0.00023484551267922852
63.54,235.1161681755337,0.00023455616048546159
63.550000000000004,235.07113405222165,0.00023426711037276954
63.56,235.02610006873033,0.00023397836208245682
63.57,234.98106622505904,0.0002336899153560009
63.58,234.93603252120715,0.00023340176993505218
63.59,234.890998957174,0.00023311392556143407
63.6,234.84596553295893,0.00023282638197714354
63.61,234.80093224856128,0.00023253913892434957
63.620000000000005,234.75589910398043,0.00023225219614539505
63.63,234.7108660992157,0.00023196555338279474
63.64,234.66583323426647,0.00023167921037923626
63.65,234.62080050913204,0.00023139316687757958
63.66000000000001,234.5757679238118,0.00023110742262085819
63.67,234.5307354783051,0.00023082197735227645
63.68,234.4857031726113,0.00023053683081521205
63.690000000000005,234.44067100672967,0.0002302519827532145
63.7,234.39563898065964,0.00022996743291000594
63.71,234.35060709440052,0.00022968318102947952
63.72,234.3055753479517,0.00022939922685570182
63.730000000000004,234.26054374131246,0.00022911557013291013
63.74,234.21551227448225,0.000228832210605514
63.75,234.17048094746033,0.00022854914801809475
63.76,234.12544976024606,0.00022826638211540486
63.77,234.08041871283882,0.00022798391264236944
63.78,234.03538780523797,0.000227701739344084
63.79,233.9903570374428,0.00022741986196581564
63.800000000000004,233.94532640945272,0.00022713828025300314
63.81,233.900295921267,0.0002268569939512563
63.82,233.8552655728851,0.0002265760028063563
63.83,233.8102353643063,0.00022629530656425497
63.84,233.76520529552994,0.0002260149049710753
63.85,233.7201753665554,0.00022573479777311109
63.86,233.675145577382,0.0002254549847168273
63.870000000000005,233.63011592800913,0.000225175465548859
63.88,233.5850864184361,0.0002248962400160123
63.89,233.5400570486623,0.00022461730786526424
63.9,233.49502781868702,0.0002243386688437612
63.91000000000001,233.44999872850966,0.0002240603226988212
63.92,233.40496977812955,0.0002237822691779318
63.93,233.35994096754604,0.00022350450802875117
63.940000000000005,233.31491229675845,0.00022322703899910692
63.95,233.2698837657662,0.0002229498618369981
63.96,233.22485537456856,0.0002226729762905924
63.97,233.17982712316496,0.00022239638210822806
63.980000000000004,233.13479901155466,0.00022212007903841253
63.99,233.0897710397371,0.00022184406682982416
64.0,233.04474320771152,0.00022156834523130955
64.01,232.9997155154774,0.0002212929139918859
64.02,232.95468796303405,0.00022101777286073995
64.03,232.90966055038066,0.0002207429215872259
64.04,232.86463327751676,0.00022046835992086986
64.05,232.81960614444168,0.00022019408761136632
64.06,232.77457915115474,0.00021992010440857816
64.07000000000001,232.72955229765526,0.0002196464100625379
64.08,232.68452558394262,0.00021937300432344693
64.09,232.63949901001618,0.00021909988694167573
64.1,232.5944725758753,0.00021882705766776382
64.11,232.54944628151924,0.000218554516252418
64.12,232.50442012694742,0.00021828226244651562
64.13,232.45939411215926,0.00021801029600110206
64.14,232.41436823715392,0.0002177386166673899
64.15,232.36934250193093,0.00021746722419676214
64.16,232.3243169064895,0.0002171961183407682
64.17,232.2792914508291,0.00021692529885112752
64.18,232.23426613494902,0.00021665476547972625
64.19,232.18924095884864,0.00021638451797861973
64.2,232.14421592252725,0.00021611455610002987
64.21000000000001,232.09919102598423,0.0002158448795963481
64.22,232.0541662692189,0.00021557548822013256
64.23,232.0091416522307,0.00021530638172410977
64.24,231.96411717501894,0.0002150375598611739
64.25,231.9190928375829,0.0002147690223843855
64.26,231.874068639922,0.00021450076904697463
64.27,231.82904458203558,0.00021423279960233724
64.28,231.7840206639229,0.0002139651138040366
64.29,231.73899688558345,0.00021369771140580492
64.3,231.6939732470165,0.00021343059216153928
64.31,231.64894974822144,0.00021316375582530593
64.32000000000001,231.60392638919757,0.00021289720215133612
64.33,231.55890316994427,0.00021263093089402975
64.34,231.51388009046084,0.0002123649418079525
64.35,231.46885715074677,0.00021209923464783777
64.36,231.4238343508012,0.00021183380916858392
64.37,231.37881169062362,0.00021156866512525796
64.38,231.33378917021344,0.00021130380227309272
64.39,231.2887667895698,0.00021103922036748608
64.4,231.24374454869218,0.00021077491916400419
64.41,231.19872244757997,0.00021051089841837874
64.42,231.15370048623242,0.00021024715788650736
64.43,231.10867866464895,0.00020998369732445394
64.44,231.0636569828289,0.00020972051648844868
64.45,231.01863544077156,0.0002094576151348872
64.46000000000001,230.97361403847634,0.00020919499302033128
64.47,230.92859277594258,0.00020893264990150867
64.48,230.8835716531696,0.00020867058553531234
64.49,230.83855067015682,0.00020840879967880138
64.5,230.79352982690347,0.00020814729208919988
64.51,230.748509123409,0.00020788606252389815
64.52,230.7034885596728,0.00020762511074045125
64.53,230.658468135694,0.0002073644364965788
64.54,230.6134478514722,0.00020710403955016772
64.55,230.56842770700658,0.00020684391965926818
64.56,230.52340770229657,0.00020658407658209605
64.57000000000001,230.47838783734153,0.0002063245100770325
64.58,230.43336811214076,0.00020606521990262293
64.59,230.38834852669365,0.00020580620581757823
64.6,230.34332908099955,0.00020554746758077338
64.61,230.29830977505776,0.000205289004951248
64.62,230.25329060886764,0.00020503081768820665
64.63,230.2082715824286,0.00020477290555101857
64.64,230.1632526957399,0.00020451526829921645
64.65,230.118233948801,0.00020425790569249852
64.66,230.0732153416111,0.0002040008174907259
64.67,230.0281968741697,0.00020374400345392544
64.68,229.98317854647607,0.0002034874633422867
64.69,229.9381603585296,0.0002032311969161637
64.7,229.89314231032958,0.00020297520393607437
64.71000000000001,229.8481244018754,0.00020271948416270062
64.72,229.8031066331664,0.00020246403735688806
64.73,229.75808900420193,0.00020220886327964547
64.74,229.71307151498138,0.00020195396169214605
64.75,229.66805416550397,0.00020169933235572555
64.76,229.62303695576924,0.0002014449750318843
64.77,229.57801988577643,0.00020119088948228504
64.78,229.5330029555248,0.00020093707546875355
64.79,229.4879861650139,0.00020068353275328005
64.8,229.44296951424292,0.0002004302610980165
64.81,229.39795300321128,0.00020017726026527887
64.82000000000001,229.35293663191834,0.00019992453001754554
64.83,229.3079204003634,0.00019967207011745768
64.84,229.2629043085458,0.00019941988032781948
64.85,229.21788835646504,0.00019916796041159852
64.86,229.17287254412025,0.00019891631013192285
64.87,229.1278568715109,0.0001986649292520853
64.88,229.08284133863637,0.00019841381753554044
64.89,229.03782594549585,0.00019816297474590415
64.9,228.99281069208888,0.00019791240064695646
64.91,228.9477955784147,0.00019766209500263828
64.92,228.90278060447275,0.0001974120575770533
64.93,228.85776577026223,0.00019716228813446623
64.94,228.81275107578264,0.00019691278643930519
64.95,228.76773652103324,0.00019666355225615926
64.96000000000001,228.72272210601344,0.0001964145853497798
64.97,228.6777078307225,0.00019616588548507916
64.98,228.6326936951599,0.00019591745242713229
64.99,228.5876796993249,0.00019566928594117518
65.0,228.5426658432168,0.0001954213857926048
65.01,228.49765212683502,0.00019517375174698054
65.02,228.45263855017902,0.00019492638357002337
65.03,228.4076251132479,0.00019467928102761333
65.04,228.36261181604118,0.0001944324438857941
65.05,228.31759865855815,0.0001941858719107691
65.06,228.27258564079824,0.00019393956486890343
65.07000000000001,228.2275727627607,0.0001936935225267225
65.08,228.18256002444494,0.00019344774465091278
65.09,228.13754742585024,0.00019320223100832148
65.1,228.0925349669761,0.00019295698136595732
65.11,228.04752264782167,0.0001927119954909876
65.12,228.00251046838645,0.0001924672731507426
65.13,227.95749842866974,0.00019222281411271122
65.14,227.9124865286708,0.00019197861814454313
65.15,227.86747476838917,0.00019173468501404944
65.16,227.82246314782404,0.00019149101448919968
65.17,227.77745166697483,0.0001912476063381248
65.18,227.73244032584088,0.00019100446032911515
65.19,227.68742912442153,0.00019076157623062136
65.2,227.64241806271613,0.00019051895381125378
65.21000000000001,227.59740714072404,0.00019027659283978257
65.22,227.55239635844458,0.00019003449308513742
65.23,227.50738571587715,0.00018979265431640855
65.24,227.4623752130211,0.00018955107630284467
65.25,227.4173648498757,0.00018930975881385417
65.26,227.37235462644034,0.00018906870161900524
65.27,227.32734454271446,0.00018882790448802582
65.28,227.28233459869722,0.00018858736719080125
65.29,227.23732479438812,0.0001883470894973783
65.3,227.1923151297865,0.00018810707117796168
65.31,227.14730560489164,0.00018786731200291472
65.32000000000001,227.10229621970294,0.00018762781174276068
65.33,227.05728697421975,0.0001873885701681811
65.34,227.01227786844137,0.00018714958705001614
65.35,226.9672689023673,0.0001869108621592653
65.36,226.92226007599663,0.00018667239526708545
65.37,226.8772513893289,0.0001864341861447935
65.38,226.83224284236348,0.0001861962345638643
65.39,226.78723443509955,0.0001859585402959298
65.4,226.74222616753661,0.0001857211031127823
65.41,226.69721803967397,0.00018548392278637106
65.42,226.652210051511,0.0001852469990888039
65.43,226.607202203047,0.00018501033179234617
65.44,226.56219449428133,0.00018477392066942178
65.45,226.51718692521334,0.00018453776549261217
65.46000000000001,226.47217949584243,0.000184301866034657
65.47,226.42717220616788,0.00018406622206845302
65.48,226.3821650561891,0.00018383083336705563
65.49,226.33715804590543,0.00018359569970367664
65.5,226.29215117531612,0.00018336082085168576
65.51,226.24714444442066,0.00018312619658461082
65.52,226.20213785321835,0.0001828918266761363
65.53,226.15713140170845,0.00018265771090010367
65.54,226.11212508989047,0.0001824238490305128
65.55,226.06711891776362,0.000182190240841519
65.56,226.02211288532735,0.00018195688610743603
65.57000000000002,225.9771069925809,0.00018172378460273357
65.58,225.93210123952377,0.0001814909361020395
65.59,225.8870956261552,0.0001812583403801368
65.6,225.84209015247455,0.00018102599721196605
65.61,225.7970848184812,0.00018079390637262466
65.62,225.75207962417448,0.0001805620676373662
65.63,225.70707456955378,0.00018033048078160098
65.64,225.66206965461836,0.0001800991455808953
65.65,225.61706487936766,0.00017986806181097205
65.66,225.57206024380096,0.00017963722924771048
65.67,225.5270557479177,0.00017940664766714586
65.68,225.48205139171714,0.0001791763168454694
65.69,225.43704717519864,0.0001789462365590283
65.7,225.39204309836163,0.0001787164065843264
65.71000000000001,225.34703916120532,0.00017848682669802189
65.72,225.30203536372923,0.00017825749667693084
65.73,225.25703170593255,0.00017802841629802253
65.74,225.21202818781478,0.00017779958533842408
65.75,225.1670248093751,0.00017757100357541648
65.76,225.12202157061301,0.0001773426707864375
65.77,225.07701847152782,0.00017711458674907942
65.78,225.0320155121188,0.00017688675124108967
65.79,224.9870126923854,0.00017665916404037188
65.8,224.94201001232693,0.00017643182492498366
65.81,224.89700747194274,0.00017620473367313872
65.82000000000002,224.8520050712321,0.0001759778900632045
65.83,224.80700281019458,0.00017575129387370535
65.84,224.76200068882932,0.00017552494488331808
65.85,224.71699870713573,0.00017529884287087572
65.86,224.67199686511316,0.00017507298761536543
65.87,224.62699516276098,0.00017484737889592936
65.88,224.58199360007853,0.00017462201649186398
65.89,224.53699217706517,0.0001743969001826202
65.9,224.49199089372024,0.0001741720297478029
65.91,224.44698975004306,0.00017394740496717186
65.92,224.40198874603306,0.0001737230256206407
65.93,224.35698788168946,0.00017349889148827704
65.94,224.31198715701174,0.00017327500235030303
65.95,224.2669865719992,0.00017305135798709442
65.96000000000001,224.22198612665113,0.00017282795817918052
65.97,224.176985820967,0.00017260480270724548
65.98,224.13198565494608,0.00017238189135212632
65.99,224.08698562858774,0.00017215922389481376
66.0,224.04198574189132,0.00017193680011645248
66.01,223.99698599485617,0.00017171461979834018
66.02,223.95198638748164,0.00017149268272192826
66.03,223.90698691976706,0.00017127098866882162
66.04,223.86198759171188,0.00017104953742077847
66.05,223.81698840331532,0.00017082832875970952
66.06,223.77198935457676,0.00017060736246767914
66.07000000000002,223.72699044549557,0.00017038663832690475
66.08,223.68199167607122,0.0001701661561197572
66.09,223.63699304630288,0.00016994591562875867
66.1,223.59199455618995,0.00016972591663658547
66.11,223.54699620573177,0.0001695061589260661
66.12,223.50199799492776,0.00016928664228018224
66.13,223.4569999237772,0.00016906736648206744
66.14,223.41200199227947,0.0001688483313150081
66.15,223.36700420043388,0.00016862953656244286
66.16,223.32200654823987,0.0001684109820079633
66.17,223.27700903569672,0.0001681926674353123
66.18,223.23201166280376,0.00016797459262838532
66.19,223.1870144295604,0.00016775675737123043
66.2,223.14201733596593,0.00016753916144804671
66.21000000000001,223.09702038201976,0.0001673218046431862
66.22,223.05202356772125,0.0001671046867411523
66.23,223.00702689306962,0.0001668878075265998
66.24,222.9620303580644,0.00016667116678433625
66.25,222.9170339627048,0.00016645476429932003
66.26,222.87203770699026,0.00016623859985666115
66.27,222.8270415909201,0.00016602267324162138
66.28,222.78204561449363,0.00016580698423961375
66.29,222.7370497777102,0.00016559153263620238
66.3,222.69205408056928,0.00016537631821710329
66.31,222.6470585230701,0.00016516134076818308
66.32000000000002,222.60206310521195,0.00016494660007545912
66.33,222.5570678269944,0.0001647320959251015
66.34,222.51207268841662,0.00016451782810342894
66.35,222.467077689478,0.00016430379639691253
66.36,222.42208283017794,0.00016409000059217405
66.37,222.3770881105157,0.00016387644047598506
66.38,222.33209353049068,0.00016366311583526874
66.39,222.28709909010232,0.00016345002645709895
66.4,222.2421047893498,0.00016323717212869874
66.41,222.1971106282325,0.00016302455263744248
66.42,222.15211660674993,0.0001628121677708555
66.43,222.10712272490127,0.00016260001731661198
66.44,222.06212898268598,0.00016238810106253732
66.45,222.01713538010335,0.00016217641879660635
66.46000000000001,221.97214191715267,0.00016196497030694393
66.47,221.92714859383346,0.00016175375538182607
66.48,221.88215541014492,0.00016154277380967674
66.49,221.83716236608646,0.0001613320253790712
66.5,221.79216946165747,0.00016112150987873382
66.51,221.74717669685722,0.00016091122709753868
66.52,221.70218407168502,0.0001607011768245088
66.53,221.65719158614036,0.00016049135884881822
66.54,221.6121992402225,0.00016028177295978902
66.55,221.56720703393083,0.00016007241894689314
66.56,221.5222149672647,0.00015986329659975162
66.57000000000002,221.47722304022335,0.00015965440570813458
66.58,221.4322312528064,0.00015944574606196208
66.59,221.38723960501287,0.00015923731745130155
66.6,221.3422480968423,0.00015902911966637082
66.61,221.297256728294,0.00015882115249753615
66.62,221.25226549936733,0.00015861341573531252
66.63,221.20727441006161,0.0001584059091703636
66.64,221.16228346037627,0.00015819863259350193
66.65,221.11729265031053,0.00015799158579568804
66.66,221.07230197986388,0.00015778476856803176
66.67,221.02731144903555,0.00015757818070179076
66.68,220.98232105782498,0.00015737182198837115
66.69,220.93733080623144,0.00015716569221932748
66.7,220.89234069425436,0.00015695979118636233
66.71000000000001,220.84735072189304,0.00015675411868132637
66.72,220.80236088914685,0.0001565486744962186
66.73,220.75737119601513,0.00015634345842318538
66.74,220.71238164249723,0.00015613847025452147
66.75,220.6673922285925,0.00015593370978266914
66.76,220.6224029543003,0.00015572917680021882
66.77,220.57741381962,0.0001555248710999082
66.78,220.53242482455084,0.00015532079247462205
66.79,220.48743596909233,0.00015511694071739402
66.8,220.44244725324376,0.0001549133156214042
66.81,220.3974586770044,0.0001547099169799797
66.82000000000002,220.35247024037366,0.00015450674458659572
66.83,220.30748194335092,0.00015430379823487458
66.84,220.26249378593553,0.00015410107771858544
66.85,220.2175057681268,0.0001538985828316443
66.86,220.1725178899241,0.0001536963133681146
66.87,220.12753015132677,0.0001534942691222062
66.88,220.08254255233413,0.00015329244988827612
66.89,220.03755509294564,0.00015309085546082846
66.9,219.9925677731605,0.00015288948563451266
66.91,219.94758059297817,0.00015268834020412656
66.92,219.90259355239795,0.00015248741896461304
66.93,219.85760665141925,0.00015228672171106248
66.94,219.81261989004133,0.00015208624823871052
66.95,219.7676332682636,0.00015188599834294012
66.96000000000001,219.72264678608536,0.0001516859718192798
66.97,219.67766044350608,0.0001514861684634048
66.98,219.63267424052498,0.00015128658807113553
66.99,219.5876881771415,0.00015108723043843954
67.0,219.54270225335483,0.00015088809536142867
67.01,219.49771646916457,0.00015068918263636292
67.02,219.45273082456987,0.00015049049205964572
67.03,219.40774531957015,0.00015029202342782758
67.04,219.36275995416474,0.00015009377653760417
67.05,219.31777472835304,0.00014989575118581672
67.06,219.2727896421344,0.0001496979471694522
67.07000000000002,219.2278046955081,0.00014950036428564237
67.08,219.1828198884736,0.00014930300233166504
67.09,219.13783522103012,0.00014910586110494236
67.1,219.09285069317704,0.00014890894040304228
67.11,219.04786630491375,0.00014871224002367775
67.12,219.00288205623963,0.00014851575976470677
67.13,218.95789794715392,0.00014831949942413183
67.14,218.9129139776561,0.0001481234588001011
67.15,218.86793014774545,0.00014792763769090682
67.16,218.82294645742138,0.00014773203589498615
67.17,218.77796290668317,0.00014753665321092093
67.18,218.7329794955301,0.00014734148943743697
67.19,218.6879962239617,0.00014714654437340612
67.2,218.64301309197722,0.0001469518178178429
67.21000000000001,218.59803009957594,0.00014675730956990676
67.22,218.55304724675747,0.00014656301942890266
67.23,218.5080645335209,0.00014636894719427746
67.24,218.46308195986563,0.0001461750926656235
67.25,218.41809952579104,0.00014598145564267696
67.26,218.37311723129653,0.0001457880359253184
67.27,218.32813507638136,0.00014559483331357123
67.28,218.28315306104497,0.00014540184760760381
67.29,218.2381711852866,0.00014520907860772703
67.3,218.19318944910577,0.00014501652611439693
67.31,218.14820785250163,0.00014482418992821125
67.32000000000002,218.1032263954736,0.00014463206984991294
67.33,218.0582450780212,0.0001444401656803881
67.34,218.01326390014353,0.00014424847722066495
67.35,217.96828286184012,0.00014405700427191665
67.36,217.92330196311013,0.00014386574663545777
67.37,217.87832120395316,0.00014367470411274822
67.38,217.8333405843684,0.00014348387650538893
67.39,217.78836010435515,0.0001432932636151249
67.4,217.7433797639129,0.00014310286524384406
67.41,217.69839956304094,0.00014291268119357657
67.42,217.6534195017386,0.000142722711266496
67.43,217.6084395800053,0.00014253295526491826
67.44,217.5634597978403,0.00014234341299130176
67.45,217.51848015524294,0.00014215408424824761
67.46000000000001,217.4735006522127,0.00014196496883849975
67.47,217.42852128874887,0.00014177606656494426
67.48,217.38354206485067,0.0001415873772306085
67.49,217.33856298051762,0.00014139890063866406
67.5,217.29358403574906,0.00014121063659242343
67.51,217.24860523054429,0.00014102258489534115
67.52,217.2036265649026,0.00014083474535101404
67.53,217.1586480388235,0.00014064711776318138
67.54,217.11366965230619,0.00014045970193572336
67.55,217.06869140535002,0.0001402724976726623
67.56,217.02371329795446,0.00014008550477816298
67.57000000000002,216.97873533011875,0.00013989872305653067
67.58,216.9337575018424,0.00013971215231221339
67.59,216.8887798131246,0.00013952579234979953
67.6,216.84380226396465,0.00013933964297401923
67.61,216.79882485436212,0.0001391537039897451
67.62,216.75384758431613,0.00013896797520198908
67.63,216.70887045382625,0.00013878245641590634
67.64,216.66389346289168,0.00013859714743679141
67.65,216.61891661151176,0.00013841204807008085
67.66,216.5739398996859,0.00013822715812135232
67.67,216.5289633274135,0.00013804247739632378
67.68,216.4839868946938,0.00013785800570085462
67.69,216.4390106015262,0.00013767374284094435
67.7,216.39403444791012,0.0001374896886227341
67.71000000000001,216.3490584338448,0.00013730584285250456
67.72,216.3040825593297,0.00013712220533667783
67.73,216.25910682436398,0.00013693877588181544
67.74,216.21413122894717,0.0001367555542946207
67.75,216.16915577307861,0.00013657254038193633
67.76,216.12418045675759,0.00013638973395074553
67.77,216.07920527998346,0.00013620713480817122
67.78,216.03423024275554,0.00013602474276147719
67.79,215.98925534507325,0.0001358425576180668
67.8,215.94428058693592,0.00013566057918548358
67.81,215.89930596834296,0.00013547880727141114
67.82000000000002,215.8543314892936,0.00013529724168367195
67.83,215.80935714978725,0.00013511588223022905
67.84,215.7643829498233,0.00013493472871918533
67.85,215.719408889401,0.00013475378095878225
67.86,215.67443496851985,0.00013457303875740224
67.87,215.62946118717903,0.00013439250192356545
67.88,215.584487545378,0.00013421217026593284
67.89,215.53951404311613,0.00013403204359330404
67.9,215.49454068039267,0.0001338521217146178
67.91,215.44956745720702,0.00013367240443895232
67.92,215.40459437355855,0.0001334928915755248
67.93,215.35962142944658,0.00013331358293369128
67.94,215.31464862487047,0.00013313447832294687
67.95,215.26967595982967,0.00013295557755292584
67.96000000000001,215.22470343432326,0.00013277688043340004
67.97,215.17973104835096,0.00013259838677428206
67.98,215.13475880191186,0.00013242009638562104
67.99,215.08978669500533,0.00013224200907760585
68.0,215.0448147276308,0.00013206412466056368
68.01,214.99984289978758,0.00013188644294495996
68.02,214.95487121147505,0.00013170896374139885
68.03,214.9098996626925,0.00013153168686062206
68.04,214.86492825343936,0.0001313546121135101
68.05,214.81995698371497,0.0001311777393110818
68.06,214.77498585351864,0.00013100106826449313
68.07000000000002,214.7300148628497,0.00013082459878503878
68.08,214.68504401170756,0.00013064833068415115
68.09,214.64007330009156,0.00013047226377340063
68.1,214.595102728001,0.0001302963978644948
68.11,214.55013229543528,0.00013012073276927991
68.12,214.50516200239377,0.00012994526829973897
68.13,214.4601918488757,0.00012977000426799232
68.14,214.41522183488064,0.00012959494048629945
68.15,214.37025196040776,0.00012942007676705508
68.16,214.32528222545636,0.0001292454129227922
68.17,214.28031263002595,0.00012907094876618162
68.18,214.23534317411588,0.00012889668411003084
68.19,214.19037385772543,0.00012872261876728405
68.2,214.1454046808539,0.00012854875255102275
68.21000000000001,214.1004356435007,0.00012837508527446595
68.22,214.05546674566526,0.0001282016167509689
68.23,214.01049798734684,0.00012802834679402386
68.24,213.96552936854476,0.00012785527521725983
68.25,213.92056088925847,0.0001276824018344425
68.26,213.87559254948724,0.00012750972645947408
68.27,213.83062434923045,0.00012733724890639356
68.28,213.78565628848744,0.00012716496898937602
68.29,213.74068836725758,0.0001269928865227332
68.3,213.69572058554024,0.00012682100132091324
68.31,213.65075294333468,0.00012664931319849971
68.32000000000002,213.60578544064032,0.00012647782197021358
68.33,213.56081807745653,0.0001263065274509112
68.34,213.51585085378267,0.00012613542945558504
68.35000000000001,213.47088376961796,0.00012596452779936308
68.36,213.42591682496194,0.00012579382229751035
68.37,213.38095001981384,0.00012562331276542643
68.38,213.335983354173,0.00012545299901864737
68.39,213.29101682803883,0.00012528288087284444
68.4,213.24605044141063,0.00012511295814382492
68.41,213.20108419428783,0.0001249432306475316
68.42,213.15611808666966,0.00012477369820004198
68.43,213.1111521185556,0.00012460436061756988
68.44,213.066186289945,0.00012443521771646435
68.45,213.021220600837,0.00012426626931320836
68.46000000000001,212.97625505123113,0.00012409751522442155
68.47,212.93128964112685,0.00012392895526685865
68.48,212.88632437052328,0.000123760589257408
68.49,212.84135923941983,0.00012359241701309396
68.5,212.796394247816,0.0001234244383510762
68.51,212.75142939571094,0.0001232566530886474
68.52,212.70646468310412,0.0001230890610432369
68.53,212.6615001099948,0.00012292166203240737
68.54,212.61653567638243,0.00012275445587385715
68.55,212.57157138226637,0.00012258744238541835
68.56,212.52660722764585,0.00012242062138505727
68.57000000000002,212.48164321252028,0.00012225399269087518
68.58,212.43667933688909,0.00012208755612110782
68.59,212.39171560075152,0.00012192131149412439
68.60000000000001,212.34675200410697,0.00012175525862842882
68.61,212.3017885469548,0.00012158939734265892
68.62,212.25682522929435,0.00012142372745558647
68.63,212.21186205112494,0.00012125824878611725
68.64,212.166899012446,0.00012109296115329117
68.65,212.12193611325677,0.00012092786437628107
68.66,212.0769733535567,0.00012076295827439478
68.67,212.03201073334506,0.00012059824266707265
68.68,211.98704825262132,0.00012043371737388941
68.69,211.94208591138465,0.00012026938221455254
68.7,211.89712370963454,0.00012010523700890364
68.71000000000001,211.8521616473703,0.0001199412815769174
68.72,211.80719972459138,0.00011977751573870226
68.73,211.76223794129692,0.00011961393931449845
68.74,211.7172762974864,0.00011945055212468102
68.75,211.67231479315922,0.00011928735398975752
68.76,211.62735342831462,0.000119124344730368
68.77,211.582392202952,0.00011896152416728621
68.78,211.53743111707072,0.00011879889212141812
68.79,211.49247017067012,0.000118636448413803
68.8,211.4475093637496,0.00011847419286561275
68.81,211.40254869630837,0.00011831212529815143
68.82000000000002,211.3575881683459,0.00011815024553285633
68.83,211.3126277798616,0.00011798855339129725
68.84,211.2676675308547,0.00011782704869517588
68.85000000000001,211.22270742132451,0.0001176657312663262
68.86,211.17774745127053,0.00011750460092671559
68.87,211.13278762069206,0.00011734365749844262
68.88,211.08782792958834,0.0001171829008037379
68.89,211.0428683779589,0.00011702233066496543
68.9,210.997908965803,0.00011686194690461976
68.91,210.9529496931199,0.0001167017493453277
68.92,210.90799055990914,0.00011654173780984911
68.93,210.86303156616995,0.00011638191212107399
68.94,210.8180727119017,0.00011622227210202506
68.95,210.77311399710374,0.00011606281757585665
68.96000000000001,210.7281554217754,0.0001159035483658541
68.97,210.68319698591614,0.00011574446429543526
68.98,210.63823868952517,0.0001155855651881482
68.99,210.5932805326019,0.00011542685086767344
69.0,210.54832251514574,0.00011526832115782234
69.01,210.50336463715593,0.0001151099758825373
69.02,210.45840689863184,0.00011495181486589215
69.03,210.4134492995729,0.00011479383793209216
69.04,210.36849183997845,0.00011463604490547304
69.05,210.32353451984778,0.00011447843561050166
69.06,210.27857733918023,0.00011432100987177556
69.07000000000002,210.23362029797522,0.00011416376751402367
69.08,210.18866339623207,0.0001140067083621051
69.09,210.14370663395013,0.00011384983224100991
69.10000000000001,210.09875001112874,0.00011369313897585877
69.11,210.0537935277673,0.00011353662839190288
69.12,210.00883718386513,0.00011338030031452359
69.13,209.9638809794216,0.00011322415456923305
69.14,209.91892491443593,0.00011306819098167334
69.15,209.87396898890768,0.0001129124093776174
69.16,209.82901320283605,0.00011275680958296762
69.17,209.7840575562204,0.0001126013914237569
69.18,209.7391020490602,0.00011244615472614845
69.19,209.69414668135468,0.00011229109931643473
69.2,209.64919145310324,0.00011213622502103875
69.21000000000001,209.60423636430522,0.00011198153166651299
69.22,209.55928141496008,0.00011182701907954011
69.23,209.51432660506697,0.00011167268708693158
69.24,209.46937193462531,0.00011151853551562926
69.25,209.42441740363455,0.00011136456419270464
69.26,209.37946301209388,0.0001112107729453579
69.27,209.3345087600028,0.00011105716160091972
69.28,209.2895546473606,0.0001109037299868492
69.29,209.24460067416663,0.00011075047793073517
69.3,209.19964684042023,0.00011059740526029539
69.31,209.15469314612082,0.00011044451180337716
69.32000000000002,209.1097395912676,0.00011029179738795604
69.33,209.06478617586015,0.00011013926184213791
69.34,209.0198328998976,0.0001099869049941561
69.35000000000001,208.9748797633794,0.00010983472667237367
69.36,208.92992676630493,0.00010968272670528252
69.37,208.88497390867346,0.00010953090492150254
69.38,208.8400211904844,0.0001093792611497831
69.39,208.79506861173707,0.00010922779521900144
69.4,208.75011617243086,0.00010907650695816398
69.41,208.70516387256512,0.00010892539619640497
69.42,208.66021171213913,0.00010877446276298724
69.43,208.6152596911523,0.00010862370648730203
69.44,208.57030780960395,0.00010847312719886864
69.45,208.52535606749353,0.0001083227247273349
69.46000000000001,208.48040446482023,0.00010817249890247595
69.47,208.43545300158354,0.00010802244955419581
69.48,208.39050167778277,0.0001078725765125259
69.49,208.3455504934172,0.00010772287960762543
69.5,208.30059944848625,0.00010757335866978193
69.51,208.25564854298932,0.00010742401352941044
69.52,208.21069777692566,0.0001072748440170535
69.53,208.16574715029464,0.00010712584996338109
69.54,208.1207966630957,0.0001069770311991916
69.55,208.07584631532802,0.00010682838755540961
69.56,208.03089610699112,0.00010667991886308821
69.57000000000002,207.98594603808425,0.00010653162495340705
69.58,207.9409961086069,0.00010638350565767376
69.59,207.89604631855826,0.00010623556080732231
69.60000000000001,207.85109666793767,0.00010608779023391414
69.61,207.80614715674466,0.00010594019376913818
69.62,207.7611977849784,0.0001057927712448096
69.63,207.71624855263835,0.00010564552249287096
69.64,207.67129945972383,0.00010549844734539162
69.65,207.62635050623416,0.00010535154563456734
69.66,207.58140169216875,0.0001052048171927211
69.67,207.53645301752692,0.00010505826185230202
69.68,207.491504482308,0.00010491187944588608
69.69,207.4465560865114,0.00010476566980617585
69.7,207.40160783013636,0.0001046196327659997
69.71000000000001,207.35665971318235,0.00010447376815831335
69.72,207.31171173564866,0.00010432807581619785
69.73,207.2667638975347,0.00010418255557286114
69.74,207.2218161988398,0.00010403720726163707
69.75,207.1768686395632,0.00010389203071598501
69.76,207.13192121970442,0.00010374702576949146
69.77,207.0869739392627,0.00010360219225586797
69.78,207.04202679823743,0.00010345753000895224
69.79,206.997079796628,0.00010331303886270807
69.8,206.9521329344336,0.00010316871865122405
69.81,206.90718621165377,0.00010302456920871573
69.82000000000002,206.8622396282878,0.00010288059036952344
69.83,206.81729318433503,0.00010273678196811324
69.84,206.7723468797948,0.00010259314383907647
69.85000000000001,206.72740071466643,0.00010244967581712991
69.86,206.68245468894946,0.00010230637773711641
69.87,206.63750880264297,0.0001021632494340025
69.88,206.5925630557465,0.00010202029074288146
69.89,206.54761744825925,0.0001018775014989706
69.9,206.5026719801807,0.00010173488153761303
69.91,206.45772665151023,0.00010159243069427666
69.92,206.41278146224707,0.00010145014880455383
69.93,206.36783641239066,0.00010130803570416234
69.94,206.32289150194023,0.00010116609122894408
69.95,206.27794673089528,0.0001010243152148664
69.96000000000001,206.2330020992551,0.00010088270749802089
69.97,206.1880576070191,0.00010074126791462404
69.98,206.14311325418646,0.00010059999630101584
69.99,206.09816904075672,0.00010045889249366196
70.0,206.05322496672912,0.00010031795632915178
70.01,206.00828103210307,0.00010017718764419907
70.02,205.96333723687786,0.00010003658627564179
70.03,205.91839358105295,9.989615206044241e-05
70.04,205.87345006462755,9.975588483568668e-05
70.05,205.82850668760108,9.961578443858519e-05
70.06,205.78356344997295,9.94758507064724e-05
70.07000000000002,205.73862035174238,9.933608347680599e-05
70.08,205.6936773929089,9.919648258716847e-05
70.09,205.6487345734717,9.905704787526492e-05
70.10000000000001,205.60379189343013,9.891777917892486e-05
70.11,205.55884935278374,9.877867633610172e-05
70.12,205.51390695153168,9.863973918487164e-05
70.13,205.4689646896733,9.850096756343449e-05
70.14,205.4240225672081,9.836236131011413e-05
70.15,205.37908058413532,9.8223920263357e-05
70.16,205.3341387404543,9.808564426173312e-05
70.17,205.2891970361645,9.794753314393596e-05
70.18,205.24425547126515,9.780958674878168e-05
70.19,205.19931404575564,9.76718049152098e-05
70.2,205.1543727596354,9.753418748228299e-05
70.21000000000001,205.10943161290362,9.739673428918604e-05
70.22,205.06449060555985,9.725944517522784e-05
70.23,205.0195497376033,9.712231997983921e-05
70.24,204.97460900903337,9.698535854257378e-05
70.25,204.9296684198494,9.684856070310807e-05
70.26,204.88472797005073,9.671192630124106e-05
70.27,204.8397876596367,9.65754551768944e-05
70.28,204.7948474886067,9.643914717011205e-05
70.29,204.7499074569601,9.630300212106059e-05
70.3,204.7049675646962,9.616701987002856e-05
70.31,204.66002781181436,9.603120025742696e-05
70.32000000000002,204.61508819831394,9.5895543123789e-05
70.33,204.57014872419438,9.57600483097703e-05
70.34,204.5252093894548,9.562471565614755e-05
70.35000000000001,204.4802701940948,9.548954500382069e-05
70.36,204.43533113811364,9.535453619381089e-05
70.37,204.3903922215106,9.521968906726093e-05
70.38,204.3454534442851,9.508500346543597e-05
70.39,204.30051480643652,9.495047922972272e-05
70.4,204.25557630796416,9.48161162016293e-05
70.41,204.21063794886737,9.468191422278553e-05
70.42,204.16569972914556,9.454787313494294e-05
70.43,204.12076164879804,9.441399277997422e-05
70.44,204.07582370782416,9.428027299987361e-05
70.45,204.03088590622323,9.414671363675653e-05
70.46000000000001,203.98594824399464,9.401331453285967e-05
70.47,203.94101072113781,9.388007553054143e-05
70.48,203.89607333765198,9.374699647228027e-05
70.49,203.85113609353658,9.361407720067667e-05
70.5,203.8061989887909,9.348131755845152e-05
70.51,203.7612620234143,9.334871738844676e-05
70.52,203.71632519740623,9.321627653362554e-05
70.53,203.67138851076595,9.308399483707118e-05
70.54,203.6264519634928,9.295187214198785e-05
70.55,203.58151555558618,9.281990829170082e-05
70.56,203.53657928704536,9.268810312965533e-05
70.57000000000002,203.49164315786976,9.255645649941757e-05
70.58,203.44670716805882,9.242496824467433e-05
70.59,203.40177131761175,9.22936382092319e-05
70.60000000000001,203.35683560652785,9.216246623701749e-05
70.61,203.3119000348067,9.203145217207901e-05
70.62,203.26696460244753,9.190059585858374e-05
70.63,203.22202930944962,9.176989714081913e-05
70.64,203.1770941558124,9.163935586319316e-05
70.65,203.13215914153525,9.150897187023356e-05
70.66,203.0872242666174,9.137874500658765e-05
70.67,203.04228953105834,9.124867511702318e-05
70.68,202.9973549348573,9.111876204642706e-05
70.69,202.95242047801375,9.098900563980655e-05
70.7,202.90748616052701,9.085940574228808e-05
70.71000000000001,202.86255198239633,9.072996219911757e-05
70.72,202.81761794362114,9.060067485566082e-05
70.73,202.7726840442009,9.047154355740313e-05
70.74,202.72775028413474,9.034256814994857e-05
70.75,202.6828166634222,9.021374847902112e-05
70.76,202.63788318206252,9.008508439046368e-05
70.77,202.592949840055,8.995657573023828e-05
70.78,202.5480166373992,8.982822234442654e-05
70.79,202.50308357409435,8.970002407922874e-05
70.8,202.45815065013977,8.957198078096397e-05
70.81,202.41321786553482,8.94440922960704e-05
70.82000000000002,202.36828522027884,8.931635847110502e-05
70.83,202.3233527143713,8.91887791527442e-05
70.84,202.27842034781148,8.906135418778195e-05
70.85000000000001,202.23348812059862,8.893408342313132e-05
70.86,202.18855603273227,8.880696670582456e-05
70.87,202.14362408421164,8.868000388301157e-05
70.88,202.09869227503617,8.855319480196127e-05
70.89,202.05376060520513,8.84265393100605e-05
70.9,202.00882907471788,8.830003725481465e-05
70.91,201.96389768357386,8.817368848384755e-05
70.92,201.91896643177233,8.804749284490094e-05
70.93,201.87403531931267,8.792145018583466e-05
70.94,201.8291043461943,8.779556035462687e-05
70.95,201.7841735124165,8.766982319937338e-05
70.96000000000001,201.7392428179785,8.754423856828777e-05
70.97,201.69431226287992,8.741880630970232e-05
70.98,201.6493818471199,8.729352627206616e-05
70.99,201.60445157069793,8.716839830394673e-05
71.0,201.5595214336133,8.704342225402867e-05
71.01,201.5145914358653,8.691859797111442e-05
71.02,201.46966157745337,8.679392530412409e-05
71.03,201.42473185837684,8.666940410209503e-05
71.04,201.37980227863505,8.654503421418215e-05
71.05,201.33487283822734,8.642081548965733e-05
71.06,201.28994353715314,8.629674777791019e-05
71.07000000000002,201.24501437541164,8.617283092844702e-05
71.08,201.20008535300238,8.60490647908919e-05
71.09,201.15515646992458,8.59254492149853e-05
71.10000000000001,201.1102277261776,8.580198405058493e-05
71.11,201.06529912176097,8.567866914766594e-05
71.12,201.0203706566738,8.555550435631912e-05
71.13,200.97544233091554,8.543248952675322e-05
71.14,200.93051414448558,8.530962450929332e-05
71.15,200.8855860973832,8.518690915438086e-05
71.16,200.8406581896078,8.506434331257438e-05
71.17,200.79573042115874,8.494192683454871e-05
71.18,200.75080279203536,8.481965957109517e-05
71.19,200.705875302237,8.469754137312139e-05
71.2,200.66094795176295,8.45755720916513e-05
71.21000000000001,200.61602074061264,8.445375157782534e-05
71.22,200.57109366878552,8.433207968290034e-05
71.23,200.5261667362807,8.421055625824828e-05
71.24,200.4812399430977,8.408918115535843e-05
71.25,200.43631328923587,8.396795422583541e-05
71.26,200.39138677469452,8.384687532139991e-05
71.27,200.34646039947302,8.372594429388843e-05
71.28,200.3015341635707,8.360516099525341e-05
71.29,200.25660806698693,8.348452527756294e-05
71.3,200.21168210972098,8.336403699300054e-05
71.31,200.16675629177234,8.324369599386611e-05
71.32000000000002,200.12183061314028,8.312350213257433e-05
71.33,200.0769050738242,8.300345526165587e-05
71.34,200.03197967382346,8.288355523375649e-05
71.35000000000001,199.9870544131373,8.276380190163725e-05
71.36,199.94212929176518,8.264419511817496e-05
71.37,199.8972043097064,8.252473473636106e-05
71.38,199.8522794669603,8.240542060930264e-05
71.39,199.80735476352635,8.228625259022181e-05
71.4,199.76243019940375,8.216723053245534e-05
71.41,199.71750577459198,8.20483542894555e-05
71.42,199.6725814890903,8.192962371478901e-05
71.43,199.627657342898,8.181103866213731e-05
71.44,199.58273333601466,8.169259898529764e-05
71.45,199.53780946843938,8.15743045381805e-05
71.46000000000001,199.4928857401717,8.145615517481217e-05
71.47,199.4479621512109,8.133815074933292e-05
71.48,199.4030387015563,8.122029111599761e-05
71.49,199.35811539120726,8.110257612917563e-05
71.5,199.31319222016322,8.098500564335092e-05
71.51,199.2682691884234,8.086757951312122e-05
71.52,199.22334629598728,8.075029759319928e-05
71.53,199.1784235428541,8.063315973841118e-05
71.54,199.13350092902334,8.051616580369793e-05
71.55,199.0885784544942,8.039931564411389e-05
71.56,199.04365611926613,8.02826091148279e-05
71.57000000000002,198.99873392333836,8.016604607112224e-05
71.58,198.95381186671057,8.004962636839432e-05
71.59,198.90888994938172,7.99333498621533e-05
71.60000000000001,198.86396817135133,7.981721640802359e-05
71.61,198.81904653261878,7.970122586174305e-05
71.62,198.77412503318342,7.958537807916291e-05
71.63,198.7292036730445,7.946967291624763e-05
71.64,198.6842824522015,7.935411022907583e-05
71.65,198.63936137065366,7.923868987383906e-05
71.66,198.5944404284005,7.912341170684264e-05
71.67,198.54951962544112,7.900827558450434e-05
71.68,198.5045989617751,7.889328136335612e-05
71.69,198.4596784374017,7.877842890004268e-05
71.7,198.41475805232022,7.866371805132158e-05
71.71000000000001,198.3698378065301,7.854914867406368e-05
71.72,198.3249177000307,7.843472062525314e-05
71.73,198.2799977328213,7.832043376198601e-05
71.74,198.2350779049013,7.82062879414721e-05
71.75,198.19015821627005,7.809228302103376e-05
71.76,198.14523866692684,7.797841885810562e-05
71.77,198.1003192568711,7.786469531023559e-05
71.78,198.05539998610215,7.775111223508363e-05
71.79,198.0104808546193,7.76376694904225e-05
71.8,197.96556186242202,7.75243669341375e-05
71.81,197.92064300950955,7.741120442422591e-05
71.82000000000002,197.87572429588124,7.72981818187975e-05
71.83,197.83080572153662,7.718529897607492e-05
71.84,197.7858872864748,7.707255575439167e-05
71.85000000000001,197.74096899069525,7.695995201219452e-05
71.86,197.69605083419737,7.684748760804206e-05
71.87,197.65113281698035,7.67351624006043e-05
71.88,197.60621493904372,7.66229762486642e-05
71.89,197.56129720038672,7.651092901111556e-05
71.9,197.51637960100877,7.639902054696467e-05
71.91,197.47146214090915,7.62872507153292e-05
71.92,197.42654482008726,7.617561937543874e-05
71.93,197.3816276385425,7.606412638663452e-05
71.94,197.33671059627414,7.595277160836891e-05
71.95,197.29179369328156,7.584155490020614e-05
71.96000000000001,197.24687692956405,7.573047612182166e-05
71.97,197.2019603051212,7.561953513300298e-05
71.98,197.15704381995204,7.550873179364743e-05
71.99,197.11212747405605,7.539806596376482e-05
72.0,197.06721126743267,7.528753750347596e-05
72.01,197.0222952000812,7.51771462730125e-05
72.02,196.9773792720009,7.506689213271674e-05
72.03,196.93246348319124,7.495677494304306e-05
72.04,196.88754783365155,7.48467945645557e-05
72.05,196.8426323233811,7.473695085793019e-05
72.06,196.79771695237937,7.4627243683953e-05
72.07000000000002,196.7528017206456,7.451767290352089e-05
72.08,196.70788662817927,7.440823837764176e-05
72.09,196.6629716749796,7.429893996743357e-05
72.10000000000001,196.6180568610459,7.418977753412506e-05
72.11,196.5731421863778,7.408075093905621e-05
72.12,196.52822765097437,7.397186004367582e-05
72.13,196.48331325483508,7.38631047095443e-05
72.14,196.4383989979592,7.375448479833163e-05
72.15,196.39348488034622,7.36460001718187e-05
72.16,196.34857090199543,7.353765069189606e-05
72.17,196.30365706290613,7.342943622056418e-05
72.18,196.2587433630777,7.332135661993393e-05
72.19,196.2138298025095,7.321341175222608e-05
72.2,196.16891638120092,7.310560147977132e-05
72.21000000000001,196.12400309915125,7.299792566500995e-05
72.22,196.07908995635995,7.289038417049242e-05
72.23,196.03417695282616,7.278297685887818e-05
72.24,195.98926408854948,7.267570359293736e-05
72.25,195.94435136352914,7.25685642355489e-05
72.26,195.89943877776443,7.246155864970126e-05
72.27,195.85452633125482,7.235468669849285e-05
72.28,195.80961402399961,7.224794824513118e-05
72.29,195.7647018559981,7.214134315293285e-05
72.3,195.71978982724983,7.20348712853244e-05
72.31,195.67487793775393,7.192853250584077e-05
72.32000000000002,195.62996618750984,7.182232667812654e-05
72.33,195.585054576517,7.171625366593551e-05
72.34,195.5401431047746,7.161031333312977e-05
72.35000000000001,195.49523177228207,7.150450554368113e-05
72.36,195.45032057903876,7.139883016166995e-05
72.37,195.4054095250441,7.129328705128554e-05
72.38,195.36049861029736,7.118787607682585e-05
72.39,195.31558783479784,7.108259710269736e-05
72.4,195.270677198545,7.097744999341568e-05
72.41,195.22576670153813,7.087243461360453e-05
72.42,195.1808563437766,7.076755082799637e-05
72.43,195.13594612525975,7.066279850143206e-05
72.44,195.09103604598698,7.055817749886104e-05
72.45,195.04612610595754,7.045368768534047e-05
72.46000000000001,195.00121630517083,7.034932892603649e-05
72.47,194.9563066436263,7.024510108622323e-05
72.48,194.91139712132326,7.014100403128277e-05
72.49,194.86648773826096,7.00370376267052e-05
72.5,194.82157849443882,6.993320173808896e-05
72.51,194.77666938985618,6.982949623114008e-05
72.52,194.73176042451243,6.972592097167284e-05
72.53,194.68685159840692,6.962247582560908e-05
72.54,194.64194291153893,6.951916065897843e-05
72.55,194.59703436390782,6.941597533791824e-05
72.56,194.55212595551302,6.931291972867366e-05
72.57000000000002,194.50721768635384,6.920999369759716e-05
72.58,194.46230955642972,6.91071971111491e-05
72.59,194.4174015657399,6.900452983589673e-05
72.60000000000001,194.37249371428368,6.890199173851486e-05
72.61,194.3275860020606,6.879958268578623e-05
72.62,194.28267842906985,6.869730254459998e-05
72.63,194.2377709953108,6.859515118195273e-05
72.64,194.19286370078294,6.849312846494887e-05
72.65,194.1479565454855,6.839123426079889e-05
72.66,194.10304952941783,6.828946843682077e-05
72.67,194.0581426525793,6.818783086043947e-05
72.68,194.01323591496924,6.808632139918664e-05
72.69,193.96832931658707,6.798493992070119e-05
72.7,193.92342285743214,6.788368629272836e-05
72.71000000000001,193.87851653750374,6.778256038312007e-05
72.72,193.8336103568013,6.768156205983536e-05
72.73,193.78870431532405,6.75806911909391e-05
72.74,193.7437984130715,6.747994764460356e-05
72.75,193.69889265004286,6.737933128910667e-05
72.76,193.65398702623753,6.727884199283307e-05
72.77,193.60908154165494,6.717847962427408e-05
72.78,193.56417619629434,6.707824405202658e-05
72.79,193.51927099015506,6.697813514479414e-05
72.8,193.47436592323663,6.687815277138661e-05
72.81,193.42946099553825,6.677829680071938e-05
72.82000000000002,193.3845562070592,6.667856710181408e-05
72.83,193.33965155779907,6.65789635437988e-05
72.84,193.29474704775706,6.647948599590675e-05
72.85000000000001,193.24984267693247,6.638013432747739e-05
72.86,193.20493844532484,6.628090840795611e-05
72.87,193.1600343529334,6.618180810689359e-05
72.88,193.11513039975745,6.60828332939463e-05
72.89,193.07022658579643,6.598398383887644e-05
72.9,193.02532291104967,6.588525961155175e-05
72.91,192.9804193755165,6.578666048194517e-05
72.92,192.9355159791963,6.568818632013528e-05
72.93,192.89061272208846,6.558983699630612e-05
72.94,192.84570960419222,6.549161238074644e-05
72.95,192.8008066255071,6.539351234385112e-05
72.96000000000001,192.75590378603223,6.529553675611905e-05
72.97,192.71100108576718,6.51976854881554e-05
72.98,192.66609852471123,6.509995841066959e-05
72.99,192.62119610286368,6.500235539447615e-05
73.0,192.57629382022384,6.490487631049457e-05
73.01,192.53139167679123,6.480752102974947e-05
73.02,192.48648967256509,6.471028942336977e-05
73.03,192.44158780754475,6.461318136258944e-05
73.04,192.39668608172963,6.451619671874704e-05
73.05,192.35178449511906,6.441933536328577e-05
73.06,192.3068830477124,6.432259716775333e-05
73.07000000000002,192.2619817395089,6.422598200380164e-05
73.08,192.21708057050816,6.412948974318785e-05
73.09,192.17217954070935,6.403312025777253e-05
73.10000000000001,192.12727865011175,6.39368734195208e-05
73.11,192.08237789871492,6.384074910050266e-05
73.12,192.03747728651805,6.374474717289126e-05
73.13,191.9925768135206,6.36488675089647e-05
73.14,191.94767647972185,6.355310998110469e-05
73.15,191.90277628512112,6.345747446179693e-05
73.16,191.85787622971793,6.336196082363157e-05
73.17,191.81297631351146,6.32665689393019e-05
73.18,191.76807653650107,6.317129868160534e-05
73.19,191.7231768986862,6.307614992344323e-05
73.2,191.67827740006618,6.298112253782037e-05
73.21000000000001,191.6333780406403,6.288621639784527e-05
73.22,191.5884788204081,6.279143137673024e-05
73.23,191.54357973936868,6.26967673477903e-05
73.24,191.49868079752156,6.260222418444487e-05
73.25,191.453781994866,6.250780176021618e-05
73.26,191.40888333140146,6.241349994873008e-05
73.27,191.36398480712717,6.231931862371535e-05
73.28,191.31908642204255,6.222525765900423e-05
73.29,191.27418817614694,6.213131692853203e-05
73.3,191.22929006943968,6.20374963063371e-05
73.31,191.1843921019202,6.1943795666561e-05
73.32000000000002,191.1394942735877,6.18502148834478e-05
73.33,191.09459658444172,6.175675383134513e-05
73.34,191.04969903448145,6.166341238470263e-05
73.35000000000001,191.00480162370633,6.15701904180735e-05
73.36,190.95990435211573,6.147708780611327e-05
73.37,190.9150072197089,6.138410442358e-05
73.38,190.8701102264853,6.129124014533463e-05
73.39,190.82521337244424,6.119849484634041e-05
73.4,190.78031665758505,6.110586840166325e-05
73.41,190.73542008190714,6.101336068647143e-05
73.42,190.69052364540983,6.092097157603539e-05
73.43,190.64562734809243,6.0828700945728016e-05
73.44,190.6007311899544,6.073654867102459e-05
73.45,190.555835170995,6.064451462750221e-05
73.46000000000001,190.51093929121353,6.055259869084003e-05
73.47,190.46604355060953,6.046080073681998e-05
73.48,190.42114794918217,6.036912064132504e-05
73.49,190.37625248693098,6.0277558280340894e-05
73.5,190.33135716385513,6.018611352995436e-05
73.51,190.28646197995408,6.0094786266354736e-05
73.52,190.24156693522715,6.0003576365832666e-05
73.53,190.19667202967366,5.9912483704780445e-05
73.54,190.15177726329304,5.982150815969244e-05
73.55,190.10688263608466,5.973064960716419e-05
73.56,190.0619881480477,5.963990792389253e-05
73.57000000000002,190.01709379918168,5.9549282986676344e-05
73.58,189.97219958948597,5.945877467241563e-05
73.59,189.9273055189598,5.936838285811153e-05
73.60000000000001,189.88241158760255,5.927810742086649e-05
73.61,189.83751779541373,5.918794823788469e-05
73.62,189.7926241423924,5.9097905186470376e-05
73.63,189.7477306285382,5.900797814403007e-05
73.64,189.70283725385036,5.8918166988070684e-05
73.65,189.6579440183282,5.882847159619998e-05
73.66,189.61305092197108,5.873889184612693e-05
73.67,189.56815796477838,5.864942761566122e-05
73.68,189.5232651467495,5.8560078782713516e-05
73.69,189.4783724678837,5.847084522529478e-05
73.7,189.43347992818047,5.838172682151725e-05
73.71000000000001,189.3885875276389,5.829272344959281e-05
73.72,189.3436952662587,5.8203834987835376e-05
73.73,189.2988031440389,5.811506131465767e-05
73.74,189.25391116097907,5.802640230857407e-05
73.75,189.2090193170785,5.793785784819885e-05
73.76,189.16412761233647,5.7849427812246364e-05
73.77,189.1192360467524,5.776111207953175e-05
73.78,189.07434462032566,5.767291052896997e-05
73.79,189.02945333305559,5.758482303957623e-05
73.8,188.98456218494147,5.7496849490465635e-05
73.81,188.9396711759827,5.740898976085345e-05
73.82000000000002,188.89478030617866,5.732124373005499e-05
73.83,188.84988957552878,5.72336112774854e-05
73.84,188.80499898403224,5.7146092282659356e-05
73.85000000000001,188.76010853168845,5.70586866251916e-05
73.86,188.7152182184969,5.6971394184796756e-05
73.87,188.6703280444567,5.6884214841288456e-05
73.88,188.6254380095674,5.6797148474580604e-05
73.89,188.58054811382829,5.671019496468628e-05
73.9,188.53565835723867,5.6623354191718066e-05
73.91,188.490768739798,5.65366260358881e-05
73.92,188.4458792615055,5.6450010377507505e-05
73.93,188.40098992236062,5.636350709698723e-05
73.94,188.35610072236278,5.62771160748373e-05
73.95,188.31121166151112,5.619083719166632e-05
73.96000000000001,188.26632273980513,5.610467032818282e-05
73.97,188.22143395724424,5.601861536519415e-05
73.98,188.17654531382766,5.593267218360626e-05
73.99,188.13165680955484,5.584684066442463e-05
74.0,188.086768444425,5.576112068875298e-05
74.01,188.04188021843765,5.5675512137794593e-05
74.02,187.9969921315921,5.5590014892850904e-05
74.03,187.9521041838876,5.5504628835322094e-05
74.04,187.9072163753236,5.541935384670732e-05
74.05,187.86232870589944,5.533418980860416e-05
74.06,187.8174411756145,5.524913660270869e-05
74.07000000000002,187.77255378446807,5.516419411081537e-05
74.08,187.72766653245955,5.507936221481722e-05
74.09,187.6827794195883,5.499464079670554e-05
74.10000000000001,187.63789244585348,5.4910029738569586e-05
74.11,187.59300561125485,5.482552892259789e-05
74.12,187.5481189157914,5.474113823107578e-05
74.13,187.50323235946257,5.465685754638748e-05
74.14,187.45834594226784,5.457268675101533e-05
74.15,187.41345966420647,5.448862572753931e-05
74.16,187.36857352527778,5.4404674358637484e-05
74.17,187.3236875254812,5.43208325270858e-05
74.18,187.27880166481603,5.423710011575796e-05
74.19,187.23391594328157,5.4153477007625404e-05
74.2,187.18903036087733,5.406996308575754e-05
74.21000000000001,187.1441449176025,5.398655823332094e-05
74.22,187.09925961345655,5.390326233358023e-05
74.23,187.05437444843875,5.382007526989721e-05
74.24,187.00948942254857,5.373699692573147e-05
74.25,186.9646045357852,5.365402718463958e-05
74.26,186.91971978814814,5.357116593027581e-05
74.27,186.87483517963665,5.3488413046391523e-05
74.28,186.82995071025013,5.3405768416835405e-05
74.29,186.78506637998794,5.332323192555339e-05
74.3,186.74018218884942,5.324080345658825e-05
74.31,186.69529813683386,5.315848289407996e-05
74.32000000000002,186.65041422394066,5.3076270122265537e-05
74.33,186.60553045016925,5.29941650254791e-05
74.34,186.56064681551882,5.2912167488151086e-05
74.35000000000001,186.51576331998882,5.283027739480928e-05
74.36,186.47087996357874,5.274849463007827e-05
74.37,186.4259967462877,5.26668190786787e-05
74.38,186.38111366811518,5.258525062542859e-05
74.39,186.33623072906045,5.2503789155241997e-05
74.4,186.2913479291229,5.242243455312987e-05
74.41,186.24646526830193,5.2341186704199544e-05
74.42,186.2015827465969,5.226004549365467e-05
74.43,186.15670036400707,5.2179010806795234e-05
74.44,186.1118181205319,5.209808252901763e-05
74.45,186.0669360161706,5.201726054581433e-05
74.46000000000001,186.02205405092263,5.193654474277415e-05
74.47,185.97717222478738,5.1855935005582023e-05
74.48,185.93229053776417,5.177543122001887e-05
74.49,185.88740898985225,5.169503327196138e-05
74.5,185.84252758105112,5.161474104738264e-05
74.51,185.79764631136,5.1534554432351285e-05
74.52,185.7527651807784,5.145447331303204e-05
74.53,185.7078841893055,5.1374497575685034e-05
74.54,185.66300333694082,5.129462710666661e-05
74.55,185.61812262368355,5.121486179242809e-05
74.56,185.57324204953323,5.1135201519517223e-05
74.57000000000002,185.52836161448897,5.10556461745763e-05
74.58,185.48348131855036,5.097619564434414e-05
74.59,185.43860116171663,5.0896849815654264e-05
74.60000000000001,185.39372114398708,5.0817608575435656e-05
74.61,185.34884126536127,5.073847181071303e-05
74.62,185.30396152583842,5.0659439408605887e-05
74.63,185.25908192541777,5.058051125632883e-05
74.64,185.2142024640989,5.050168724119219e-05
74.65,185.16932314188108,5.042296725060088e-05
74.66,185.12444395876355,5.034435117205483e-05
74.67,185.07956491474573,5.026583889314909e-05
74.68,185.03468600982706,5.01874303015737e-05
74.69,184.98980724400684,5.010912528511347e-05
74.7,184.94492861728438,5.003092373164769e-05
74.71000000000001,184.90005012965895,4.995282552915061e-05
74.72,184.8551717811302,4.9874830565691626e-05
74.73,184.81029357169723,4.979693872943384e-05
74.74,184.76541550135948,4.971914990863549e-05
74.75,184.72053757011628,4.96414639916492e-05
74.76,184.67565977796693,4.956388086692184e-05
74.77,184.63078212491098,4.9486400422995224e-05
74.78,184.58590461094758,4.940902254850474e-05
74.79,184.5410272360761,4.9331747132180334e-05
74.8,184.49615000029598,4.925457406284652e-05
74.81,184.45127290360654,4.917750322942142e-05
74.82000000000002,184.40639594600708,4.9100534520917566e-05
74.83,184.3615191274971,4.902366782644163e-05
74.84,184.31664244807578,4.894690303519376e-05
74.85000000000001,184.27176590774255,4.887024003646855e-05
74.86,184.2268895064969,4.879367871965441e-05
74.87,184.1820132443379,4.871721897423306e-05
74.88,184.1371371212651,4.8640860689780496e-05
74.89,184.09226113727783,4.8564603755966254e-05
74.9,184.04738529237534,4.84884480625533e-05
74.91,184.00250958655715,4.84123934993986e-05
74.92,183.95763401982248,4.833643995645221e-05
74.93,183.9127585921707,4.8260587323757786e-05
74.94,183.86788330360125,4.818483549145266e-05
74.95,183.82300815411338,4.810918434976708e-05
74.96000000000001,183.7781331437065,4.803363378902488e-05
74.97,183.73325827237997,4.795818369964308e-05
74.98,183.68838354013315,4.788283397213176e-05
74.99,183.64350894696528,4.780758449709416e-05
75.0,183.59863449287587,4.7732435165226725e-05
75.01,183.55376017786423,4.765738586731882e-05
75.02,183.50888600192962,4.7582436494252506e-05
75.03,183.46401196507148,4.7507586937003216e-05
75.04,183.4191380672892,4.743283708663894e-05
75.05,183.37426430858204,4.7358186834320363e-05
75.06,183.32939068894936,4.728363607130098e-05
75.07000000000002,183.28451720839058,4.720918468892716e-05
75.08,183.23964386690506,4.713483257863761e-05
75.09,183.1947706644921,4.706057963196366e-05
75.10000000000001,183.14989760115094,4.6986425740528925e-05
75.11,183.10502467688121,4.691237079605016e-05
75.12,183.0601518916821,4.683841469033569e-05
75.13,183.01527924555296,4.6764557315286505e-05
75.14,182.9704067384931,4.6690798562895736e-05
75.15,182.92553437050196,4.6617138325249066e-05
75.16,182.8806621415789,4.654357649452408e-05
75.17,182.83579005172325,4.6470112962990335e-05
75.18,182.79091810093428,4.639674762300956e-05
75.19,182.74604628921145,4.6323480367035615e-05
75.2,182.70117461655414,4.625031108761412e-05
75.21000000000001,182.65630308296159,4.61772396773825e-05
75.22,182.61143168843324,4.610426602907014e-05
75.23,182.5665604329684,4.603139003549815e-05
75.24,182.52168931656644,4.595861158957923e-05
75.25,182.4768183392267,4.588593058431784e-05
75.26,182.43194750094858,4.5813346912810134e-05
75.27,182.38707680173133,4.5740860468243335e-05
75.28,182.34220624157442,4.566847114389679e-05
75.29,182.29733582047714,4.55961788331408e-05
75.3,182.25246553843886,4.552398342943711e-05
75.31,182.20759539545892,4.5451884826338944e-05
75.32000000000002,182.16272539153658,4.537988291749033e-05
75.33,182.11785552667146,4.530797759662734e-05
75.34,182.07298580086274,4.5236168757576386e-05
75.35000000000001,182.02811621410967,4.516445629425499e-05
75.36,181.9832467664118,4.509284010067232e-05
75.37,181.93837745776844,4.5021320070927934e-05
75.38,181.89350828817885,4.4949896099212444e-05
75.39,181.84863925764245,4.4878568079807424e-05
75.4,181.80377036615857,4.480733590708521e-05
75.41,181.7589016137266,4.473619947550884e-05
75.42,181.71403300034584,4.466515867963191e-05
75.43,181.66916452601572,4.459421341409903e-05
75.44,181.62429619073555,4.452336357364496e-05
75.45,181.5794279945046,4.445260905309509e-05
75.46000000000001,181.53455993732229,4.43819497473654e-05
75.47,181.4896920191881,4.431138555146251e-05
75.48,181.44482424010124,4.424091636048266e-05
75.49,181.3999566000611,4.41705420696131e-05
75.5,181.355089099067,4.4100262574130795e-05
75.51,181.3102217371183,4.403007776940325e-05
75.52,181.26535451421447,4.395998755088808e-05
75.53,181.22048743035467,4.388999181413262e-05
75.54,181.1756204855384,4.3820090454774636e-05
75.55,181.13075367976498,4.375028336854166e-05
75.56,181.08588701303376,4.3680570451251105e-05
75.57000000000002,181.041020485344,4.3610951598810124e-05
75.58,180.99615409669522,4.354142670721605e-05
75.59,180.9512878470867,4.347199567255559e-05
75.60000000000001,180.90642173651767,4.3402658391005074e-05
75.61,180.8615557649877,4.333341475883099e-05
75.62,180.81668993249602,4.326426467238866e-05
75.63,180.77182423904202,4.3195208028123504e-05
75.64,180.72695868462506,4.3126244722570144e-05
75.65,180.68209326924443,4.3057374652352536e-05
75.66,180.6372279928995,4.298859771418403e-05
75.67,180.59236285558973,4.291991380486755e-05
75.68,180.54749785731434,4.2851322821294795e-05
75.69,180.50263299807276,4.278282466044693e-05
75.7,180.45776827786437,4.271441921939425e-05
75.71000000000001,180.41290369668832,4.264610639529573e-05
75.72,180.3680392545443,4.2577886085400165e-05
75.73,180.32317495143138,4.250975818704435e-05
75.74,180.27831078734908,4.2441722597654715e-05
75.75,180.23344676229667,4.2373779214746074e-05
75.76,180.18858287627347,4.230592793592224e-05
75.77,180.14371912927896,4.223816865887585e-05
75.78,180.0988555213124,4.2170501281387986e-05
75.79,180.0539920523732,4.210292570132852e-05
75.8,180.00912872246062,4.2035441816655696e-05
75.81,179.96426553157414,4.1968049525416654e-05
75.82000000000002,179.91940247971291,4.1900748725746355e-05
75.83,179.8745395668766,4.183353931586904e-05
75.84,179.82967679306427,4.176642119409642e-05
75.85000000000001,179.78481415827537,4.1699394258829e-05
75.86,179.73995166250933,4.1632458408555544e-05
75.87,179.6950893057655,4.156561354185276e-05
75.88,179.6502270880431,4.1498859557385434e-05
75.89,179.6053650093416,4.143219635390678e-05
75.9,179.5605030696603,4.13656238302577e-05
75.91,179.51564126899854,4.129914188536711e-05
75.92,179.47077960735575,4.1232750418252034e-05
75.93,179.42591808473128,4.116644932801721e-05
75.94,179.38105670112435,4.110023851385498e-05
75.95,179.33619545653443,4.103411787504569e-05
75.96000000000001,179.29133435096082,4.0968087310957324e-05
75.97,179.246473384403,4.0902146721045573e-05
75.98,179.2016125568602,4.083629600485338e-05
75.99,179.1567518683318,4.077053506201154e-05
76.0,179.1118913188171,4.0704863792238084e-05
76.01,179.06703090831553,4.063928209533863e-05
76.02,179.0221706368265,4.057378987120619e-05
76.03,178.97731050434925,4.050838701982077e-05
76.04,178.93245051088314,4.044307344124989e-05
76.05,178.8875906564275,4.0377849035648126e-05
76.06,178.84273094098185,4.031271370325746e-05
76.07000000000002,178.7978713645453,4.02476673444064e-05
76.08,178.75301192711754,4.0182709859511364e-05
76.09,178.7081526286976,4.0117841149074685e-05
76.10000000000001,178.6632934692849,4.0053061113686246e-05
76.11,178.61843444887893,3.998836965402284e-05
76.12,178.57357556747894,3.9923766670847844e-05
76.13,178.5287168250843,3.9859252065011386e-05
76.14,178.4838582216944,3.979482573745041e-05
76.15,178.43899975730855,3.973048758918847e-05
76.16,178.39414143192607,3.9666237521335536e-05
76.17,178.34928324554642,3.960207543508849e-05
76.18,178.3044251981689,3.953800123173037e-05
76.19,178.2595672897928,3.94740148126306e-05
76.2,178.21470952041759,3.941011607924531e-05
76.21000000000001,178.16985189004254,3.9346304933116645e-05
76.22,178.12499439866707,3.9282581275873214e-05
76.23,178.08013704629047,3.9218945009229665e-05
76.24,178.03527983291212,3.915539603498681e-05
76.25,177.99042275853134,3.909193425503163e-05
76.26,177.9455658231476,3.902855957133736e-05
76.27,177.90070902676007,3.8965271885962614e-05
76.28,177.85585236936822,3.8902071101052646e-05
76.29,177.8109958509715,3.8838957118838276e-05
76.3,177.76613947156903,3.8775929841635886e-05
76.31,177.72128323116033,3.871298917184814e-05
76.32000000000002,177.6764271297447,3.865013501196307e-05
76.33,177.63157116732157,3.858736726455463e-05
76.34,177.58671534389015,3.852468583228196e-05
76.35000000000001,177.54185965944987,3.846209061789024e-05
76.36,177.49700411400013,3.83995815242099e-05
76.37,177.45214870754023,3.833715845415685e-05
76.38,177.40729344006954,3.827482131073235e-05
76.39,177.36243831158743,3.82125699970232e-05
76.4,177.31758332209318,3.8150404416201135e-05
76.41,177.27272847158622,3.808832447152341e-05
76.42,177.22787376006585,3.80263300663324e-05
76.43,177.18301918753147,3.7964421104055574e-05
76.44,177.1381647539824,3.790259748820543e-05
76.45,177.0933104594181,3.7840859122379625e-05
76.46000000000001,177.04845630383772,3.777920591026049e-05
76.47,177.00360228724085,3.771763775561567e-05
76.48,176.95874840962665,3.765615456229723e-05
76.49,176.91389467099455,3.759475623424235e-05
76.5,176.86904107134393,3.7533442675472824e-05
76.51,176.82418761067413,3.747221379009528e-05
76.52,176.77933428898444,3.741106948230065e-05
76.53,176.7344811062743,3.7350009656364846e-05
76.54,176.68962806254302,3.7289034216648044e-05
76.55,176.64477515778998,3.7228143067595094e-05
76.56,176.5999223920145,3.716733611373502e-05
76.57000000000002,176.55506976521588,3.710661325968133e-05
76.58,176.5102172773937,3.70459744101322e-05
76.59,176.4653649285471,3.698541946986944e-05
76.60000000000001,176.4205127186754,3.692494834375934e-05
76.61,176.37566064777818,3.686456093675258e-05
76.62,176.33080871585457,3.680425715388358e-05
76.63,176.28595692290403,3.674403690027104e-05
76.64,176.24110526892593,3.6683900081117556e-05
76.65,176.19625375391956,3.662384660170968e-05
76.66,176.15140237788432,3.656387636741787e-05
76.67,176.10655114081956,3.650398928369644e-05
76.68,176.06170004272462,3.6444185256083374e-05
76.69,176.0168490835989,3.638446419020059e-05
76.7,175.97199826344166,3.6324825991753334e-05
76.71000000000001,175.9271475822523,3.6265270566530815e-05
76.72,175.88229704003027,3.6205797820405765e-05
76.73,175.83744663677476,3.6146407659334135e-05
76.74,175.7925963724852,3.608709998935567e-05
76.75,175.747746247161,3.6027874716593434e-05
76.76,175.70289626080142,3.59687317472537e-05
76.77,175.65804641340586,3.590967098762615e-05
76.78,175.6131967049737,3.585069234408382e-05
76.79,175.56834713550415,3.579179572308257e-05
76.8,175.52349770499683,3.573298103116204e-05
76.81,175.4786484134508,3.567424817494418e-05
76.82000000000002,175.4337992608656,3.561559706113459e-05
76.83,175.3889502472406,3.5557027596521577e-05
76.84,175.34410137257507,3.549853968797648e-05
76.85000000000001,175.2992526368683,3.544013324245323e-05
76.86,175.25440404011982,3.538180816698911e-05
76.87,175.20955558232885,3.5323564368703606e-05
76.88,175.16470726349485,3.52654017547994e-05
76.89,175.1198590836171,3.520732023256143e-05
76.9,175.07501104269488,3.514931970935746e-05
76.91,175.03016314072772,3.509140009263786e-05
76.92,174.98531537771487,3.503356128993533e-05
76.93,174.9404677536557,3.497580320886512e-05
76.94,174.89562026854952,3.491812575712485e-05
76.95,174.85077292239575,3.4860528842494524e-05
76.96000000000001,174.80592571519372,3.4803012372836424e-05
76.97,174.76107864694285,3.474557625609512e-05
76.98,174.71623171764236,3.468822040029709e-05
76.99,174.67138492729174,3.4630944713551425e-05
77.0,174.6265382758902,3.457374910404875e-05
77.01,174.58169176343722,3.4516633480062195e-05
77.02,174.53684538993213,3.445959774994664e-05
77.03,174.49199915537423,3.440264182213882e-05
77.04,174.44715305976288,3.434576560515743e-05
77.05,174.40230710309754,3.428896900760314e-05
77.06,174.3574612853774,3.4232251938158005e-05
77.07000000000002,174.31261560660192,3.41756143055861e-05
77.08,174.26777006677048,3.4119056018733173e-05
77.09,174.22292466588232,3.406257698652626e-05
77.10000000000001,174.17807940393686,3.4006177117974285e-05
77.11,174.13323428093358,3.394985632216769e-05
77.12,174.08838929687158,3.389361450827786e-05
77.13,174.04354445175042,3.383745158555827e-05
77.14,173.99869974556935,3.378136746334318e-05
77.15,173.95385517832779,3.372536205104851e-05
77.16,173.909010750025,3.3669435258171166e-05
77.17,173.86416646066039,3.361358699428934e-05
77.18,173.81932231023342,3.3557817169062564e-05
77.19,173.77447829874322,3.350212569223093e-05
77.2,173.7296344261893,3.344651247361607e-05
77.21000000000001,173.68479069257097,3.3390977423120316e-05
77.22,173.6399470978876,3.33355204507271e-05
77.23,173.59510364213855,3.3280141466500535e-05
77.24,173.55026032532317,3.322484038058569e-05
77.25,173.50541714744088,3.3169617103208425e-05
77.26,173.46057410849082,3.311447154467496e-05
77.27,173.41573120847258,3.3059403615372816e-05
77.28,173.3708884473854,3.3004413225769525e-05
77.29,173.32604582522862,3.2949500286413485e-05
77.3,173.28120334200165,3.289466470793357e-05
77.31,173.23636099770385,3.283990640103908e-05
77.32000000000002,173.19151879233448,3.278522527651955e-05
77.33,173.146676725893,3.27306212452452e-05
77.34,173.10183479837877,3.267609421816636e-05
77.35000000000001,173.05699300979103,3.262164410631342e-05
77.36,173.01215136012928,3.256727082079736e-05
77.37,172.96730984939276,3.2512974272808984e-05
77.38,172.92246847758082,3.245875437361922e-05
77.39,172.87762724469295,3.2404611034579356e-05
77.4,172.8327861507283,3.235054416712009e-05
77.41,172.78794519568646,3.2296553682752665e-05
77.42,172.74310437956655,3.224263949306766e-05
77.43,172.69826370236814,3.218880150973595e-05
77.44,172.65342316409038,3.213503964450781e-05
77.45,172.60858276473277,3.208135380921351e-05
77.46000000000001,172.56374250429457,3.202774391576276e-05
77.47,172.51890238277525,3.197420987614518e-05
77.48,172.47406240017415,3.19207516024298e-05
77.49,172.42922255649046,3.1867369006764935e-05
77.5,172.38438285172373,3.181406200137883e-05
77.51,172.33954328587313,3.1760830498578695e-05
77.52,172.2947038589382,3.17076744107515e-05
77.53,172.2498645709182,3.165459365036328e-05
77.54,172.20502542181242,3.1601588129959296e-05
77.55,172.16018641162037,3.1548657762164285e-05
77.56,172.1153475403413,3.149580245968183e-05
77.57000000000002,172.0705088079746,3.1443022135294815e-05
77.58,172.0256702145196,3.139031670186509e-05
77.59,171.98083175997567,3.133768607233346e-05
77.60000000000001,171.93599344434216,3.128513015971988e-05
77.61,171.89115526761842,3.123264887712295e-05
77.62,171.84631722980384,3.118024213772033e-05
77.63,171.80147933089773,3.1127909854768345e-05
77.64,171.75664157089943,3.107565194160204e-05
77.65,171.71180394980837,3.1023468311635284e-05
77.66,171.6669664676238,3.097135887836046e-05
77.67,171.62212912434518,3.091932355534865e-05
77.68,171.5772919199718,3.086736225624938e-05
77.69,171.53245485450304,3.0815474894790676e-05
77.7,171.48761792793826,3.0763661384779094e-05
77.71000000000001,171.44278114027674,3.0711921640099346e-05
77.72,171.39794449151793,3.066025557471482e-05
77.73,171.3531079816612,3.0608663102666935e-05
77.74,171.3082716107058,3.0557144138075294e-05
77.75,171.26343537865114,3.05056985951379e-05
77.76,171.21859928549657,3.0454326388130705e-05
77.77,171.17376333124145,3.040302743140781e-05
77.78,171.12892751588515,3.035180163940139e-05
77.79,171.084091839427,3.0300648926621414e-05
77.8,171.0392563018664,3.0249569207656044e-05
77.81,170.99442090320258,3.0198562397170942e-05
77.82000000000002,170.949585643435,3.014762840990996e-05
77.83,170.90475052256306,3.0096767160694665e-05
77.84,170.85991554058603,3.0045978564424043e-05
77.85000000000001,170.81508069750322,2.999526253607498e-05
77.86,170.77024599331412,2.9944618990702058e-05
77.87,170.725411428018,2.98940478434372e-05
77.88,170.68057700161424,2.984354900949008e-05
77.89,170.63574271410215,2.9793122404147552e-05
77.9,170.5909085654812,2.974276794277419e-05
77.91,170.54607455575055,2.969248554081164e-05
77.92,170.5012406849097,2.9642275113779074e-05
77.93,170.456406952958,2.959213657727283e-05
77.94,170.41157335989476,2.9542069846966494e-05
77.95,170.36673990571936,2.9492074838610737e-05
77.96000000000001,170.321906590431,2.94421514680333e-05
77.97,170.2770734140294,2.9392299651139363e-05
77.98,170.23224037651363,2.934251930391062e-05
77.99,170.18740747788308,2.9292810342405834e-05
78.0,170.14257471813713,2.9243172682760873e-05
78.01,170.09774209727513,2.919360624118829e-05
78.02,170.05290961529647,2.914411093397749e-05
78.03,170.00807727220047,2.9094686677494667e-05
78.04,169.9632450679865,2.9045333388182614e-05
78.05,169.9184130026539,2.8996050982560887e-05
78.06,169.873581076202,2.894683937722551e-05
78.07000000000002,169.8287492886302,2.889769848884922e-05
78.08,169.78391763993787,2.8848628234181157e-05
78.09,169.73908613012435,2.8799628530046938e-05
78.10000000000001,169.69425475918888,2.8750699293348414e-05
78.11,169.64942352713103,2.8701840441064153e-05
78.12,169.60459243395002,2.865305189024867e-05
78.13,169.55976147964518,2.8604333558032807e-05
78.14,169.5149306642159,2.85556853616237e-05
78.15,169.47009998766157,2.8507107218304598e-05
78.16,169.42526944998156,2.8458599045434833e-05
78.17,169.38043905117513,2.8410160760449736e-05
78.18,169.33560879124173,2.8361792280860684e-05
78.19,169.29077867018063,2.831349352425496e-05
78.2,169.24594868799124,2.8265264408295786e-05
78.21000000000001,169.20111884467286,2.821710485072212e-05
78.22,169.15628914022494,2.8169014769348946e-05
78.23,169.1114595746468,2.8120994082066763e-05
78.24,169.0666301479377,2.807304270684179e-05
78.25,169.0218008600972,2.8025160561716097e-05
78.26,168.9769717111244,2.7977347564806956e-05
78.27,168.93214270101882,2.7929603634307574e-05
78.28,168.88731382977977,2.7881928688486436e-05
78.29,168.8424850974066,2.7834322645687543e-05
78.3,168.79765650389876,2.778678542433031e-05
78.31,168.7528280492554,2.773931694290927e-05
78.32000000000002,168.70799973347604,2.769191711999457e-05
78.33,168.66317155656006,2.7644585874231516e-05
78.34,168.61834351850666,2.7597323124340344e-05
78.35000000000001,168.57351561931523,2.7550128789116726e-05
78.36,168.52868785898528,2.7503002787431402e-05
78.37,168.483860237516,2.7455945038229967e-05
78.38,168.43903275490683,2.740895546053318e-05
78.39,168.39420541115712,2.7362033973436653e-05
78.4,168.34937820626612,2.7315180496110874e-05
78.41,168.30455114023337,2.7268394947801365e-05
78.42,168.25972421305806,2.7221677247828136e-05
78.43,168.21489742473963,2.7175027315586154e-05
78.44,168.1700707752774,2.7128445070544955e-05
78.45,168.1252442646707,2.7081930432248836e-05
78.46000000000001,168.08041789291894,2.7035483320316614e-05
78.47,168.0355916600215,2.6989103654441745e-05
78.48,167.99076556597765,2.694279135439194e-05
78.49,167.9459396107868,2.6896546340009604e-05
78.5,167.90111379444832,2.6850368531211423e-05
78.51,167.8562881169615,2.680425784798842e-05
78.52,167.81146257832575,2.6758214210405958e-05
78.53,167.76663717854038,2.671223753860361e-05
78.54,167.72181191760478,2.6666327752795165e-05
78.55,167.6769867955183,2.6620484773268534e-05
78.56,167.6321618122803,2.6574708520385757e-05
78.57000000000002,167.58733696789002,2.652899891458279e-05
78.58,167.5425122623471,2.6483355876369962e-05
78.59,167.4976876956506,2.643777932633098e-05
78.60000000000001,167.45286326779998,2.6392269185123906e-05
78.61,167.40803897879462,2.6346825373480437e-05
78.62,167.3632148286339,2.6301447812206206e-05
78.63,167.31839081731715,2.6256136422180506e-05
78.64,167.27356694484362,2.6210891124356155e-05
78.65,167.2287432112128,2.6165711839759983e-05
78.66,167.183919616424,2.6120598489492232e-05
78.67,167.13909616047656,2.6075550994726658e-05
78.68,167.09427284336988,2.6030569276710583e-05
78.69,167.04944966510328,2.598565325676478e-05
78.7,167.00462662567605,2.594080285628333e-05
78.71000000000001,166.95980372508762,2.5896017996733804e-05
78.72,166.91498096333746,2.5851298599657123e-05
78.73,166.87015834042472,2.5806644586667205e-05
78.74,166.82533585634883,2.576205587945137e-05
78.75,166.78051351110918,2.571753239977011e-05
78.76,166.73569130470509,2.5673074069456934e-05
78.77,166.6908692371359,2.5628680810418426e-05
78.78,166.64604730840102,2.5584352544634285e-05
78.79,166.60122551849975,2.554008919415701e-05
78.8,166.55640386743147,2.549589068111211e-05
78.81,166.51158235519551,2.5451756927697913e-05
78.82000000000002,166.46676098179128,2.5407687856185648e-05
78.83,166.42193974721812,2.5363683388919212e-05
78.84,166.37711865147534,2.5319743448315245e-05
78.85000000000001,166.3322976945623,2.5275867956863016e-05
78.86,166.28747687647842,2.5232056837124523e-05
78.87,166.24265619722297,2.518831001173423e-05
78.88,166.1978356567954,2.514462740339919e-05
78.89,166.153015255195,2.510100893489882e-05
78.9,166.1081949924211,2.505745452908504e-05
78.91,166.06337486847312,2.501396410888219e-05
78.92,166.01855488335042,2.497053759728688e-05
78.93,165.97373503705228,2.4927174917367927e-05
78.94,165.92891532957805,2.4883875992266384e-05
78.95,165.8840957609272,2.484064074519571e-05
78.96000000000001,165.83927633109892,2.47974690994411e-05
78.97,165.79445704009282,2.4754360978360353e-05
78.98,165.74963788790805,2.4711316305382746e-05
78.99,165.70481887454395,2.46683350040098e-05
79.0,165.66,2.46683350040098e-05
79.01,165.66,2.4618749912217204e-05
79.02,165.66,2.4569264643072408e-05
79.03,165.66,2.4519878995308716e-05
79.04,165.66,2.447059276806555e-05
79.05,165.66,2.4421405760888233e-05
79.06,165.66,2.437231777372672e-05
79.07000000000002,165.66,2.4323328606934866e-05
79.08,165.66,2.427443806127002e-05
79.09,165.66,2.4225645937891292e-05
79.10000000000001,165.66,2.417695203835981e-05
79.11,165.66,2.412835616463719e-05
79.12,165.66,2.407985811908488e-05
79.13,165.66,2.4031457704463612e-05
79.14,165.66,2.3983154723932194e-05
79.15,165.66,2.3934948981047124e-05
79.16,165.66,2.388684027976134e-05
79.17,165.66,2.383882842442381e-05
79.18,165.66,2.379091321977841e-05
79.19,165.66,2.3743094470963576e-05
79.2,165.66,2.3695371983510857e-05
79.21000000000001,165.66,2.3647745563344612e-05
79.22,165.66,2.3600215016781307e-05
79.23,165.66,2.35527801505282e-05
79.24,165.66,2.3505440771682922e-05
79.25,165.66,2.3458196687732614e-05
79.26,165.66,2.3411047706553202e-05
79.27,165.66,2.336399363640855e-05
79.28,165.66,2.331703428594953e-05
79.29,165.66,2.327016946421352e-05
79.3,165.66,2.3223398980623412e-05
79.31,165.66,2.317672264498698e-05
79.32000000000002,165.66,2.3130140267495946e-05
79.33,165.66,2.3083651658725356e-05
79.34,165.66,2.3037256629632594e-05
79.35000000000001,165.66,2.2990954991556888e-05
79.36,165.66,2.294474655621839e-05
79.37,165.66,2.2898631135717344e-05
79.38,165.66,2.285260854253339e-05
79.39,165.66,2.2806678589524783e-05
79.4,165.66,2.276084108992772e-05
79.41,165.66,2.2715095857355472e-05
79.42,165.66,2.2669442705797527e-05
79.43,165.66,2.262388144961899e-05
79.44,165.66,2.2578411903560003e-05
79.45,165.66,2.253303388273434e-05
79.46000000000001,165.66,2.248774720262941e-05
79.47,165.66,2.2442551679105172e-05
79.48,165.66,2.23974471283931e-05
79.49,165.66,2.2352433367095904e-05
79.5,165.66,2.230751021218652e-05
79.51,165.66,2.2262677481007483e-05
79.52,165.66,2.2217934991270053e-05
79.53,165.66,2.2173282561053605e-05
79.54,165.66,2.212872000880468e-05
79.55,165.66,2.2084247153336575e-05
79.56,165.66,2.2039863813828203e-05
79.57000000000002,165.66,2.199556980982369e-05
79.58,165.66,2.19513649612315e-05
79.59,165.66,2.19072490883235e-05
79.60000000000001,165.66,2.186322201173476e-05
79.61,165.66,2.1819283552462203e-05
79.62,165.66,2.1775433531864302e-05
79.63,165.66,2.1731671771660125e-05
79.64,165.66,2.1687998093928687e-05
79.65,165.66,2.1644412321108278e-05
79.66,165.66,2.1600914275995606e-05
79.67,165.66,2.155750378174521e-05
79.68,165.66,2.151418066186854e-05
79.69,165.66,2.1470944740233485e-05
79.7,165.66,2.1427795841063538e-05
79.71000000000001,165.66,2.138473378893693e-05
79.72,165.66,2.1341758408786325e-05
79.73,165.66,2.1298869525897487e-05
79.74,165.66,2.125606696590906e-05
79.75,165.66,2.1213350554811807e-05
79.76,165.66,2.1170720118947632e-05
79.77,165.66,2.1128175485009196e-05
79.78,165.66,2.108571648003887e-05
79.79,165.66,2.104334293142826e-05
79.8,165.66,2.1001054666917573e-05
79.81,165.66,2.095885151459459e-05
79.82000000000002,165.66,2.0916733302894218e-05
79.83,165.66,2.0874699860597857e-05
79.84,165.66,2.083275101683243e-05
79.85000000000001,165.66,2.079088660106971e-05
79.86,165.66,2.0749106443126104e-05
79.87,165.66,2.0707410373161217e-05
79.88,165.66,2.066579822167771e-05
79.89,165.66,2.0624269819520426e-05
79.9,165.66,2.058282499787552e-05
79.91,165.66,2.054146358827024e-05
79.92,165.66,2.0500185422571706e-05
79.93,165.66,2.045899033298658e-05
79.94,165.66,2.04178781520602e-05
79.95,165.66,2.0376848712676014e-05
79.96000000000001,165.66,2.0335901848054664e-05
79.97,165.66,2.029503739175382e-05
79.98,165.66,2.0254255177666818e-05
79.99,165.66,2.0213555040022418e-05
80.0,165.66,2.0172936813384167e-05
80.01,165.66,2.013240033264939e-05
80.02,165.66,2.0091945433048884e-05
80.03,165.66,2.0051571950145846e-05
80.04,165.66,2.00112797198357e-05
80.05,165.66,1.9971068578344862e-05
80.06,165.66,1.9930938362230533e-05
80.07000000000002,165.66,1.9890888908379847e-05
80.08,165.66,1.9850920054009224e-05
80.09,165.66,1.9811031636663498e-05
80.10000000000001,165.66,1.9771223494215692e-05
80.11,165.66,1.9731495464866107e-05
80.12,165.66,1.969184738714136e-05
80.13,165.66,1.9652279099894333e-05
80.14,165.66,1.961279044230307e-05
80.15,165.66,1.957338125387034e-05
80.16,165.66,1.9534051374422758e-05
80.17,165.66,1.949480064411045e-05
80.18,165.66,1.9455628903406104e-05
80.19,165.66,1.941653599310443e-05
80.2,165.66,1.937752175432151e-05
80.21000000000001,165.66,1.933858602849415e-05
80.22,165.66,1.9299728657379347e-05
80.23,165.66,1.92609494830534e-05
80.24,165.66,1.922224834791135e-05
80.25,165.66,1.918362509466647e-05
80.26,165.66,1.9145079566349546e-05
80.27,165.66,1.9106611606308082e-05
80.28,165.66,1.9068221058205985e-05
80.29,165.66,1.9029907766022606e-05
80.3,165.66,1.8991671574052172e-05
80.31,165.66,1.895351232690339e-05
80.32000000000002,165.66,1.8915429869498393e-05
80.33,165.66,1.8877424047072686e-05
80.34,165.66,1.8839494705173826e-05
80.35000000000001,165.66,1.880164168966125e-05
80.36,165.66,1.876386484670564e-05
80.37,165.66,1.8726164022788065e-05
80.38,165.66,1.8688539064699428e-05
80.39,165.66,1.8650989819539984e-05
80.4,165.66,1.8613516134718555e-05
80.41,165.66,1.857611785795208e-05
80.42,165.66,1.853879483726471e-05
80.43,165.66,1.850154692098741e-05
80.44,165.66,1.846437395775739e-05
80.45,165.66,1.842727579651721e-05
80.46000000000001,165.66,1.8390252286514398e-05
80.47,165.66,1.8353303277300858e-05
80.48,165.66,1.831642861873201e-05
80.49,165.66,1.827962816096644e-05
80.5,165.66,1.8242901754465118e-05
80.51,165.66,1.820624924999084e-05
80.52,165.66,1.8169670498607745e-05
80.53,165.66,1.813316535168035e-05
80.54,165.66,1.809673366087347e-05
80.55,165.66,1.806037527815102e-05
80.56,165.66,1.8024090055775895e-05
80.57000000000002,165.66,1.7987877846309166e-05
80.58,165.66,1.7951738502609432e-05
80.59,165.66,1.7915671877832345e-05
80.60000000000001,165.66,1.7879677825429824e-05
80.61,165.66,1.7843756199149728e-05
80.62,165.66,1.7807906853034957e-05
80.63,165.66,1.7772129641423097e-05
80.64,165.66,1.7736424418945627e-05
80.65,165.66,1.7700791040527644e-05
80.66,165.66,1.7665229361386774e-05
80.67,165.66,1.7629739237033078e-05
80.68,165.66,1.7594320523268142e-05
80.69,165.66,1.755897307618453e-05
80.7,165.66,1.7523696752165408e-05
80.71000000000001,165.66,1.7488491407883646e-05
80.72,165.66,1.7453356900301542e-05
80.73,165.66,1.7418293086669942e-05
80.74,165.66,1.7383299824527882e-05
80.75,165.66,1.7348376971701885e-05
80.76,165.66,1.7313524386305407e-05
80.77,165.66,1.727874192673837e-05
80.78,165.66,1.724402945168634e-05
80.79,165.66,1.7209386820120112e-05
80.8,165.66,1.717481389129519e-05
80.81,165.66,1.714031052475111e-05
80.82000000000002,165.66,1.7105876580310803e-05
80.83,165.66,1.707151191808025e-05
80.84,165.66,1.703721639844762e-05
80.85000000000001,165.66,1.7002989882082886e-05
80.86,165.66,1.6968832229937387e-05
80.87,165.66,1.6934743303242762e-05
80.88,165.66,1.6900722963511032e-05
80.89,165.66,1.686677107253345e-05
80.9,165.66,1.6832887492380402e-05
80.91,165.66,1.6799072085400582e-05
80.92,165.66,1.676532471422034e-05
80.93,165.66,1.6731645241743468e-05
80.94,165.66,1.6698033531150385e-05
80.95,165.66,1.6664489445897482e-05
80.96000000000001,165.66,1.6631012849716913e-05
80.97,165.66,1.6597603606615788e-05
80.98,165.66,1.6564261580875612e-05
80.99,165.66,1.6530986637051745e-05
81.0,165.66,1.649777863997298e-05
81.01,165.66,1.64646374547409e-05
81.02,165.66,1.6431562946729277e-05
81.03,165.66,1.6398554981583575e-05
81.04,165.66,1.636561342522044e-05
81.05,165.66,1.633273814382706e-05
81.06,165.66,1.6299929003860663e-05
81.07000000000002,165.66,1.6267185872048037e-05
81.08,165.66,1.6234508615384907e-05
81.09,165.66,1.620189710113532e-05
81.10000000000001,165.66,1.616935119683123e-05
81.11,165.66,1.613687077027207e-05
81.12,165.66,1.6104455689523767e-05
81.13,165.66,1.607210582291878e-05
81.14,165.66,1.6039821039055082e-05
81.15,165.66,1.6007601206795913e-05
81.16,165.66,1.5975446195269065e-05
81.17,165.66,1.5943355873866552e-05
81.18,165.66,1.5911330112243876e-05
81.19,165.66,1.587936878031961e-05
81.2,165.66,1.5847471748274694e-05
81.21000000000001,165.66,1.581563888655222e-05
81.22,165.66,1.5783870065856687e-05
81.23,165.66,1.575216515715345e-05
81.24,165.66,1.572052403166821e-05
81.25,165.66,1.5688946560886655e-05
81.26,165.66,1.565743261655369e-05
81.27,165.66,1.5625982070673153e-05
81.28,165.66,1.5594594795507037e-05
81.29,165.66,1.5563270663575188e-05
81.3,165.66,1.553200954765466e-05
81.31,165.66,1.5500811320779223e-05
81.32000000000002,165.66,1.5469675856238905e-05
81.33,165.66,1.5438603027579423e-05
81.34,165.66,1.5407592708601607e-05
81.35000000000001,165.66,1.5376644773360862e-05
81.36,165.66,1.5345759096167058e-05
81.37,165.66,1.5314935551583275e-05
81.38,165.66,1.5284174014425978e-05
81.39,165.66,1.5253474359764198e-05
81.4,165.66,1.5222836462919008e-05
81.41,165.66,1.5192260199463066e-05
81.42,165.66,1.5161745445220152e-05
81.43,165.66,1.513129207626452e-05
81.44,165.66,1.5100899968920624e-05
81.45,165.66,1.5070568999762381e-05
81.46000000000001,165.66,1.504029904561267e-05
81.47,165.66,1.5010089983543234e-05
81.48,165.66,1.497994169087346e-05
81.49,165.66,1.4949854045170583e-05
81.5,165.66,1.491982692424872e-05
81.51,165.66,1.4889860206168651e-05
81.52,165.66,1.4859953769237037e-05
81.53,165.66,1.483010749200626e-05
81.54,165.66,1.4800321253273667e-05
81.55,165.66,1.4770594932081163e-05
81.56,165.66,1.4740928407714767e-05
81.57000000000002,165.66,1.471132155970397e-05
81.58,165.66,1.4681774267821534e-05
81.59,165.66,1.4652286412082568e-05
81.60000000000001,165.66,1.4622857872744428e-05
81.61,165.66,1.4593488530306065e-05
81.62,165.66,1.4564178265507516e-05
81.63,165.66,1.4534926959329445e-05
81.64,165.66,1.4505734492992657e-05
81.65,165.66,1.4476600747957719e-05
81.66,165.66,1.4447525605924231e-05
81.67,165.66,1.441850894883058e-05
81.68,165.66,1.4389550658853318e-05
81.69,165.66,1.4360650618406728e-05
81.7,165.66,1.4331808710142381e-05
81.71000000000001,165.66,1.4303024816948543e-05
81.72,165.66,1.4274298821949973e-05
81.73,165.66,1.424563060850695e-05
81.74,165.66,1.4217020060215258e-05
81.75,165.66,1.418846706090555e-05
81.76,165.66,1.4159971494642771e-05
81.77,165.66,1.4131533245725914e-05
81.78,165.66,1.4103152198687329e-05
81.79,165.66,1.4074828238292372e-05
81.8,165.66,1.4046561249538773e-05
81.81,165.66,1.40183511176565e-05
81.82000000000002,165.66,1.3990197728106876e-05
81.83,165.66,1.3962100966582518e-05
81.84,165.66,1.3934060719006468e-05
81.85000000000001,165.66,1.3906076871532039e-05
81.86,165.66,1.387814931054229e-05
81.87,165.66,1.385027792264938e-05
81.88,165.66,1.382246259469428e-05
81.89,165.66,1.3794703213746262e-05
81.9,165.66,1.3766999667102522e-05
81.91,165.66,1.373935184228756e-05
81.92,165.66,1.3711759627052756e-05
81.93,165.66,1.368422290937612e-05
81.94,165.66,1.365674157746142e-05
81.95,165.66,1.362931551973822e-05
81.96000000000001,165.66,1.3601944624860938e-05
81.97,165.66,1.3574628781708993e-05
81.98,165.66,1.354736787938559e-05
81.99,165.66,1.3520161807217858e-05
82.0,165.66,1.349301045475622e-05
82.01,165.66,1.3465913711773918e-05
82.02,165.66,1.3438871468266502e-05
82.03,165.66,1.3411883614451521e-05
82.04,165.66,1.3384950040767982e-05
82.05,165.66,1.3358070637875986e-05
82.06,165.66,1.3331245296656075e-05
82.07000000000002,165.66,1.3304473908209011e-05
82.08,165.66,1.3277756363855449e-05
82.09,165.66,1.3251092555134942e-05
82.10000000000001,165.66,1.322448237380601e-05
82.11,165.66,1.319792571184574e-05
82.12,165.66,1.3171422461448743e-05
82.13,165.66,1.3144972515027486e-05
82.14,165.66,1.3118575765211238e-05
82.15,165.66,1.3092232104846035e-05
82.16,165.66,1.306594142699396e-05
82.17,165.66,1.303970362493296e-05
82.18,165.66,1.3013518592156194e-05
82.19,165.66,1.2987386222371641e-05
82.2,165.66,1.2961306409501797e-05
82.21000000000001,165.66,1.2935279047683112e-05
82.22,165.66,1.290930403126575e-05
82.23,165.66,1.288338125481266e-05
82.24,165.66,1.2857510613099846e-05
82.25,165.66,1.2831692001115342e-05
82.26,165.66,1.2805925314059184e-05
82.27,165.66,1.2780210447342752e-05
82.28,165.66,1.2754547296588403e-05
82.29,165.66,1.2728935757629101e-05
82.3,165.66,1.2703375726507902e-05
82.31,165.66,1.267786709947758e-05
82.32000000000002,165.66,1.2652409773000186e-05
82.33,165.66,1.2627003643746764e-05
82.34,165.66,1.260164860859656e-05
82.35000000000001,165.66,1.2576344564637003e-05
82.36,165.66,1.255109140916323e-05
82.37,165.66,1.2525889039677264e-05
82.38,165.66,1.2500737353888148e-05
82.39,165.66,1.2475636249711088e-05
82.4,165.66,1.2450585625267365e-05
82.41,165.66,1.2425585378883708e-05
82.42,165.66,1.2400635409091962e-05
82.43,165.66,1.23757356146286e-05
82.44,165.66,1.2350885894434464e-05
82.45,165.66,1.2326086147654149e-05
82.46000000000001,165.66,1.2301336273635724e-05
82.47,165.66,1.2276636171930448e-05
82.48,165.66,1.2251985742291907e-05
82.49,165.66,1.2227384884676117e-05
82.5,165.66,1.220283349924087e-05
82.51,165.66,1.2178331486345313e-05
82.52,165.66,1.2153878746549558e-05
82.53,165.66,1.2129475180614402e-05
82.54,165.66,1.2105120689500752e-05
82.55,165.66,1.2080815174369332e-05
82.56,165.66,1.205655853658016e-05
82.57000000000002,165.66,1.2032350677692262e-05
82.58,165.66,1.2008191499463374e-05
82.59,165.66,1.1984080903849112e-05
82.60000000000001,165.66,1.196001879300304e-05
82.61,165.66,1.193600506927619e-05
82.62,165.66,1.1912039635216315e-05
82.63,165.66,1.1888122393567883e-05
82.64,165.66,1.1864253247271527e-05
82.65,165.66,1.1840432099463628e-05
82.66,165.66,1.1816658853475949e-05
82.67,165.66,1.1792933412835267e-05
82.68,165.66,1.176925568126292e-05
82.69,165.66,1.1745625562674483e-05
82.7,165.66,1.1722042961179267e-05
82.71000000000001,165.66,1.1698507781080064e-05
82.72,165.66,1.167501992687273e-05
82.73,165.66,1.1651579303245648e-05
82.74,165.66,1.1628185815079451e-05
82.75,165.66,1.1604839367446763e-05
82.76,165.66,1.158153986561154e-05
82.77,165.66,1.1558287215028862e-05
82.78,165.66,1.1535081321344531e-05
82.79,165.66,1.151192209039463e-05
82.8,165.66,1.1488809428205208e-05
82.81,165.66,1.1465743240991817e-05
82.82000000000002,165.66,1.144272343515914e-05
82.83,165.66,1.1419749917300804e-05
82.84,165.66,1.1396822594198633e-05
82.85000000000001,165.66,1.1373941372822467e-05
82.86,165.66,1.1351106160330054e-05
82.87,165.66,1.132831686406606e-05
82.88,165.66,1.13055733915622e-05
82.89,165.66,1.1282875650536692e-05
82.9,165.66,1.1260223548893883e-05
82.91,165.66,1.1237616994723827e-05
82.92,165.66,1.1215055896301922e-05
82.93,165.66,1.1192540162088671e-05
82.94,165.66,1.117006970072913e-05
82.95,165.66,1.1147644421052646e-05
82.96000000000001,165.66,1.112526423207231e-05
82.97,165.66,1.1102929042985022e-05
82.98,165.66,1.1080638763170527e-05
82.99,165.66,1.1058393302191398e-05
83.0,165.66,1.1036192569792774e-05
83.01,165.66,1.10140364759016e-05
83.02,165.66,1.0991924930626678e-05
83.03,165.66,1.0969857844257942e-05
83.04,165.66,1.094783512726642e-05
83.05,165.66,1.0925856690303544e-05
83.06,165.66,1.0903922444201073e-05
83.07000000000002,165.66,1.0882032299970475e-05
83.08,165.66,1.0860186168802917e-05
83.09,165.66,1.0838383962068385e-05
83.10000000000001,165.66,1.081662559131574e-05
83.11,165.66,1.0794910968272432e-05
83.12,165.66,1.0773240004843575e-05
83.13,165.66,1.0751612613112181e-05
83.14,165.66,1.0730028705338507e-05
83.15,165.66,1.0708488193959787e-05
83.16,165.66,1.0686990991589822e-05
83.17,165.66,1.066553701101865e-05
83.18,165.66,1.0644126165212248e-05
83.19,165.66,1.0622758367312027e-05
83.2,165.66,1.06014335306346e-05
83.21000000000001,165.66,1.0580151568671395e-05
83.22,165.66,1.0558912395088433e-05
83.23,165.66,1.0537715923725625e-05
83.24,165.66,1.0516562068596766e-05
83.25,165.66,1.049545074388903e-05
83.26,165.66,1.047438186396268e-05
83.27,165.66,1.045335534335066e-05
83.28,165.66,1.0432371096758302e-05
83.29,165.66,1.041142903906292e-05
83.3,165.66,1.0390529085313522e-05
83.31,165.66,1.0369671150730374e-05
83.32000000000002,165.66,1.0348855150704748e-05
83.33,165.66,1.032808100079869e-05
83.34,165.66,1.0307348616744225e-05
83.35000000000001,165.66,1.028665791444347e-05
83.36,165.66,1.0266008809968349e-05
83.37,165.66,1.0245401219559639e-05
83.38,165.66,1.0224835059627275e-05
83.39,165.66,1.0204310246749734e-05
83.4,165.66,1.0183826697673683e-05
83.41,165.66,1.0163384329313717e-05
83.42,165.66,1.0142983058751944e-05
83.43,165.66,1.012262280323769e-05
83.44,165.66,1.0102303480187179e-05
83.45,165.66,1.0082025007183144e-05
83.46000000000001,165.66,1.006178730197449e-05
83.47,165.66,1.0041590282476135e-05
83.48,165.66,1.0021433866768351e-05
83.49,165.66,1.000131797309666e-05
83.5,165.66,9.981242519871476e-06
83.51,165.66,9.961207425667718e-06
83.52,165.66,9.941212609224527e-06
83.53,165.66,9.921257989444881e-06
83.54,165.66,9.90134348539529e-06
83.55,165.66,9.881469016305529e-06
83.56,165.66,9.861634501568129e-06
83.57000000000002,165.66,9.841839860738255e-06
83.58,165.66,9.822085013533373e-06
83.59,165.66,9.802369879832612e-06
83.60000000000001,165.66,9.782694379676775e-06
83.61,165.66,9.763058433268017e-06
83.62,165.66,9.74346196096923e-06
83.63,165.66,9.723904883303983e-06
83.64,165.66,9.704387120956074e-06
83.65,165.66,9.684908594769262e-06
83.66,165.66,9.665469225746904e-06
83.67,165.66,9.64606893505164e-06
83.68,165.66,9.626707644005111e-06
83.69,165.66,9.60738527408758e-06
83.7,165.66,9.588101746937666e-06
83.71000000000001,165.66,9.568856984351918e-06
83.72,165.66,9.549650908284767e-06
83.73,165.66,9.530483440847792e-06
83.74,165.66,9.51135450430974e-06
83.75,165.66,9.492264021096062e-06
83.76,165.66,9.47321191378864e-06
83.77,165.66,9.454198105125531e-06
83.78,165.66,9.435222518000423e-06
83.79,165.66,9.416285075462644e-06
83.8,165.66,9.397385700716569e-06
83.81,165.66,9.378524317121452e-06
83.82000000000002,165.66,9.359700848191103e-06
83.83,165.66,9.340915217593589e-06
83.84,165.66,9.322167349150803e-06
83.85000000000001,165.66,9.303457166838208e-06
83.86,165.66,9.284784594784751e-06
83.87,165.66,9.266149557272144e-06
83.88,165.66,9.247551978734873e-06
83.89,165.66,9.228991783759797e-06
83.9,165.66,9.210468897085793e-06
83.91,165.66,9.19198324360352e-06
83.92,165.66,9.173534748355048e-06
83.93,165.66,9.155123336533587e-06
83.94,165.66,9.13674893348318e-06
83.95,165.66,9.118411464698444e-06
83.96000000000001,165.66,9.100110855824114e-06
83.97,165.66,9.081847032655008e-06
83.98,165.66,9.063619921135368e-06
83.99,165.66,9.045429447358888e-06
84.0,165.66,9.027275537568195e-06
84.01,165.66,9.009158118154703e-06
84.02,165.66,8.991077115658191e-06
84.03,165.66,8.973032456766543e-06
84.04,165.66,8.955024068315464e-06
84.05,165.66,8.937051877288192e-06
84.06,165.66,8.919115810815157e-06
84.07000000000002,165.66,8.901215796173716e-06
84.08,165.66,8.883351760787918e-06
84.09,165.66,8.865523632227985e-06
84.10000000000001,165.66,8.84773133821027e-06
84.11,165.66,8.829974806596952e-06
84.12,165.66,8.812253965395432e-06
84.13,165.66,8.79456874275839e-06
84.14,165.66,8.776919066983399e-06
84.15,165.66,8.759304866512528e-06
84.16,165.66,8.741726069932125e-06
84.17,165.66,8.724182605972516e-06
84.18,165.66,8.706674403507737e-06
84.19,165.66,8.689201391555206e-06
84.2,165.66,8.671763499275466e-06
84.21000000000001,165.66,8.65436065597181e-06
84.22,165.66,8.636992791090267e-06
84.23,165.66,8.619659834218797e-06
84.24,165.66,8.602361715087577e-06
84.25,165.66,8.585098363568352e-06
84.26,165.66,8.567869709674225e-06
84.27,165.66,8.550675683559472e-06
84.28,165.66,8.533516215519108e-06
84.29,165.66,8.51639123598873e-06
84.3,165.66,8.499300675544173e-06
84.31,165.66,8.48224446490122e-06
84.32000000000002,165.66,8.465222534915272e-06
84.33,165.66,8.448234816581338e-06
84.34,165.66,8.431281241033264e-06
84.35000000000001,165.66,8.414361739543877e-06
84.36,165.66,8.39747624352467e-06
84.37,165.66,8.380624684525151e-06
84.38,165.66,8.363806994233026e-06
84.39,165.66,8.34702310447365e-06
84.4,165.66,8.330272947209781e-06
84.41,165.66,8.313556454541453e-06
84.42,165.66,8.296873558705473e-06
84.43,165.66,8.280224192075285e-06
84.44,165.66,8.263608287160695e-06
84.45,165.66,8.247025776607512e-06
84.46000000000001,165.66,8.230476593197403e-06
84.47,165.66,8.21396066984752e-06
84.48,165.66,8.197477939610204e-06
84.49,165.66,8.181028335672798e-06
84.5,165.66,8.164611791357292e-06
84.51,165.66,8.148228240120169e-06
84.52,165.66,8.131877615552002e-06
84.53,165.66,8.115559851377249e-06
84.54,165.66,8.099274881453987e-06
84.55,165.66,8.083022639773615e-06
84.56,165.66,8.066803060460585e-06
84.57000000000002,165.66,8.050616077772159e-06
84.58,165.66,8.034461626098197e-06
84.59,165.66,8.01833963996069e-06
84.60000000000001,165.66,8.002250054013664e-06
84.61,165.66,7.986192803043033e-06
84.62,165.66,7.970167821965885e-06
84.63,165.66,7.954175045830746e-06
84.64,165.66,7.938214409816954e-06
84.65,165.66,7.922285849234563e-06
84.66,165.66,7.90638929952403e-06
84.67,165.66,7.890524696255908e-06
84.68,165.66,7.87469197513067e-06
84.69,165.66,7.858891071978382e-06
84.7,165.66,7.843121922758496e-06
84.71000000000001,165.66,7.827384463559497e-06
84.72,165.66,7.81167863059883e-06
84.73,165.66,7.796004360222339e-06
84.74,165.66,7.780361588904282e-06
84.75,165.66,7.764750253246968e-06
84.76,165.66,7.749170289980472e-06
84.77,165.66,7.733621635962443e-06
84.78,165.66,7.718104228177746e-06
84.79,165.66,7.70261800373835e-06
84.8,165.66,7.687162899882917e-06
84.81,165.66,7.671738853976665e-06
84.82000000000002,165.66,7.656345803511017e-06
84.83,165.66,7.640983686103545e-06
84.84,165.66,7.625652439497349e-06
84.85000000000001,165.66,7.610352001561115e-06
84.86,165.66,7.595082310288862e-06
84.87,165.66,7.579843303799455e-06
84.88,165.66,7.564634920336536e-06
84.89,165.66,7.549457098268279e-06
84.9,165.66,7.5343097760870164e-06
84.91,165.66,7.519192892409083e-06
84.92,165.66,7.50410638597461e-06
84.93,165.66,7.489050195647072e-06
84.94,165.66,7.474024260413312e-06
84.95,165.66,7.459028519383061e-06
84.96000000000001,165.66,7.4440629117888065e-06
84.97,165.66,7.429127376985608e-06
84.98,165.66,7.414221854450591e-06
84.99,165.66,7.399346283782999e-06
85.0,165.66,7.384500604703779e-06
85.01,165.66,7.369684757055396e-06
85.02,165.66,7.354898680801552e-06
85.03,165.66,7.340142316026979e-06
85.04,165.66,7.325415602937146e-06
85.05,165.66,7.310718481858053e-06
85.06,165.66,7.296050893235966e-06
85.07000000000002,165.66,7.281412777637218e-06
85.08,165.66,7.266804075747973e-06
85.09,165.66,7.252224728373794e-06
85.10000000000001,165.66,7.2376746764396594e-06
85.11,165.66,7.223153860989689e-06
85.12,165.66,7.208662223186671e-06
85.13,165.66,7.194199704312097e-06
85.14,165.66,7.179766245765736e-06
85.15,165.66,7.165361789065515e-06
85.16,165.66,7.150986275847232e-06
85.17,165.66,7.136639647864298e-06
85.18,165.66,7.1223218469875365e-06
85.19,165.66,7.108032815204893e-06
85.2,165.66,7.093772494621277e-06
85.21000000000001,165.66,7.079540827458265e-06
85.22,165.66,7.065337756053944e-06
85.23,165.66,7.051163222862496e-06
85.24,165.66,7.037017170454162e-06
85.25,165.66,7.022899541514959e-06
85.26,165.66,7.008810278846349e-06
85.27,165.66,6.994749325365122e-06
85.28,165.66,6.980716624103111e-06
85.29,165.66,6.966712118206925e-06
85.3,165.66,6.9527357509378e-06
85.31,165.66,6.938787465671298e-06
85.32000000000002,165.66,6.9248672058971145e-06
85.33,165.66,6.9109749152189065e-06
85.34,165.66,6.8971105373538175e-06
85.35000000000001,165.66,6.883274016132579e-06
85.36,165.66,6.869465295499132e-06
85.37,165.66,6.855684319510247e-06
85.38,165.66,6.841931032335561e-06
85.39,165.66,6.828205378257216e-06
85.4,165.66,6.814507301669599e-06
85.41,165.66,6.800836747079228e-06
85.42,165.66,6.787193659104416e-06
85.43,165.66,6.773577982475071e-06
85.44,165.66,6.75998966203255e-06
85.45,165.66,6.746428642729334e-06
85.46000000000001,165.66,6.732894869628821e-06
85.47,165.66,6.7193882879052436e-06
85.48,165.66,6.705908842843128e-06
85.49,165.66,6.692456479837408e-06
85.5,165.66,6.679031144393043e-06
85.51,165.66,6.665632782124817e-06
85.52,165.66,6.652261338757075e-06
85.53,165.66,6.638916760123586e-06
85.54,165.66,6.625598992167255e-06
85.55,165.66,6.612307980939951e-06
85.56,165.66,6.59904367260224e-06
85.57000000000002,165.66,6.585806013423191e-06
85.58,165.66,6.57259494978021e-06
85.59,165.66,6.559410428158652e-06
85.60000000000001,165.66,6.546252395151776e-06
85.61,165.66,6.533120797460582e-06
85.62,165.66,6.520015581893245e-06
85.63,165.66,6.506936695365318e-06
85.64,165.66,6.493884084899281e-06
85.65,165.66,6.480857697624343e-06
85.66,165.66,6.467857480776312e-06
85.67,165.66,6.454883381697252e-06
85.68,165.66,6.4419353478354384e-06
85.69,165.66,6.429013326744973e-06
85.7,165.66,6.416117266085662e-06
85.71000000000001,165.66,6.403247113622809e-06
85.72,165.66,6.390402817226994e-06
85.73,165.66,6.377584324873755e-06
85.74,165.66,6.3647915846435794e-06
85.75,165.66,6.352024544721524e-06
85.76,165.66,6.339283153397038e-06
85.77,165.66,6.3265673590638404e-06
85.78,165.66,6.313877110219596e-06
85.79,165.66,6.301212355465759e-06
85.8,165.66,6.288573043507353e-06
85.81,165.66,6.275959123152792e-06
85.82000000000002,165.66,6.263370543313621e-06
85.83,165.66,6.2508072530043795e-06
85.84,165.66,6.23826920134228e-06
85.85000000000001,165.66,6.22575633754706e-06
85.86,165.66,6.213268610940944e-06
85.87,165.66,6.20080597094804e-06
85.88,165.66,6.188368367094534e-06
85.89,165.66,6.1759557490082435e-06
85.9,165.66,6.1635680664185695e-06
85.91,165.66,6.151205269156112e-06
85.92,165.66,6.13886730715264e-06
85.93,165.66,6.12655413044076e-06
85.94,165.66,6.114265689153796e-06
85.95,165.66,6.102001933525562e-06
85.96000000000001,165.66,6.089762813890088e-06
85.97,165.66,6.077548280681614e-06
85.98,165.66,6.0653582844340945e-06
85.99,165.66,6.053192775781262e-06
86.0,165.66,6.041051705456306e-06
86.01,165.66,6.028935024291651e-06
86.02,165.66,6.01684268321885e-06
86.03,165.66,6.004774633268268e-06
86.04,165.66,5.992730825569004e-06
86.05,165.66,5.9807112113485535e-06
86.06,165.66,5.968715741932777e-06
86.07000000000002,165.66,5.956744368745504e-06
86.08,165.66,5.944797043308584e-06
86.09,165.66,5.932873717241406e-06
86.10000000000001,165.66,5.920974342260897e-06
86.11,165.66,5.909098870181339e-06
86.12,165.66,5.897247252914e-06
86.13,165.66,5.8854194424670595e-06
86.14,165.66,5.8736153909454684e-06
86.15,165.66,5.86183505055061e-06
86.16,165.66,5.850078373580192e-06
86.17,165.66,5.838345312428075e-06
86.18,165.66,5.82663581958399e-06
86.19,165.66,5.814949847633423e-06
86.2,165.66,5.803287349257385e-06
86.21000000000001,165.66,5.7916482772322415e-06
86.22,165.66,5.780032584429487e-06
86.23,165.66,5.768440223815597e-06
86.24,165.66,5.756871148451772e-06
86.25,165.66,5.74532531149384e-06
86.26,165.66,5.733802666191963e-06
86.27,165.66,5.722303165890529e-06
86.28,165.66,5.710826764027927e-06
86.29,165.66,5.6993734141363235e-06
86.3,165.66,5.687943069841567e-06
86.31,165.66,5.6765356848629e-06
86.32000000000002,165.66,5.665151213012795e-06
86.33,165.66,5.6537896081968365e-06
86.34,165.66,5.642450824413427e-06
86.35000000000001,165.66,5.631134815753704e-06
86.36,165.66,5.619841536401265e-06
86.37,165.66,5.608570940632e-06
86.38,165.66,5.597322982813974e-06
86.39,165.66,5.58609761740714e-06
86.4,165.66,5.574894798963249e-06
86.41,165.66,5.56371448212557e-06
86.42,165.66,5.552556621628805e-06
86.43,165.66,5.541421172298787e-06
86.44,165.66,5.530308089052442e-06
86.45,165.66,5.5192173268974475e-06
86.46000000000001,165.66,5.5081488409321885e-06
86.47,165.66,5.497102586345487e-06
86.48,165.66,5.486078518416455e-06
86.49,165.66,5.475076592514275e-06
86.5,165.66,5.464096764098079e-06
86.51,165.66,5.453138988716735e-06
86.52,165.66,5.442203222008626e-06
86.53,165.66,5.43128941970157e-06
86.54,165.66,5.420397537612537e-06
86.55,165.66,5.40952753164751e-06
86.56,165.66,5.398679357801312e-06
86.57000000000002,165.66,5.387852972157449e-06
86.58,165.66,5.377048330887838e-06
86.59,165.66,5.366265390252759e-06
86.60000000000001,165.66,5.355504106600593e-06
86.61,165.66,5.344764436367635e-06
86.62,165.66,5.334046336077955e-06
86.63,165.66,5.323349762343242e-06
86.64,165.66,5.312674671862566e-06
86.65,165.66,5.3020210214222274e-06
86.66,165.66,5.2913887678955886e-06
86.67,165.66,5.280777868242905e-06
86.68,165.66,5.270188279511143e-06
86.69,165.66,5.259619958833764e-06
86.7,165.66,5.249072863430626e-06
86.71000000000001,165.66,5.238546950607763e-06
86.72,165.66,5.228042177757187e-06
86.73,165.66,5.2175585023567985e-06
86.74,165.66,5.207095881970105e-06
86.75,165.66,5.196654274246158e-06
86.76,165.66,5.186233636919275e-06
86.77,165.66,5.17583392780895e-06
86.78,165.66,5.1654551048196345e-06
86.79,165.66,5.155097125940586e-06
86.8,165.66,5.144759949245716e-06
86.81,165.66,5.134443532893356e-06
86.82000000000002,165.66,5.124147835126153e-06
86.83,165.66,5.113872814270859e-06
86.84,165.66,5.103618428738195e-06
86.85000000000001,165.66,5.093384637022644e-06
86.86,165.66,5.0831713977023125e-06
86.87,165.66,5.072978669438725e-06
86.88,165.66,5.062806410976706e-06
86.89,165.66,5.05265458114419e-06
86.9,165.66,5.042523138852029e-06
86.91,165.66,5.032412043093869e-06
86.92,165.66,5.022321252945924e-06
86.93,165.66,5.012250727566893e-06
86.94,165.66,5.002200426197701e-06
86.95,165.66,4.99217030816141e-06
86.96000000000001,165.66,4.982160332863004e-06
86.97,165.66,4.9721704597892705e-06
86.98,165.66,4.962200648508565e-06
86.99,165.66,4.9522508586706996e-06
87.0,165.66,4.942321050006784e-06
87.01,165.66,4.9324111823290415e-06
87.02,165.66,4.922521215530621e-06
87.03,165.66,4.912651109585505e-06
87.04,165.66,4.902800824548257e-06
87.05,165.66,4.892970320553932e-06
87.06,165.66,4.8831595578178915e-06
87.07000000000002,165.66,4.873368496635617e-06
87.08,165.66,4.863597097382557e-06
87.09,165.66,4.85384532051403e-06
87.10000000000001,165.66,4.844113126564942e-06
87.11,165.66,4.834400476149749e-06
87.12,165.66,4.824707329962213e-06
87.13,165.66,4.815033648775257e-06
87.14,165.66,4.805379393440874e-06
87.15,165.66,4.795744524889842e-06
87.16,165.66,4.786129004131691e-06
87.17,165.66,4.776532792254462e-06
87.18,165.66,4.766955850424558e-06
87.19,165.66,4.757398139886662e-06
87.2,165.66,4.7478596219634465e-06
87.21000000000001,165.66,4.7383402580555486e-06
87.22,165.66,4.728840009641324e-06
87.23,165.66,4.7193588382767215e-06
87.24,165.66,4.709896705595123e-06
87.25,165.66,4.700453573307216e-06
87.26,165.66,4.691029403200774e-06
87.27,165.66,4.68162415714056e-06
87.28,165.66,4.672237797068124e-06
87.29,165.66,4.66287028500173e-06
87.3,165.66,4.653521583036086e-06
87.31,165.66,4.6441916533422645e-06
87.32000000000002,165.66,4.634880458167529e-06
87.33,165.66,4.625587959835213e-06
87.34,165.66,4.61631412074451e-06
87.35000000000001,165.66,4.607058903370347e-06
87.36,165.66,4.597822270263232e-06
87.37,165.66,4.588604184049113e-06
87.38,165.66,4.579404607429205e-06
87.39,165.66,4.57022350317986e-06
87.4,165.66,4.561060834152387e-06
87.41,165.66,4.5519165632729196e-06
87.42,165.66,4.542790653542275e-06
87.43,165.66,4.533683068035779e-06
87.44,165.66,4.524593769903136e-06
87.45,165.66,4.5155227223682605e-06
87.46000000000001,165.66,4.50646988872914e-06
87.47,165.66,4.497435232357705e-06
87.48,165.66,4.488418716699605e-06
87.49,165.66,4.479420305274167e-06
87.5,165.66,4.470439961674166e-06
87.51,165.66,4.461477649565716e-06
87.52,165.66,4.452533332688096e-06
87.53,165.66,4.443606974853602e-06
87.54,165.66,4.434698539947467e-06
87.55,165.66,4.425807991927597e-06
87.56,165.66,4.4169352948245336e-06
87.57000000000002,165.66,4.408080412741242e-06
87.58,165.66,4.39924330985298e-06
87.59,165.66,4.3904239504071605e-06
87.60000000000001,165.66,4.3816222987232254e-06
87.61,165.66,4.37283831919244e-06
87.62,165.66,4.364071976277821e-06
87.63,165.66,4.355323234513909e-06
87.64,165.66,4.346592058506718e-06
87.65,165.66,4.337878412933522e-06
87.66,165.66,4.329182262542747e-06
87.67,165.66,4.320503572153785e-06
87.68,165.66,4.3118423066569205e-06
87.69,165.66,4.303198431013123e-06
87.7,165.66,4.294571910253912e-06
87.71000000000001,165.66,4.285962709481274e-06
87.72,165.66,4.277370793867449e-06
87.73,165.66,4.26879612865483e-06
87.74,165.66,4.260238679155785e-06
87.75,165.66,4.2516984107525645e-06
87.76,165.66,4.243175288897136e-06
87.77,165.66,4.234669279111016e-06
87.78,165.66,4.2261803469851975e-06
87.79,165.66,4.217708458179942e-06
87.8,165.66,4.209253578424669e-06
87.81,165.66,4.2008156735178125e-06
87.82000000000002,165.66,4.192394709326697e-06
87.83,165.66,4.183990651787388e-06
87.84,165.66,4.175603466904519e-06
87.85000000000001,165.66,4.1672331207512305e-06
87.86,165.66,4.158879579468942e-06
87.87,165.66,4.15054280926729e-06
87.88,165.66,4.14222277642394e-06
87.89,165.66,4.133919447284498e-06
87.9,165.66,4.125632788262293e-06
87.91,165.66,4.117362765838338e-06
87.92,165.66,4.109109346561126e-06
87.93,165.66,4.100872497046511e-06
87.94,165.66,4.09265218397759e-06
87.95,165.66,4.084448374104553e-06
87.96000000000001,165.66,4.076261034244522e-06
87.97,165.66,4.068090131281467e-06
87.98,165.66,4.059935632166035e-06
87.99,165.66,4.051797503915436e-06
88.0,165.66,4.0436757136132995e-06
88.01,165.66,4.03557022840952e-06
88.02,165.66,4.027481015520163e-06
88.03,165.66,4.019408042227301e-06
88.04,165.66,4.011351275878919e-06
88.05,165.66,4.003310683888702e-06
88.06,165.66,3.995286233736004e-06
88.07000000000002,165.66,3.987277892965655e-06
88.08,165.66,3.979285629187814e-06
88.09,165.66,3.971309410077878e-06
88.10000000000001,165.66,3.963349203376358e-06
88.11,165.66,3.9554049768887024e-06
88.12,165.66,3.947476698485189e-06
88.13,165.66,3.939564336100792e-06
88.14,165.66,3.931667857735069e-06
88.15,165.66,3.923787231452004e-06
88.16,165.66,3.915922425379897e-06
88.17,165.66,3.908073407711231e-06
88.18,165.66,3.900240146702511e-06
88.19,165.66,3.892422610674174e-06
88.2,165.66,3.884620768010472e-06
88.21000000000001,165.66,3.8768345871592965e-06
88.22,165.66,3.869064036632073e-06
88.23,165.66,3.861309085003644e-06
88.24,165.66,3.853569700912105e-06
88.25,165.66,3.845845853058738e-06
88.26,165.66,3.838137510207825e-06
88.27,165.66,3.830444641186531e-06
88.28,165.66,3.822767214884837e-06
88.29,165.66,3.81510520025531e-06
88.3,165.66,3.807458566313075e-06
88.31,165.66,3.799827282135628e-06
88.32000000000002,165.66,3.792211316862716e-06
88.33,165.66,3.7846106396962716e-06
88.34,165.66,3.7770252199001823e-06
88.35000000000001,165.66,3.7694550268002693e-06
88.36,165.66,3.761900029784095e-06
88.37,165.66,3.7543601983008604e-06
88.38,165.66,3.746835501861293e-06
88.39,165.66,3.7393259100374872e-06
88.4,165.66,3.73183139246285e-06
88.41,165.66,3.724351918831876e-06
88.42,165.66,3.716887458900111e-06
88.43,165.66,3.7094379824839984e-06
88.44,165.66,3.702003459460748e-06
88.45,165.66,3.694583859768226e-06
88.46000000000001,165.66,3.687179153404822e-06
88.47,165.66,3.6797893104293295e-06
88.48,165.66,3.6724143009608284e-06
88.49,165.66,3.665054095178585e-06
88.5,165.66,3.6577086633218847e-06
88.51,165.66,3.650377975689924e-06
88.52,165.66,3.643062002641732e-06
88.53,165.66,3.6357607145959868e-06
88.54,165.66,3.6284740820309547e-06
88.55,165.66,3.6212020754843145e-06
88.56,165.66,3.613944665553081e-06
88.57000000000002,165.66,3.6067018228934734e-06
88.58,165.66,3.599473518220777e-06
88.59,165.66,3.5922597223092285e-06
88.60000000000001,165.66,3.5850604059919527e-06
88.61,165.66,3.577875540160742e-06
88.62,165.66,3.5707050957660387e-06
88.63,165.66,3.563549043816751e-06
88.64,165.66,3.5564073553801535e-06
88.65,165.66,3.549280001581788e-06
88.66,165.66,3.542166953605305e-06
88.67,165.66,3.535068182692417e-06
88.68,165.66,3.527983660142683e-06
88.69,165.66,3.520913357313476e-06
88.7,165.66,3.513857245619837e-06
88.71000000000001,165.66,3.5068152965343576e-06
88.72,165.66,3.499787481587042e-06
88.73,165.66,3.4927737723652325e-06
88.74,165.66,3.4857741405134683e-06
88.75,165.66,3.4787885577333822e-06
88.76,165.66,3.471816995783572e-06
88.77,165.66,3.464859426479501e-06
88.78,165.66,3.4579158216933592e-06
88.79,165.66,3.4509861533540023e-06
88.8,165.66,3.444070393446751e-06
88.81,165.66,3.437168514013357e-06
88.82000000000002,165.66,3.4302804871518582e-06
88.83,165.66,3.4234062850164565e-06
88.84,165.66,3.416545879817413e-06
88.85000000000001,165.66,3.4096992438209478e-06
88.86,165.66,3.4028663493491117e-06
88.87,165.66,3.396047168779661e-06
88.88,165.66,3.389241674545978e-06
88.89,165.66,3.3824498391369437e-06
88.9,165.66,3.3756716350968166e-06
88.91,165.66,3.368907035025123e-06
88.92,165.66,3.362156011576567e-06
88.93,165.66,3.3554185374608904e-06
88.94,165.66,3.348694585442776e-06
88.95,165.66,3.3419841283417557e-06
88.96000000000001,165.66,3.33528713903205e-06
88.97,165.66,3.3286035904424975e-06
88.98,165.66,3.3219334555564547e-06
88.99,165.66,3.315276707411648e-06
89.0,165.66,3.3086333191000704e-06
89.01,165.66,3.3020032637679137e-06
89.02,165.66,3.295386514615412e-06
89.03,165.66,3.288783044896751e-06
89.04,165.66,3.2821928279199625e-06
89.05,165.66,3.2756158370468098e-06
89.06,165.66,3.2690520456926766e-06
89.07000000000002,165.66,3.2625014273264756e-06
89.08,165.66,3.2559639554705277e-06
89.09,165.66,3.2494396037004378e-06
89.10000000000001,165.66,3.242928345645031e-06
89.11,165.66,3.236430154986193e-06
89.12,165.66,3.229945005458806e-06
89.13,165.66,3.22347287085062e-06
89.14,165.66,3.217013725002156e-06
89.15,165.66,3.2105675418065898e-06
89.16,165.66,3.2041342952096584e-06
89.17,165.66,3.197713959209536e-06
89.18,165.66,3.191306507856751e-06
89.19,165.66,3.184911915254049e-06
89.2,165.66,3.1785301555563244e-06
89.21000000000001,165.66,3.1721612029704994e-06
89.22,165.66,3.1658050317554187e-06
89.23,165.66,3.1594616162217203e-06
89.24,165.66,3.15313093073177e-06
89.25,165.66,3.146812949699555e-06
89.26,165.66,3.14050764759055e-06
89.27,165.66,3.1342149989216303e-06
89.28,165.66,3.1279349782609664e-06
89.29,165.66,3.121667560227942e-06
89.3,165.66,3.115412719492992e-06
89.31,165.66,3.109170430777585e-06
89.32000000000002,165.66,3.1029406688540376e-06
89.33,165.66,3.096723408545456e-06
89.34,165.66,3.0905186247256435e-06
89.35000000000001,165.66,3.0843262923189553e-06
89.36,165.66,3.078146386300226e-06
89.37,165.66,3.0719788816946872e-06
89.38,165.66,3.0658237535778205e-06
89.39,165.66,3.0596809770752792e-06
89.4,165.66,3.0535505273627847e-06
89.41,165.66,3.0474323796660445e-06
89.42,165.66,3.041326509260601e-06
89.43,165.66,3.0352328914718034e-06
89.44,165.66,3.0291515016746256e-06
89.45,165.66,3.0230823152936445e-06
89.46000000000001,165.66,3.017025307802883e-06
89.47,165.66,3.0109804547257443e-06
89.48,165.66,3.004947731634875e-06
89.49,165.66,2.9989271141521226e-06
89.5,165.66,2.9929185779483704e-06
89.51,165.66,2.9869220987434976e-06
89.52,165.66,2.9809376523062472e-06
89.53,165.66,2.9749652144541296e-06
89.54,165.66,2.969004761053329e-06
89.55,165.66,2.9630562680186155e-06
89.56,165.66,2.957119711313228e-06
89.57000000000002,165.66,2.9511950669487865e-06
89.58,165.66,2.945282310985202e-06
89.59,165.66,2.939381419530572e-06
89.60000000000001,165.66,2.9334923687410757e-06
89.61,165.66,2.9276151348208797e-06
89.62,165.66,2.92174969402205e-06
89.63,165.66,2.915896022644456e-06
89.64,165.66,2.910054097035674e-06
89.65,165.66,2.9042238935908735e-06
89.66,165.66,2.8984053887527354e-06
89.67,165.66,2.8925985590113617e-06
89.68,165.66,2.886803380904168e-06
89.69,165.66,2.88101983101579e-06
89.7,165.66,2.8752478859780007e-06
89.71000000000001,165.66,2.869487522469609e-06
89.72,165.66,2.8637387172163487e-06
89.73,165.66,2.8580014469907917e-06
89.74,165.66,2.8522756886122846e-06
89.75,165.66,2.84656141894682e-06
89.76,165.66,2.8408586149069256e-06
89.77,165.66,2.8351672534516398e-06
89.78,165.66,2.829487311586337e-06
89.79,165.66,2.8238187663626848e-06
89.8,165.66,2.8181615948785525e-06
89.81,165.66,2.8125157742778755e-06
89.82000000000002,165.66,2.806881281750609e-06
89.83,165.66,2.8012580945326173e-06
89.84,165.66,2.79564618990556e-06
89.85000000000001,165.66,2.7900455451968385e-06
89.86,165.66,2.7844561377794836e-06
89.87,165.66,2.7788779450720576e-06
89.88,165.66,2.773310944538572e-06
89.89,165.66,2.7677551136883995e-06
89.9,165.66,2.7622104300761753e-06
89.91,165.66,2.756676871301695e-06
89.92,165.66,2.7511544150098505e-06
89.93,165.66,2.7456430388905227e-06
89.94,165.66,2.740142720678489e-06
89.95,165.66,2.734653438153332e-06
89.96000000000001,165.66,2.729175169139364e-06
89.97,165.66,2.723707891505511e-06
89.98,165.66,2.718251583165269e-06
89.99,165.66,2.7128062220765536e-06
90.0,165.66,2.7128062220765536e-06
90.01,165.7000927004345,2.7067173855724534e-06
90.02,165.7401852768995,2.700643702207459e-06
90.03,165.78027772939555,2.6945851305763467e-06
90.04,165.8203700579233,2.688541629397098e-06
90.05,165.8604622624833,2.68251315751052e-06
90.06,165.9005543430761,2.676499673879857e-06
90.07000000000002,165.94064629970234,2.6705011375903628e-06
90.08,165.9807381323625,2.6645175078489584e-06
90.09,166.02082984105724,2.6585487439837783e-06
90.10000000000001,166.0609214257871,2.652594805443855e-06
90.11,166.10101288655258,2.646655651798667e-06
90.12,166.14110422335443,2.640731242737755e-06
90.13,166.18119543619306,2.63482153807041e-06
90.14,166.2212865250692,2.6289264977251803e-06
90.15,166.2613774899832,2.623046081749593e-06
90.16,166.30146833093588,2.6171802503096683e-06
90.17,166.34155904792766,2.6113289636896403e-06
90.18,166.38164964095918,2.6054921822915056e-06
90.19,166.42174011003092,2.5996698666346907e-06
90.2,166.4618304551436,2.593861977355618e-06
90.21000000000001,166.50192067629774,2.5880684752073998e-06
90.22,166.54201077349387,2.5822893210594324e-06
90.23,166.58210074673258,2.5765244758970072e-06
90.24,166.6221905960145,2.5707739008209606e-06
90.25,166.6622803213401,2.5650375570473146e-06
90.26,166.7023699227101,2.5593154059068543e-06
90.27,166.74245940012494,2.553607408844842e-06
90.28,166.78254875358525,2.547913527420578e-06
90.29,166.8226379830916,2.5422337233070723e-06
90.3,166.86272708864462,2.536567958290671e-06
90.31,166.90281607024477,2.5309161942707124e-06
90.32000000000002,166.9429049278927,2.5252783932591273e-06
90.33,166.982993661589,2.519654517380097e-06
90.34,167.0230822713342,2.5140445288697226e-06
90.35000000000001,167.0631707571289,2.5084483900756277e-06
90.36,167.10325911897368,2.5028660634566173e-06
90.37,167.14334735686904,2.4972975115823294e-06
90.38,167.1834354708157,2.4917426971328563e-06
90.39,167.22352346081408,2.4862015828984475e-06
90.4,167.2636113268649,2.4806741317790697e-06
90.41,167.30369906896863,2.475160306784153e-06
90.42,167.34378668712588,2.4696600710321647e-06
90.43,167.38387418133718,2.4641733877503257e-06
90.44,167.4239615516032,2.4587002202741895e-06
90.45,167.46404879792442,2.453240532047384e-06
90.46000000000001,167.50413592030148,2.447794286621176e-06
90.47,167.54422291873496,2.442361447654199e-06
90.48,167.58430979322534,2.436941978912101e-06
90.49,167.6243965437733,2.431535844267154e-06
90.5,167.66448317037936,2.426143007697968e-06
90.51,167.70456967304418,2.4207634332891245e-06
90.52,167.74465605176815,2.415397085230878e-06
90.53,167.78474230655206,2.4100439278187404e-06
90.54,167.82482843739632,2.4047039254532395e-06
90.55,167.86491444430158,2.399377042639523e-06
90.56,167.90500032726843,2.3940632439870334e-06
90.57000000000002,167.9450860862974,2.3887624942092074e-06
90.58,167.9851717213891,2.3834747581231203e-06
90.59,168.02525723254408,2.3782000006491524e-06
90.60000000000001,168.0653426197629,2.372938186810684e-06
90.61,168.1054278830462,2.3676892817337344e-06
90.62,168.14551302239448,2.3624532506466824e-06
90.63,168.18559803780835,2.3572300588798945e-06
90.64,168.2256829292884,2.3520196718654263e-06
90.65,168.26576769683516,2.346822055136706e-06
90.66,168.30585234044923,2.3416371743281826e-06
90.67,168.34593686013122,2.3364649951750438e-06
90.68,168.38602125588167,2.33130548351287e-06
90.69,168.4261055277011,2.326158605277328e-06
90.7,168.46618967559021,2.3210243265038396e-06
90.71000000000001,168.5062736995495,2.3159026133272874e-06
90.72,168.54635759957955,2.3107934319816823e-06
90.73,168.58644137568092,2.3056967487998654e-06
90.74,168.62652502785414,2.3006125302131757e-06
90.75,168.66660855609993,2.2955407427511387e-06
90.76,168.70669196041874,2.2904813530411937e-06
90.77,168.7467752408112,2.2854343278083226e-06
90.78,168.78685839727783,2.280399633874796e-06
90.79,168.82694142981927,2.275377238159837e-06
90.8,168.86702433843615,2.2703671076793146e-06
90.81,168.90710712312884,2.2653692095454735e-06
90.82000000000002,168.9471897838981,2.2603835109665558e-06
90.83,168.98727232074444,2.255409979246579e-06
90.84,169.02735473366843,2.2504485817849887e-06
90.85000000000001,169.0674370226706,2.2454992860763622e-06
90.86,169.10751918775165,2.2405620597101028e-06
90.87,169.14760122891204,2.2356368703701724e-06
90.88,169.18768314615238,2.2307236858347572e-06
90.89,169.22776493947333,2.225822473975971e-06
90.9,169.26784660887532,2.2209332027596117e-06
90.91,169.30792815435896,2.2160558402447914e-06
90.92,169.34800957592492,2.2111903545836794e-06
90.93,169.38809087357367,2.206336714021218e-06
90.94,169.42817204730582,2.2014948868948224e-06
90.95,169.46825309712196,2.1966648416340714e-06
90.96000000000001,169.50833402302266,2.191846546760437e-06
90.97,169.54841482500848,2.187039970886994e-06
90.98,169.58849550307997,2.182245082718132e-06
90.99,169.6285760572378,2.177461851049236e-06
91.0,169.66865648748245,2.172690244766463e-06
91.01,169.70873679381452,2.167930232846404e-06
91.02,169.74881697623462,2.1631817843558113e-06
91.03,169.78889703474326,2.1584448684513344e-06
91.04,169.82897696934106,2.153719454379213e-06
91.05,169.86905678002861,2.149005511474999e-06
91.06,169.9091364668064,2.1443030091633115e-06
91.07000000000002,169.94921602967514,2.1396119169574863e-06
91.08,169.98929546863528,2.1349322044593816e-06
91.09,170.02937478368744,2.1302638413590274e-06
91.10000000000001,170.06945397483224,2.1256067974343886e-06
91.11,170.1095330420702,2.120961042551087e-06
91.12,170.1496119854019,2.116326546662111e-06
91.13,170.1896908048279,2.1117032798075457e-06
91.14,170.22976950034882,2.107091212114315e-06
91.15,170.2698480719652,2.1024903137958862e-06
91.16,170.3099265196776,2.0979005551520313e-06
91.17,170.35000484348666,2.0933219065684938e-06
91.18,170.3900830433929,2.0887543385168065e-06
91.19,170.43016111939693,2.084197821553953e-06
91.2,170.47023907149924,2.079652326322143e-06
91.21000000000001,170.51031689970054,2.0751178235484913e-06
91.22,170.5503946040013,2.070594284044831e-06
91.23,170.5904721844021,2.0660816787073803e-06
91.24,170.63054964090358,2.061579978516504e-06
91.25,170.67062697350633,2.0570891545364577e-06
91.26,170.71070418221075,2.0526091779151295e-06
91.27,170.75078126701763,2.0481400198837268e-06
91.28,170.79085822792737,2.0436816517566055e-06
91.29,170.8309350649407,2.0392340449309215e-06
91.3,170.8710117780581,2.0347971708864302e-06
91.31,170.91108836728014,2.0303710011852074e-06
91.32000000000002,170.95116483260745,2.0259555074713957e-06
91.33,170.99124117404057,2.0215506614709337e-06
91.34,171.03131739158005,2.017156434991339e-06
91.35000000000001,171.07139348522654,2.0127727999213962e-06
91.36,171.11146945498052,2.008399728230972e-06
91.37,171.15154530084263,2.0040371919706935e-06
91.38,171.1916210228134,1.999685163271754e-06
91.39,171.23169662089342,1.9953436143456168e-06
91.4,171.2717720950833,1.9910125174837956e-06
91.41,171.31184744538362,1.9866918450575935e-06
91.42,171.35192267179488,1.9823815695178605e-06
91.43,171.3919977743177,1.978081663394731e-06
91.44,171.43207275295265,1.973792099297398e-06
91.45,171.47214760770032,1.9695128499138396e-06
91.46000000000001,171.5122223385613,1.965243888010603e-06
91.47,171.5522969455361,1.9609851864325456e-06
91.48,171.5923714286253,1.9567367181025975e-06
91.49,171.6324457878296,1.9524984560214916e-06
91.5,171.67252002314942,1.9482703732675773e-06
91.51,171.7125941345854,1.94405244299652e-06
91.52,171.7526681221381,1.939844638441099e-06
91.53,171.79274198580805,1.935646932910959e-06
91.54,171.83281572559594,1.931459299792345e-06
91.55,171.8728893415023,1.9272817125479184e-06
91.56,171.91296283352764,1.9231141447164704e-06
91.57000000000002,171.95303620167257,1.918956569912715e-06
91.58,171.99310944593773,1.9148089618270282e-06
91.59,172.0331825663236,1.9106712942252418e-06
91.60000000000001,172.0732555628308,1.9065435409483845e-06
91.61,172.11332843545992,1.9024256759124707e-06
91.62,172.1534011842115,1.8983176731082497e-06
91.63,172.19347380908613,1.8942195066009763e-06
91.64,172.23354631008434,1.8901311505302005e-06
91.65,172.27361868720683,1.886052579109499e-06
91.66,172.31369094045405,1.8819837666262904e-06
91.67,172.35376306982658,1.8779246874415745e-06
91.68,172.39383507532503,1.8738753159897164e-06
91.69,172.43390695694998,1.8698356267782119e-06
91.7,172.47397871470204,1.8658055943874663e-06
91.71000000000001,172.5140503485817,1.8617851934705872e-06
91.72,172.55412185858958,1.857774398753121e-06
91.73,172.59419324472628,1.8537731850328557e-06
91.74,172.63426450699234,1.8497815271796005e-06
91.75,172.67433564538828,1.8457994001349448e-06
91.76,172.7144066599148,1.8418267789120474e-06
91.77,172.7544775505724,1.8378636385954142e-06
91.78,172.79454831736163,1.8339099543406794e-06
91.79,172.8346189602831,1.829965701374385e-06
91.8,172.87468947933743,1.8260308549937501e-06
91.81,172.91475987452512,1.8221053905664806e-06
91.82000000000002,172.95483014584673,1.8181892835305245e-06
91.83,172.99490029330292,1.8142825093938613e-06
91.84,173.03497031689423,1.8103850437342938e-06
91.85000000000001,173.0750402166212,1.8064968621992391e-06
91.86,173.1151099924844,1.802617940505493e-06
91.87,173.1551796444845,1.7987482544390167e-06
91.88,173.1952491726219,1.7948877798547621e-06
91.89,173.23531857689738,1.7910364926763991e-06
91.9,173.2753878573114,1.787194368896161e-06
91.91,173.31545701386452,1.7833613845745965e-06
91.92,173.35552604655734,1.779537515840376e-06
91.93,173.39559495539044,1.7757227388900733e-06
91.94,173.43566374036442,1.771917029987952e-06
91.95,173.47573240147975,1.7681203654657918e-06
91.96000000000001,173.51580093873716,1.7643327217226224e-06
91.97,173.55586935213714,1.7605540752245701e-06
91.98,173.59593764168025,1.7567844025046265e-06
91.99,173.6360058073671,1.7530236801624439e-06
92.0,173.67607384919822,1.749271884864137e-06
92.01,173.71614176717424,1.7455289933420671e-06
92.02,173.7562095612957,1.741794982394655e-06
92.03,173.7962772315631,1.7380698288861754e-06
92.04,173.8363447779772,1.7343535097465226e-06
92.05,173.87641220053843,1.7306460019710658e-06
92.06,173.9164794992474,1.7269472826204016e-06
92.07000000000002,173.95654667410466,1.7232573288201825e-06
92.08,173.99661372511088,1.7195761177608866e-06
92.09,174.0366806522665,1.7159036266976525e-06
92.10000000000001,174.0767474555722,1.7122398329500639e-06
92.11,174.11681413502848,1.708584713901946e-06
92.12,174.156880690636,1.704938247001185e-06
92.13,174.19694712239524,1.7013004097595188e-06
92.14,174.2370134303069,1.6976711797523463e-06
92.15,174.27707961437133,1.694050534618547e-06
92.16,174.31714567458934,1.6904384520602434e-06
92.17,174.3572116109614,1.686834909842657e-06
92.18,174.3972774234881,1.6832398857938846e-06
92.19,174.43734311216994,1.6796533578047345e-06
92.2,174.47740867700762,1.6760753038284827e-06
92.21000000000001,174.5174741180017,1.6725057018807357e-06
92.22,174.55753943515262,1.6689445300392312e-06
92.23,174.5976046284611,1.6653917664436038e-06
92.24,174.6376696979277,1.6618473892952538e-06
92.25,174.67773464355284,1.6583113768571305e-06
92.26,174.7177994653373,1.6547837074535295e-06
92.27,174.7578641632815,1.6512643594699391e-06
92.28,174.79792873738612,1.64775331135283e-06
92.29,174.83799318765165,1.6442505416094823e-06
92.3,174.87805751407873,1.6407560288077812e-06
92.31,174.9181217166679,1.637269751576054e-06
92.32000000000002,174.95818579541978,1.6337916886028755e-06
92.33,174.99824975033485,1.6303218186368864e-06
92.34,175.03831358141377,1.6268601204866007e-06
92.35000000000001,175.07837728865712,1.6234065730202356e-06
92.36,175.11844087206538,1.6199611551655343e-06
92.37,175.15850433163925,1.616523845909557e-06
92.38,175.1985676673792,1.6130946242985372e-06
92.39,175.2386308792858,1.6096734694376736e-06
92.4,175.2786939673597,1.6062603604909633e-06
92.41,175.31875693160148,1.6028552766810044e-06
92.42,175.3588197720116,1.5994581972888664e-06
92.43,175.39888248859074,1.5960691016538452e-06
92.44,175.43894508133945,1.5926879691733378e-06
92.45,175.47900755025833,1.5893147793026344e-06
92.46000000000001,175.51906989534783,1.5859495115547783e-06
92.47,175.55913211660868,1.582592145500338e-06
92.48,175.59919421404138,1.5792426607672844e-06
92.49,175.6392561876465,1.5759010370407784e-06
92.5,175.67931803742462,1.5725672540630303e-06
92.51,175.71937976337637,1.5692412916330844e-06
92.52,175.75944136550225,1.5659231296066923e-06
92.53,175.79950284380283,1.5626127478961164e-06
92.54,175.8395641982788,1.5593101264699395e-06
92.55,175.87962542893055,1.5560152453529528e-06
92.56,175.91968653575879,1.5527280846259146e-06
92.57000000000002,175.95974751876406,1.5494486244254318e-06
92.58,175.99980837794692,1.5461768449437677e-06
92.59,176.03986911330793,1.5429127264286788e-06
92.60000000000001,176.07992972484774,1.5396562491832484e-06
92.61,176.11999021256682,1.5364073935657181e-06
92.62,176.16005057646586,1.533166139989307e-06
92.63,176.2001108165453,1.5299324689220845e-06
92.64,176.24017093280582,1.5267063608867481e-06
92.65,176.28023092524796,1.5234877964605023e-06
92.66,176.32029079387232,1.520276756274882e-06
92.67,176.36035053867943,1.517073221015575e-06
92.68,176.40041015966983,1.5138771714222778e-06
92.69,176.4404696568442,1.5106885882885137e-06
92.7,176.480529030203,1.5075074524614844e-06
92.71000000000001,176.5205882797469,1.504333744841899e-06
92.72,176.56064740547646,1.5011674463838135e-06
92.73,176.60070640739218,1.4980085380944852e-06
92.74,176.64076528549472,1.494857001034179e-06
92.75,176.6808240397846,1.4917128163160428e-06
92.76,176.72088267026245,1.4885759651059153e-06
92.77,176.76094117692878,1.4854464286222036e-06
92.78,176.8009995597842,1.482324188135686e-06
92.79,176.84105781882923,1.4792092249693883e-06
92.8,176.88111595406457,1.4761015204983882e-06
92.81,176.92117396549065,1.4730010561497073e-06
92.82000000000002,176.96123185310813,1.4699078134021064e-06
92.83,177.00128961691755,1.46682177378596e-06
92.84,177.0413472569195,1.4637429188830908e-06
92.85000000000001,177.08140477311454,1.4606712303266092e-06
92.86,177.12146216550326,1.4576066898007712e-06
92.87,177.16151943408624,1.4545492790408142e-06
92.88,177.20157657886398,1.4514989798328127e-06
92.89,177.2416335998372,1.4484557740135094e-06
92.9,177.28169049700634,1.4454196434701835e-06
92.91,177.32174727037201,1.4423905701404851e-06
92.92,177.36180391993486,1.439368536012276e-06
92.93,177.40186044569532,1.4363535231235145e-06
92.94,177.4419168476541,1.4333455135620484e-06
92.95,177.48197312581172,1.4303444894655194e-06
92.96000000000001,177.5220292801687,1.427350433021183e-06
92.97,177.56208531072568,1.4243633264657627e-06
92.98,177.60214121748328,1.4213831520853078e-06
92.99,177.64219700044194,1.4184098922150474e-06
93.0,177.68225265960234,1.4154435292392337e-06
93.01,177.72230819496502,1.4124840455909955e-06
93.02,177.76236360653058,1.4095314237522006e-06
93.03,177.80241889429956,1.4065856462533082e-06
93.04,177.8424740582725,1.403646695673209e-06
93.05,177.88252909845005,1.4007145546390966e-06
93.06,177.92258401483275,1.39778920582631e-06
93.07000000000002,177.96263880742117,1.3948706319582035e-06
93.08,178.00269347621594,1.3919588158059865e-06
93.09,178.04274802121753,1.3890537401885932e-06
93.10000000000001,178.08280244242653,1.3861553879725402e-06
93.11,178.12285673984363,1.3832637420717587e-06
93.12,178.16291091346932,1.3803787854474866e-06
93.13,178.2029649633041,1.3775005011081218e-06
93.14,178.24301888934866,1.3746288721090481e-06
93.15,178.2830726916036,1.371763881552529e-06
93.16,178.32312637006933,1.3689055125875688e-06
93.17,178.3631799247466,1.3660537484097345e-06
93.18,178.40323335563588,1.3632085722610635e-06
93.19,178.4432866627378,1.3603699674298954e-06
93.2,178.48333984605284,1.3575379172507475e-06
93.21000000000001,178.52339290558166,1.354712405104163e-06
93.22,178.56344584132486,1.3518934144165784e-06
93.23,178.6034986532829,1.3490809286602084e-06
93.24,178.64355134145652,1.3462749313528694e-06
93.25,178.68360390584613,1.3434754060578772e-06
93.26,178.72365634645237,1.3406823363838923e-06
93.27,178.7637086632758,1.337895705984794e-06
93.28,178.80376085631704,1.3351154985595337e-06
93.29,178.8438129255766,1.3323416978520242e-06
93.3,178.8838648710551,1.3295742876509742e-06
93.31,178.9239166927531,1.3268132517897767e-06
93.32000000000002,178.96396839067114,1.3240585741463762e-06
93.33,179.00401996480983,1.3213102386431195e-06
93.34,179.04407141516978,1.318568229246631e-06
93.35000000000001,179.08412274175151,1.315832529967698e-06
93.36,179.1241739445556,1.3131031248611111e-06
93.37,179.16422502358262,1.3103799980255495e-06
93.38,179.20427597883315,1.3076631336034519e-06
93.39,179.24432681030777,1.3049525157808704e-06
93.4,179.28437751800712,1.3022481287873579e-06
93.41,179.32442810193163,1.2995499568958421e-06
93.42,179.36447856208196,1.2968579844224739e-06
93.43,179.4045288984587,1.2941721957265102e-06
93.44,179.44457911106238,1.2914925752101987e-06
93.45,179.48462919989362,1.2888191073186295e-06
93.46000000000001,179.52467916495294,1.2861517765396244e-06
93.47,179.56472900624095,1.2834905674035924e-06
93.48,179.60477872375813,1.2808354644834307e-06
93.49,179.64482831750524,1.278186452394354e-06
93.5,179.68487778748272,1.2755435157938212e-06
93.51,179.72492713369115,1.2729066393813761e-06
93.52,179.76497635613114,1.2702758078985278e-06
93.53,179.80502545480329,1.2676510061286307e-06
93.54,179.8450744297081,1.265032218896767e-06
93.55,179.88512328084616,1.2624194310696037e-06
93.56,179.92517200821806,1.2598126275552868e-06
93.57000000000002,179.96522061182444,1.257211793303308e-06
93.58,180.00526909166572,1.254616913304399e-06
93.59,180.04531744774263,1.2520279725903767e-06
93.60000000000001,180.08536568005567,1.2494449562340586e-06
93.61,180.12541378860544,1.246867849349117e-06
93.62,180.16546177339242,1.2442966370899725e-06
93.63,180.20550963441733,1.2417313046516472e-06
93.64,180.24555737168066,1.2391718372696846e-06
93.65,180.28560498518297,1.2366182202199994e-06
93.66,180.32565247492485,1.2340704388187667e-06
93.67,180.36569984090693,1.2315284784223037e-06
93.68,180.4057470831297,1.2289923244269532e-06
93.69,180.44579420159374,1.2264619622689623e-06
93.7,180.4858411962997,1.223937377424361e-06
93.71000000000001,180.52588806724813,1.2214185554088524e-06
93.72,180.56593481443954,1.2189054817776918e-06
93.73,180.60598143787456,1.2163981421255654e-06
93.74,180.6460279375537,1.213896522086487e-06
93.75,180.68607431347766,1.2114006073336593e-06
93.76,180.7261205656469,1.208910383579383e-06
93.77,180.766166694062,1.2064258365749314e-06
93.78,180.80621269872358,1.203946952110426e-06
93.79,180.84625857963226,1.2014737160147295e-06
93.8,180.8863043367885,1.1990061141553444e-06
93.81,180.92634997019294,1.1965441324382742e-06
93.82000000000002,180.96639547984608,1.194087756807936e-06
93.83,181.00644086574863,1.191636973247016e-06
93.84,181.04648612790103,1.1891917677763898e-06
93.85000000000001,181.08653126630395,1.1867521264549865e-06
93.86,181.1265762809579,1.1843180353796913e-06
93.87,181.16662117186345,1.1818894806852221e-06
93.88,181.20666593902126,1.179466448544022e-06
93.89,181.2467105824318,1.177048925166156e-06
93.9,181.28675510209573,1.1746368967991842e-06
93.91,181.32679949801354,1.1722303497280755e-06
93.92,181.36684377018585,1.1698292702750692e-06
93.93,181.40688791861325,1.1674336447995859e-06
93.94,181.44693194329625,1.1650434596981121e-06
93.95,181.48697584423547,1.162658701404086e-06
93.96000000000001,181.52701962143152,1.1602793563877986e-06
93.97,181.56706327488487,1.157905411156282e-06
93.98,181.6071068045962,1.1555368522531915e-06
93.99,181.64715021056605,1.1531736662587133e-06
94.0,181.687193492795,1.1508158397894504e-06
94.01,181.72723665128353,1.1484633594983153e-06
94.02,181.7672796860323,1.1461162120744223e-06
94.03,181.80732259704195,1.1437743842429778e-06
94.04,181.84736538431292,1.1414378627651936e-06
94.05,181.88740804784584,1.139106634438155e-06
94.06,181.92745058764135,1.1367806860947289e-06
94.07000000000002,181.96749300369987,1.1344600046034657e-06
94.08,182.0075352960221,1.1321445768684786e-06
94.09,182.04757746460857,1.1298343898293493e-06
94.10000000000001,182.08761950945987,1.127529430461023e-06
94.11,182.12766143057655,1.1252296857737096e-06
94.12,182.16770322795918,1.1229351428127653e-06
94.13,182.20774490160835,1.1206457886586075e-06
94.14,182.24778645152466,1.1183616104265957e-06
94.15,182.28782787770868,1.116082595266946e-06
94.16,182.3278691801609,1.1138087303646205e-06
94.17,182.36791035888197,1.1115400029392159e-06
94.18,182.40795141387247,1.1092764002448845e-06
94.19,182.44799234513295,1.1070179095702122e-06
94.2,182.48803315266395,1.1047645182381334e-06
94.21000000000001,182.5280738364661,1.102516213605815e-06
94.22,182.56811439653993,1.1002729830645755e-06
94.23,182.60815483288604,1.0980348140397667e-06
94.24,182.64819514550499,1.095801693990686e-06
94.25,182.6882353343974,1.0935736104104707e-06
94.26,182.72827539956376,1.0913505508260094e-06
94.27,182.7683153410047,1.0891325027978267e-06
94.28,182.8083551587208,1.08691945392e-06
94.29,182.84839485271263,1.0847113918200534e-06
94.3,182.8884344229807,1.082508304158874e-06
94.31,182.92847386952565,1.080310178630586e-06
94.32000000000002,182.96851319234807,1.0781170029624837e-06
94.33,183.00855239144846,1.0759287649149179e-06
94.34,183.04859146682745,1.0737454522812085e-06
94.35000000000001,183.08863041848554,1.0715670528875384e-06
94.36,183.1286692464234,1.0693935545928653e-06
94.37,183.16870795064156,1.0672249452888258e-06
94.38,183.2087465311406,1.0650612128996384e-06
94.39,183.24878498792114,1.062902345382008e-06
94.4,183.28882332098365,1.0607483307250384e-06
94.41,183.32886153032877,1.0585991569501213e-06
94.42,183.36889961595702,1.0564548121108658e-06
94.43,183.40893757786907,1.0543152842929791e-06
94.44,183.4489754160654,1.052180561614196e-06
94.45,183.48901313054662,1.0500506322241717e-06
94.46000000000001,183.5290507213133,1.0479254843043972e-06
94.47,183.56908818836607,1.0458051060680937e-06
94.48,183.6091255317054,1.0436894857601425e-06
94.49,183.6491627513319,1.041578611656971e-06
94.5,183.6891998472462,1.0394724720664697e-06
94.51,183.7292368194488,1.0373710553279078e-06
94.52,183.7692736679403,1.035274349811833e-06
94.53,183.8093103927213,1.0331823439199806e-06
94.54,183.84934699379235,1.0310950260851888e-06
94.55,183.88938347115405,1.029012384771302e-06
94.56,183.9294198248069,1.026934408473094e-06
94.57000000000002,183.96945605475153,1.0248610857161552e-06
94.58,184.0094921609885,1.0227924050568288e-06
94.59,184.0495281435184,1.020728355082097e-06
94.60000000000001,184.08956400234177,1.0186689244095197e-06
94.61,184.12959973745922,1.0166141016871188e-06
94.62,184.16963534887134,1.0145638755933077e-06
94.63,184.2096708365786,1.012518234836801e-06
94.64,184.24970620058173,1.0104771681565127e-06
94.65,184.2897414408812,1.008440664321492e-06
94.66,184.32977655747752,1.00640871213082e-06
94.67,184.36981155037137,1.0043813004135242e-06
94.68,184.40984641956334,1.0023584180284913e-06
94.69,184.44988116505397,1.0003400538643907e-06
94.7,184.48991578684374,9.983261968395841e-07
94.71000000000001,184.52995028493342,9.963168359020199e-07
94.72,184.56998465932338,9.94311960029191e-07
94.73,184.6100189100143,9.923115582280012e-07
94.74,184.6500530370068,9.903156195347078e-07
94.75,184.69008704030134,9.883241330148433e-07
94.76,184.73012091989855,9.86337087763103e-07
94.77,184.770154675799,9.843544729032851e-07
94.78,184.81018830800326,9.823762775882e-07
94.79,184.8502218165119,9.804024909995794e-07
94.8,184.8902552013255,9.78433102348002e-07
94.81,184.93028846244462,9.764681008728058e-07
94.82000000000002,184.97032159986986,9.74507475842005e-07
94.83,185.01035461360175,9.72551216552211e-07
94.84,185.05038750364093,9.705993123285451e-07
94.85000000000001,185.09042026998793,9.686517525245612e-07
94.86,185.1304529126433,9.667085265221605e-07
94.87,185.17048543160766,9.647696237315081e-07
94.88,185.21051782688156,9.628350335909567e-07
94.89,185.25055009846554,9.609047455669642e-07
94.9,185.29058224636026,9.589787491540064e-07
94.91,185.33061427056623,9.570570338745067e-07
94.92,185.370646171084,9.55139589278753e-07
94.93,185.41067794791422,9.532264049448028e-07
94.94,185.45070960105744,9.513174704784265e-07
94.95,185.49074113051418,9.494127755130166e-07
94.96000000000001,185.53077253628504,9.475123097095029e-07
94.97,185.57080381837065,9.45616062756283e-07
94.98,185.6108349767715,9.437240243691371e-07
94.99,185.6508660114882,9.418361842911535e-07
95.0,185.69089692252132,9.399525322926463e-07
95.01,185.73092770987142,9.380730581710791e-07
95.02,185.77095837353912,9.36197751750989e-07
95.03,185.810988913525,9.343266028839031e-07
95.04,185.8510193298295,9.324596014482738e-07
95.05,185.89104962245338,9.305967373493786e-07
95.06,185.93107979139708,9.287380005192713e-07
95.07000000000002,185.97110983666118,9.268833809166822e-07
95.08,186.01113975824637,9.250328685269506e-07
95.09,186.05116955615307,9.231864533619551e-07
95.10000000000001,186.0911992303819,9.213441254600257e-07
95.11,186.13122878093355,9.195058748858684e-07
95.12,186.17125820780842,9.176716917305077e-07
95.13,186.21128751100724,9.158415661111843e-07
95.14,186.25131669053044,9.14015488171304e-07
95.15,186.2913457463787,9.121934480803434e-07
95.16,186.3313746785525,9.103754360337952e-07
95.17,186.37140348705253,9.08561442253069e-07
95.18,186.41143217187926,9.06751456985444e-07
95.19,186.45146073303334,9.049454705039713e-07
95.2,186.49148917051525,9.03143473107423e-07
95.21000000000001,186.5315174843257,9.013454551201907e-07
95.22,186.57154567446509,8.995514068922448e-07
95.23,186.61157374093412,8.97761318799034e-07
95.24,186.65160168373333,8.959751812414238e-07
95.25,186.69162950286335,8.941929846456249e-07
95.26,186.7316571983246,8.924147194631274e-07
95.27,186.77168477011784,8.906403761706017e-07
95.28,186.81171221824349,8.88869945269866e-07
95.29,186.85173954270218,8.871034172877799e-07
95.3,186.8917667434945,8.853407827761924e-07
95.31,186.93179382062104,8.835820323118599e-07
95.32000000000002,186.9718207740823,8.818271564963898e-07
95.33,187.01184760387892,8.80076145956151e-07
95.34,187.05187431001144,8.78328991342217e-07
95.35000000000001,187.09190089248042,8.765856833302925e-07
95.36,187.13192735128652,8.748462126206352e-07
95.37,187.17195368643021,8.73110569937997e-07
95.38,187.21197989791207,8.713787460315533e-07
95.39,187.25200598573275,8.69650731674819e-07
95.4,187.2920319498928,8.679265176655974e-07
95.41,187.33205779039272,8.662060948259039e-07
95.42,187.37208350723316,8.644894540018927e-07
95.43,187.41210910041463,8.627765860637965e-07
95.44,187.45213456993775,8.610674819058504e-07
95.45,187.4921599158031,8.593621324462252e-07
95.46000000000001,187.53218513801124,8.576605286269641e-07
95.47,187.57221023656274,8.559626614139103e-07
95.48,187.6122352114582,8.542685217966436e-07
95.49,187.65226006269813,8.52578100788405e-07
95.5,187.6922847902831,8.508913894260397e-07
95.51,187.73230939421376,8.492083787699216e-07
95.52,187.7723338744907,8.475290599038848e-07
95.53,187.8123582311144,8.458534239351745e-07
95.54,187.85238246408545,8.441814619943572e-07
95.55,187.8924065734044,8.425131652352726e-07
95.56,187.93243055907197,8.408485248349498e-07
95.57000000000002,187.97245442108854,8.391875319935657e-07
95.58,188.01247815945484,8.37530177934351e-07
95.59,188.05250177417133,8.358764539035542e-07
95.60000000000001,188.0925252652387,8.342263511703474e-07
95.61,188.13254863265735,8.325798610267886e-07
95.62,188.172571876428,8.309369747877321e-07
95.63,188.2125949965512,8.292976837907812e-07
95.64,188.25261799302746,8.276619793962184e-07
95.65,188.29264086585744,8.260298529869387e-07
95.66,188.33266361504164,8.244012959683896e-07
95.67,188.37268624058063,8.227762997685067e-07
95.68,188.41270874247508,8.211548558376397e-07
95.69,188.45273112072542,8.195369556485109e-07
95.7,188.49275337533237,8.179225906961264e-07
95.71000000000001,188.53277550629642,8.163117524977369e-07
95.72,188.57279751361813,8.14704432592756e-07
95.73,188.6128193972981,8.131006225427082e-07
95.74000000000001,188.65284115733687,8.115003139311644e-07
95.75,188.69286279373512,8.099034983636689e-07
95.76,188.73288430649328,8.083101674677019e-07
95.77,188.772905695612,8.06720312892593e-07
95.78,188.81292696109185,8.051339263094684e-07
95.79,188.85294810293342,8.035509994111919e-07
95.8,188.89296912113724,8.019715239123054e-07
95.81,188.9329900157039,8.003954915489581e-07
95.82000000000002,188.97301078663395,7.988228940788544e-07
95.83,189.013031433928,7.97253723281187e-07
95.84,189.05305195758666,7.956879709565803e-07
95.85000000000001,189.09307235761037,7.941256289270369e-07
95.86,189.13309263399987,7.925666890358536e-07
95.87,189.1731127867556,7.910111431475902e-07
95.88,189.2131328158782,7.894589831479907e-07
95.89,189.2531527213682,7.879102009439317e-07
95.9,189.2931725032262,7.863647884633574e-07
95.91,189.3331921614528,7.848227376552275e-07
95.92,189.37321169604851,7.832840404894514e-07
95.93,189.41323110701393,7.817486889568315e-07
95.94,189.45325039434968,7.802166750690047e-07
95.95,189.49326955805628,7.78687990858385e-07
95.96000000000001,189.53328859813433,7.771626283781024e-07
95.97,189.57330751458437,7.756405797019489e-07
95.98,189.613326307407,7.74121836924313e-07
95.99000000000001,189.6533449766027,7.726063921601305e-07
96.0,189.69336352217226,7.710942375448144e-07
96.01,189.73338194411602,7.695853652342204e-07
96.02,189.77340024243472,7.680797674045564e-07
96.03,189.81341841712882,7.665774362523601e-07
96.04,189.8534364681989,7.650783639944143e-07
96.05,189.89345439564568,7.635825428676997e-07
96.06,189.93347219946952,7.620899651293526e-07
96.07000000000002,189.97348987967115,7.606006230565806e-07
96.08,190.01350743625105,7.591145089466291e-07
96.09,190.05352486920987,7.57631615116712e-07
96.10000000000001,190.09354217854815,7.561519339039656e-07
96.11,190.13355936426643,7.546754576653829e-07
96.12,190.17357642636532,7.532021787777682e-07
96.13,190.21359336484537,7.517320896376691e-07
96.14,190.2536101797072,7.502651826613314e-07
96.15,190.29362687095133,7.488014502846424e-07
96.16,190.33364343857835,7.473408849630734e-07
96.17,190.3736598825888,7.458834791716222e-07
96.18,190.41367620298337,7.444292254047637e-07
96.19,190.4536923997625,7.429781161763959e-07
96.2,190.49370847292678,7.415301440197797e-07
96.21000000000001,190.53372442247687,7.400853014874889e-07
96.22,190.5737402484133,7.386435811513546e-07
96.23,190.6137559507366,7.372049756024139e-07
96.24000000000001,190.65377152944734,7.357694774508539e-07
96.25,190.6937869845462,7.343370793259558e-07
96.26,190.7338023160336,7.329077738760486e-07
96.27,190.77381752391025,7.314815537684476e-07
96.28,190.81383260817665,7.300584116894086e-07
96.29,190.85384756883337,7.286383403440699e-07
96.3,190.89386240588104,7.272213324563979e-07
96.31,190.93387711932016,7.258073807691461e-07
96.32000000000002,190.97389170915136,7.24396478043787e-07
96.33,191.01390617537515,7.229886170604716e-07
96.34,191.05392051799217,7.215837906179715e-07
96.35000000000001,191.093934737003,7.201819915336247e-07
96.36,191.13394883240812,7.187832126432975e-07
96.37,191.17396280420817,7.173874468013121e-07
96.38,191.2139766524037,7.159946868804124e-07
96.39,191.25399037699532,7.146049257717022e-07
96.4,191.29400397798355,7.132181563846019e-07
96.41,191.33401745536904,7.118343716467895e-07
96.42,191.37403080915226,7.104535645041577e-07
96.43,191.4140440393339,7.090757279207543e-07
96.44,191.45405714591442,7.077008548787425e-07
96.45,191.4940701288944,7.06328938378342e-07
96.46000000000001,191.53408298827455,7.049599714377765e-07
96.47,191.5740957240553,7.035939470932341e-07
96.48,191.61410833623728,7.022308583988108e-07
96.49000000000001,191.654120824821,7.008706984264621e-07
96.5,191.69413318980716,6.995134602659458e-07
96.51,191.73414543119623,6.981591370247898e-07
96.52,191.7741575489888,6.968077218282229e-07
96.53,191.81416954318544,6.954592078191419e-07
96.54,191.8541814137868,6.941135881580497e-07
96.55,191.89419316079335,6.927708560230164e-07
96.56,191.93420478420566,6.914310046096273e-07
96.57000000000002,191.97421628402435,6.900940271309274e-07
96.58,192.01422766025004,6.887599168173818e-07
96.59,192.05423891288325,6.874286669168253e-07
96.60000000000001,192.0942500419245,6.86100270694414e-07
96.61,192.13426104737445,6.847747214325738e-07
96.62,192.1742719292336,6.834520124309563e-07
96.63,192.21428268750262,6.821321370063893e-07
96.64,192.254293322182,6.808150884928296e-07
96.65,192.29430383327232,6.795008602413178e-07
96.66,192.33431422077413,6.781894456199266e-07
96.67,192.3743244846881,6.768808380137142e-07
96.68,192.4143346250147,6.755750308246824e-07
96.69,192.45434464175463,6.742720174717213e-07
96.7,192.4943545349083,6.729717913905743e-07
96.71000000000001,192.53436430447638,6.716743460337775e-07
96.72,192.57437395045943,6.703796748706232e-07
96.73,192.61438347285798,6.690877713871107e-07
96.74000000000001,192.65439287167266,6.677986290858983e-07
96.75,192.69440214690405,6.665122414862589e-07
96.76,192.73441129855266,6.652286021240347e-07
96.77,192.7744203266191,6.639477045515907e-07
96.78,192.81442923110396,6.626695423377649e-07
96.79,192.85443801200776,6.613941090678331e-07
96.8,192.89444666933113,6.601213983434527e-07
96.81,192.93445520307458,6.588514037826224e-07
96.82000000000002,192.97446361323875,6.57584119019636e-07
96.83,193.01447189982417,6.563195377050389e-07
96.84,193.05448006283143,6.550576535055822e-07
96.85000000000001,193.09448810226112,6.537984601041746e-07
96.86,193.13449601811374,6.525419511998473e-07
96.87,193.17450381038998,6.512881205076946e-07
96.88,193.21451147909028,6.500369617588495e-07
96.89,193.25451902421534,6.487884687004155e-07
96.9,193.2945264457656,6.475426350954468e-07
96.91,193.33453374374176,6.462994547228831e-07
96.92,193.37454091814425,6.450589213775242e-07
96.93,193.41454796897378,6.438210288699677e-07
96.94,193.45455489623095,6.425857710265812e-07
96.95,193.49456169991612,6.413531416894585e-07
96.96000000000001,193.53456838003007,6.401231347163573e-07
96.97,193.57457493657327,6.388957439806807e-07
96.98,193.6145813695463,6.376709633714181e-07
96.99000000000001,193.65458767894978,6.36448786793106e-07
97.0,193.6945938647843,6.352292081657865e-07
97.01,193.73459992705034,6.34012221424972e-07
97.02,193.7746058657485,6.327978205215839e-07
97.03,193.81461168087938,6.315859994219279e-07
97.04,193.85461737244358,6.303767521076423e-07
97.05,193.89462294044165,6.291700725756601e-07
97.06,193.9346283848741,6.279659548381684e-07
97.07000000000002,193.97463370574155,6.267643929225566e-07
97.08,194.0146389030446,6.255653808713871e-07
97.09,194.05464397678378,6.243689127423464e-07
97.10000000000001,194.0946489269597,6.231749826082058e-07
97.11,194.13465375357288,6.219835845567786e-07
97.12,194.174658456624,6.207947126908786e-07
97.13,194.21466303611345,6.196083611282866e-07
97.14,194.25466749204202,6.184245240016908e-07
97.15,194.29467182441007,6.172431954586715e-07
97.16,194.33467603321833,6.160643696616338e-07
97.17,194.37468011846732,6.148880407877886e-07
97.18,194.4146840801576,6.137142030291006e-07
97.19,194.45468791828978,6.125428505922471e-07
97.2,194.49469163286432,6.113739776985876e-07
97.21000000000001,194.53469522388193,6.102075785841102e-07
97.22,194.57469869134317,6.090436474993995e-07
97.23,194.6147020352485,6.078821787096002e-07
97.24000000000001,194.6547052555986,6.067231664943676e-07
97.25,194.694708352394,6.055666051478323e-07
97.26,194.73471132563526,6.044124889785649e-07
97.27,194.774714175323,6.032608123095275e-07
97.28,194.81471690145779,6.021115694780423e-07
97.29,194.8547195040401,6.009647548357512e-07
97.3,194.89472198307064,5.998203627485678e-07
97.31,194.9347243385499,5.986783875966532e-07
97.32000000000002,194.97472657047845,5.975388237743652e-07
97.33,195.01472867885695,5.964016656902211e-07
97.34,195.05473066368586,5.952669077668667e-07
97.35000000000001,195.0947325249658,5.941345444410292e-07
97.36,195.13473426269735,5.930045701634815e-07
97.37,195.17473587688107,5.918769793990049e-07
97.38,195.21473736751756,5.90751766626349e-07
97.39,195.25473873460734,5.896289263381988e-07
97.4,195.29473997815103,5.885084530411269e-07
97.41,195.3347410981492,5.873903412555633e-07
97.42,195.37474209460237,5.862745855157597e-07
97.43,195.41474296751116,5.851611803697403e-07
97.44,195.45474371687615,5.840501203792771e-07
97.45,195.49474434269786,5.829414001198442e-07
97.46000000000001,195.53474484497696,5.818350141805824e-07
97.47,195.5747452237139,5.807309571642669e-07
97.48,195.6147454789093,5.796292236872624e-07
97.49000000000001,195.6547456105638,5.785298083794879e-07
97.5,195.69474561867787,5.774327058843865e-07
97.51,195.73474550325219,5.763379108588791e-07
97.52,195.77474526428722,5.752454179733356e-07
97.53,195.81474490178357,5.741552219115316e-07
97.54,195.85474441574186,5.730673173706169e-07
97.55,195.89474380616258,5.719816990610787e-07
97.56,195.93474307304638,5.708983617066984e-07
97.57000000000002,195.97474221639382,5.698173000445267e-07
97.58,196.01474123620545,5.6873850882484e-07
97.59,196.05474013248187,5.676619828111058e-07
97.60000000000001,196.09473890522358,5.66587716779948e-07
97.61,196.13473755443118,5.655157055211104e-07
97.62,196.1747360801053,5.644459438374179e-07
97.63,196.2147344822465,5.633784265447486e-07
97.64,196.2547327608553,5.623131484719922e-07
97.65,196.29473091593235,5.61250104461014e-07
97.66,196.33472894747808,5.601892893666282e-07
97.67,196.37472685549324,5.591306980565484e-07
97.68,196.41472463997823,5.580743254113678e-07
97.69,196.45472230093375,5.570201663245111e-07
97.7,196.4947198383604,5.559682157022093e-07
97.71000000000001,196.5347172522586,5.549184684634642e-07
97.72,196.574714542629,5.538709195400035e-07
97.73,196.6147117094722,5.528255638762613e-07
97.74000000000001,196.6547087527888,5.517823964293288e-07
97.75,196.69470567257926,5.507414121689364e-07
97.76,196.7347024688443,5.497026060774006e-07
97.77,196.7746991415843,5.486659731496086e-07
97.78,196.81469569080002,5.476315083929692e-07
97.79,196.8546921164919,5.465992068273883e-07
97.8,196.8946884186606,5.455690634852287e-07
97.81,196.9346845973066,5.445410734112835e-07
97.82000000000002,196.97468065243055,5.435152316627354e-07
97.83,197.01467658403308,5.424915333091258e-07
97.84,197.05467239211458,5.414699734323275e-07
97.85000000000001,197.0946680766758,5.404505471264974e-07
97.86,197.13466363771718,5.39433249498058e-07
97.87,197.17465907523942,5.38418075665653e-07
97.88,197.21465438924295,5.374050207601248e-07
97.89,197.25464957972844,5.363940799244692e-07
97.9,197.2946446466964,5.353852483138149e-07
97.91,197.33463959014753,5.343785210953798e-07
97.92,197.37463441008225,5.333738934484489e-07
97.93,197.41462910650117,5.323713605643322e-07
97.94,197.45462367940496,5.313709176463364e-07
97.95,197.494618128794,5.303725599097391e-07
97.96000000000001,197.5346124546691,5.293762825817379e-07
97.97,197.5746066570307,5.283820809014395e-07
97.98,197.61460073587932,5.273899501198197e-07
97.99000000000001,197.6545946912156,5.263998854996816e-07
98.0,197.69458852304015,5.254118823156389e-07
98.01,197.73458223135344,5.244259358540746e-07
98.02,197.77457581615616,5.234420414131113e-07
98.03,197.81456927744884,5.224601943025827e-07
98.04,197.854562615232,5.214803898439979e-07
98.05,197.89455582950623,5.205026233705135e-07
98.06,197.93454892027216,5.195268902268957e-07
98.07000000000002,197.9745418875303,5.185531857695e-07
98.08,198.01453473128126,5.175815053662283e-07
98.09,198.0545274515256,5.166118443965073e-07
98.10000000000001,198.0945200482639,5.1564419825125e-07
98.11,198.13451252149667,5.146785623328315e-07
98.12,198.17450487122454,5.137149320550526e-07
98.13,198.2144970974481,5.127533028431119e-07
98.14,198.2544892001679,5.117936701335733e-07
98.15,198.29448117938455,5.108360293743408e-07
98.16,198.33447303509848,5.098803760246216e-07
98.17,198.37446476731046,5.089267055548943e-07
98.18,198.41445637602095,5.0797501344689e-07
98.19,198.45444786123048,5.070252951935493e-07
98.2,198.49443922293975,5.060775462989987e-07
98.21000000000001,198.53443046114924,5.051317622785187e-07
98.22,198.57442157585956,5.041879386585159e-07
98.23,198.6144125670712,5.032460709764919e-07
98.24000000000001,198.65440343478485,5.023061547810115e-07
98.25,198.69439417900105,5.013681856316744e-07
98.26,198.7343847997203,5.004321590990902e-07
98.27,198.77437529694322,4.994980707648401e-07
98.28,198.81436567067047,4.985659162214517e-07
98.29,198.8543559209025,4.97635691072377e-07
98.3,198.89434604763989,4.967073909319487e-07
98.31,198.93433605088322,4.957810114253636e-07
98.32000000000002,198.9743259306331,4.948565481886432e-07
98.33,199.01431568689014,4.939339968686132e-07
98.34,199.05430531965484,4.930133531228738e-07
98.35000000000001,199.0942948289278,4.920946126197633e-07
98.36,199.13428421470957,4.911777710383381e-07
98.37,199.17427347700072,4.902628240683389e-07
98.38,199.21426261580189,4.893497674101624e-07
98.39,199.2542516311135,4.884385967748394e-07
98.4,199.29424052293632,4.875293078839911e-07
98.41,199.3342292912708,4.866218964698206e-07
98.42,199.37421793611753,4.857163582750682e-07
98.43,199.41420645747704,4.848126890529949e-07
98.44,199.45419485535,4.839108845673423e-07
98.45,199.4941831297369,4.830109405923172e-07
98.46000000000001,199.53417128063836,4.821128529125561e-07
98.47,199.57415930805493,4.812166173230967e-07
98.48,199.61414721198724,4.803222296293547e-07
98.49000000000001,199.65413499243576,4.794296856470958e-07
98.5,199.6941226494011,4.785389812024018e-07
98.51,199.73411018288388,4.776501121316502e-07
98.52,199.7740975928846,4.767630742814832e-07
98.53,199.81408487940388,4.75877863508782e-07
98.54,199.8540720424423,4.7499447568063483e-07
98.55,199.89405908200038,4.7411290667432066e-07
98.56,199.93404599807872,4.7323315237726695e-07
98.57000000000002,199.9740327906779,4.7235520868703537e-07
98.58,200.01401945979853,4.7147907151128735e-07
98.59,200.05400600544112,4.7060473676776296e-07
98.60000000000001,200.09399242760628,4.6973220038424707e-07
98.61,200.1339787262945,4.688614582985516e-07
98.62,200.17396490150645,4.679925064584752e-07
98.63,200.21395095324266,4.6712534082179355e-07
98.64,200.25393688150373,4.662599573562188e-07
98.65,200.29392268629016,4.653963520393827e-07
98.66,200.33390836760262,4.645345208588023e-07
98.67,200.3738939254416,4.6367445981186043e-07
98.68,200.41387935980777,4.6281616490577343e-07
98.69,200.4538646707016,4.6195963215757225e-07
98.7,200.49384985812367,4.611048575940706e-07
98.71000000000001,200.53383492207456,4.602518372518397e-07
98.72,200.57381986255493,4.5940056717718165e-07
98.73,200.61380467956533,4.585510434261069e-07
98.74000000000001,200.65378937310618,4.577032620643114e-07
98.75,200.69377394317823,4.568572191671383e-07
98.76,200.7337583897819,4.5601291081956487e-07
98.77,200.77374271291794,4.551703331161702e-07
98.78,200.8137269125868,4.5432948216111323e-07
98.79,200.85371098878906,4.5349035406810593e-07
98.8,200.8936949415253,4.5265294496038867e-07
98.81,200.93367877079612,4.518172509707004e-07
98.82000000000002,200.9736624766021,4.509832682412613e-07
98.83,201.01364605894375,4.501509929237428e-07
98.84,201.05362951782163,4.49320421179243e-07
98.85000000000001,201.09361285323646,4.4849154917826033e-07
98.86,201.13359606518864,4.476643731006738e-07
98.87,201.17357915367884,4.4683888913571166e-07
98.88,201.21356211870756,4.4601509348193295e-07
98.89,201.2535449602755,4.451929823471932e-07
98.9,201.29352767838307,4.443725519486347e-07
98.91,201.33351027303092,4.4355379851264714e-07
98.92,201.37349274421967,4.4273671827485114e-07
98.93,201.4134750919498,4.41921307480073e-07
98.94,201.45345731622197,4.4110756238231775e-07
98.95,201.49343941703668,4.402954792447477e-07
98.96000000000001,201.53342139439454,4.39485054339657e-07
98.97,201.5734032482961,4.38676283948447e-07
98.98,201.61338497874195,4.378691643616026e-07
98.99000000000001,201.65336658573264,4.3706369187866885e-07
99.0,201.69334806926878,4.362598628082271e-07
99.01,201.7333294293509,4.354576734678685e-07
99.02,201.7733106659796,4.34657120184174e-07
99.03,201.81329177915543,4.338581992926895e-07
99.04,201.85327276887898,4.3306090713789876e-07
99.05,201.89325363515084,4.322652400732054e-07
99.06,201.93323437797153,4.3147119446090507e-07
99.07000000000002,201.97321499734164,4.3067876667216417e-07
99.08,202.01319549326172,4.298879530869959e-07
99.09,202.05317586573244,4.2909875009423365e-07
99.10000000000001,202.0931561147543,4.2831115409151615e-07
99.11,202.13313624032781,4.2752516148525595e-07
99.12,202.17311624245366,4.2674076869061863e-07
99.13,202.21309612113237,4.259579721315019e-07
99.14,202.25307587636448,4.2517676824051175e-07
99.15,202.2930555081506,4.243971534589367e-07
99.16,202.33303501649132,4.2361912423672784e-07
99.17,202.37301440138717,4.2284267703247616e-07
99.18,202.41299366283874,4.2206780831338854e-07
99.19,202.45297280084662,4.212945145552645e-07
99.2,202.4929518154113,4.2052279224247766e-07
99.21000000000001,202.53293070653345,4.197526378679446e-07
99.22,202.57290947421362,4.1898404793311286e-07
99.23,202.61288811845236,4.1821701894793054e-07
99.24000000000001,202.65286663925025,4.1745154743082824e-07
99.25,202.69284503660785,4.166876299086964e-07
99.26,202.73282331052576,4.159252629168596e-07
99.27,202.77280146100452,4.151644429990579e-07
99.28,202.81277948804467,4.144051667074255e-07
99.29,202.8527573916469,4.136474306024624e-07
99.3,202.8927351718117,4.12891231253022e-07
99.31,202.9327128285396,4.1213656523628235e-07
99.32000000000002,202.9726903618312,4.1138342913772377e-07
99.33,203.0126677716872,4.106318195511109e-07
99.34,203.05264505810797,4.098817330784718e-07
99.35000000000001,203.09262222109425,4.091331663300693e-07
99.36,203.1325992606465,4.0838611592438803e-07
99.37,203.17257617676535,4.076405784881044e-07
99.38,203.21255296945128,4.068965506560761e-07
99.39,203.25252963870503,4.0615402907130527e-07
99.4,203.29250618452704,4.054130103849339e-07
99.41,203.3324826069179,4.046734912562108e-07
99.42,203.3724589058782,4.0393546835247357e-07
99.43,203.41243508140855,4.031989383491285e-07
99.44,203.45241113350943,4.024638979296308e-07
99.45,203.4923870621815,4.0173034378545763e-07
99.46000000000001,203.53236286742526,4.009982726160959e-07
99.47,203.57233854924135,4.00267681129012e-07
99.48,203.61231410763028,3.995385660396384e-07
99.49000000000001,203.65228954259268,3.988109240713477e-07
99.5,203.69226485412906,3.9808475195543633e-07
99.51,203.73224004224005,3.973600464310978e-07
99.52,203.7722151069262,3.9663680424540867e-07
99.53,203.81219004818806,3.959150221533045e-07
99.54,203.85216486602621,3.9519469691755963e-07
99.55,203.89213956044122,3.944758253087654e-07
99.56,203.93211413143374,3.9375840410531196e-07
99.57000000000002,203.97208857900424,3.9304243009336834e-07
99.58,204.0120629031533,3.9232790006685946e-07
99.59,204.0520371038815,3.916148108274481e-07
99.60000000000001,204.09201118118946,3.909031591845124e-07
99.61,204.1319851350777,3.9019294195512907e-07
99.62,204.17195896554682,3.894841559640504e-07
99.63,204.21193267259738,3.8877679804368445e-07
99.64,204.25190625622994,3.880708650340785e-07
99.65,204.29187971644512,3.8736635378289314e-07
99.66,204.33185305324344,3.866632611453893e-07
99.67,204.3718262666255,3.8596158398440075e-07
99.68,204.4117993565919,3.8526131917032246e-07
99.69,204.45177232314313,3.8456246358108523e-07
99.7,204.49174516627977,3.8386501410213886e-07
99.71000000000001,204.53171788600244,3.8316896762642895e-07
99.72,204.57169048231174,3.8247432105438196e-07
99.73,204.61166295520815,3.817810712938841e-07
99.74000000000001,204.6516353046923,3.810892152602591e-07
99.75,204.69160753076477,3.8039874987625374e-07
99.76,204.73157963342612,3.797096720720148e-07
99.77,204.7715516126769,3.7902197878507216e-07
99.78,204.81152346851766,3.7833566696031607e-07
99.79,204.85149520094905,3.77650733549983e-07
99.8,204.8914668099716,3.7696717551363177e-07
99.81,204.93143829558588,3.762849898181294e-07
99.82000000000002,204.97140965779244,3.756041734376268e-07
99.83,205.0113808965919,3.7492472335354245e-07
99.84,205.05135201198476,3.7424663655454673e-07
99.85000000000001,205.0913230039717,3.7356991003653456e-07
99.86,205.13129387255316,3.7289454080261777e-07
99.87,205.17126461772978,3.722205258630968e-07
99.88,205.2112352395022,3.7154786223544423e-07
99.89,205.25120573787086,3.7087654694429294e-07
99.9,205.29117611283644,3.702065770214077e-07
99.91,205.33114636439944,3.6953794950567315e-07
99.92,205.37111649256047,3.6887066144307347e-07
99.93,205.41108649732007,3.682047098866731e-07
99.94,205.45105637867886,3.675400918965994e-07
99.95,205.49102613663737,3.66876804540025e-07
99.96000000000001,205.53099577119613,3.6621484489114784e-07
99.97,205.57096528235581,3.655542100311729e-07
99.98,205.610934670117,3.648948970482955e-07
99.99000000000001,205.65090393448008,3.6423690303768563e-07
100.0,205.6908730754458,3.635802251014616e-07
100.01,205.73084209301473,3.6292486034867934e-07
100.02,205.77081098718733,3.6227080589531577e-07
100.03,205.81077975796424,3.6161805886424246e-07
100.04,205.85074840534605,3.609666163852149e-07
100.05,205.8907169293333,3.603164755948533e-07
100.06,205.93068532992655,3.5966763363662417e-07
100.07000000000002,205.97065360712645,3.5902008766082026e-07
100.08,206.01062176093342,3.583738348245497e-07
100.09,206.05058979134816,3.5772887229170777e-07
100.10000000000001,206.09055769837124,3.570851972329705e-07
100.11,206.13052548200312,3.5644280682577125e-07
100.12,206.1704931422445,3.558016982542819e-07
100.13,206.21046067909592,3.5516186870939953e-07
100.14,206.25042809255788,3.5452331538872685e-07
100.15,206.290395382631,3.5388603549655567e-07
100.16,206.33036254931582,3.5325002624384867e-07
100.17,206.37032959261302,3.526152848482209e-07
100.18,206.41029651252308,3.519818085339274e-07
100.19,206.45026330904653,3.513495945318427e-07
100.2,206.49022998218402,3.507186400794412e-07
100.21000000000001,206.53019653193613,3.500889424207859e-07
100.22,206.57016295830334,3.49460498806509e-07
100.23,206.61012926128637,3.488333064937895e-07
100.24000000000001,206.65009544088565,3.4820736274634877e-07
100.25,206.6900614971018,3.47582664834421e-07
100.26,206.73002742993538,3.4695921003474336e-07
100.27,206.769993239387,3.463369956305364e-07
100.28,206.8099589254572,3.4571601891148973e-07
100.29,206.84992448814657,3.450962771737447e-07
100.3,206.88988992745567,3.4447776771987464e-07
100.31,206.92985524338505,3.438604878588741e-07
100.32000000000002,206.96982043593533,3.4324443490613593e-07
100.33,207.00978550510706,3.4262960618344096e-07
100.34,207.04975045090077,3.420159990189363e-07
100.35000000000001,207.0897152733171,3.414036107471217e-07
100.36,207.12967997235654,3.407924387088339e-07
100.37,207.16964454801976,3.401824802512276e-07
100.38,207.20960900030727,3.3957373272776166e-07
100.39,207.2495733292197,3.389661934981817e-07
100.4,207.28953753475747,3.3835985992850527e-07
100.41,207.3295016169213,3.3775472939100366e-07
100.42,207.36946557571179,3.3715079926418525e-07
100.43,207.40942941112934,3.3654806693278646e-07
100.44,207.44939312317464,3.359465297877442e-07
100.45,207.48935671184825,3.353461852261902e-07
100.46000000000001,207.52932017715077,3.3474703065142914e-07
100.47,207.56928351908266,3.3414906347292687e-07
100.48,207.60924673764458,3.3355228110628975e-07
100.49000000000001,207.64920983283713,3.3295668097325273e-07
100.5,207.68917280466079,3.3236226050166467e-07
100.51,207.7291356531162,3.317690171254662e-07
100.52,207.7690983782039,3.311769482846829e-07
100.53,207.80906097992448,3.3058605142540167e-07
100.54,207.84902345827854,3.299963239997606e-07
100.55,207.88898581326657,3.294077634659327e-07
100.56,207.92894804488915,3.2882036728810636e-07
100.57000000000002,207.96891015314696,3.282341329364745e-07
100.58,208.00887213804043,3.2764905788721875e-07
100.59,208.04883399957026,3.2706513962249e-07
100.60000000000001,208.08879573773692,3.2648237563039986e-07
100.61,208.12875735254102,3.259007634049988e-07
100.62,208.16871884398319,3.2532030044626347e-07
100.63,208.20868021206385,3.2474098426008544e-07
100.64,208.2486414567837,3.241628123582489e-07
100.65,208.2886025781433,3.2358578225842006e-07
100.66,208.32856357614313,3.230098914841335e-07
100.67,208.36852445078392,3.2243513756476944e-07
100.68,208.4084852020661,3.2186151803555087e-07
100.69,208.4484458299903,3.2128903043751747e-07
100.7,208.4884063345571,3.207176723175165e-07
100.71000000000001,208.52836671576702,3.2014744122818877e-07
100.72,208.56832697362063,3.195783347279487e-07
100.73,208.6082871081186,3.1901035038097323e-07
100.74000000000001,208.6482471192614,3.1844348575718803e-07
100.75,208.68820700704967,3.178777384322509e-07
100.76,208.7281667714839,3.173131059875377e-07
100.77,208.76812641256475,3.1674958601012586e-07
100.78,208.80808593029275,3.1618717609278394e-07
100.79,208.84804532466848,3.1562587383395363e-07
100.8,208.8880045956925,3.1506567683773693e-07
100.81,208.92796374336535,3.145065827138815e-07
100.82000000000002,208.96792276768767,3.1394858907776513e-07
100.83,209.00788166865996,3.1339169355038256e-07
100.84,209.04784044628283,3.1283589375833125e-07
100.85000000000001,209.08779910055688,3.122811873337958e-07
100.86,209.12775763148267,3.11727571914536e-07
100.87,209.1677160390607,3.11175045143871e-07
100.88,209.20767432329163,3.1062360467066376e-07
100.89,209.247632484176,3.100732481493112e-07
100.9,209.28759052171432,3.0952397323972604e-07
100.91,209.32754843590723,3.089757776073246e-07
100.92,209.36750622675535,3.0842865892301066e-07
100.93,209.4074638942591,3.078826148631671e-07
100.94,209.44742143841918,3.073376431096348e-07
100.95,209.48737885923617,3.0679374134970245e-07
100.96000000000001,209.5273361567105,3.062509072760955e-07
100.97,209.56729333084286,3.0570913858695566e-07
100.98,209.60725038163386,3.0516843298583063e-07
100.99000000000001,209.64720730908397,3.04628788181663e-07
101.0,209.68716411319375,3.0409020188877373e-07
101.01,209.72712079396385,3.035526718268451e-07
101.02,209.7670773513948,3.0301619572091544e-07
101.03,209.8070337854872,3.024807713013572e-07
101.04,209.84699009624154,3.019463963038693e-07
101.05,209.88694628365852,3.014130684694591e-07
101.06,209.92690234773863,3.0088078554443373e-07
101.07000000000002,209.96685828848246,3.003495452803826e-07
101.08,210.00681410589058,2.9981934543416447e-07
101.09,210.0467697999635,2.992901837678989e-07
101.10000000000001,210.0867253707019,2.987620580489433e-07
101.11,210.12668081810625,2.9823496604989136e-07
101.12,210.1666361421772,2.977089055485494e-07
101.13,210.20659134291526,2.971838743279301e-07
101.14,210.2465464203211,2.9665987017623486e-07
101.15,210.28650137439516,2.9613689088684593e-07
101.16,210.3264562051381,2.956149342583059e-07
101.17,210.36641091255046,2.950939980943118e-07
101.18,210.4063654966328,2.9457408020369777e-07
101.19,210.44631995738575,2.940551784004226e-07
101.2,210.4862742948098,2.935372905035599e-07
101.21000000000001,210.52622850890555,2.930204143372793e-07
101.22,210.56618259967357,2.9250454773083986e-07
101.23,210.60613656711448,2.9198968851857135e-07
101.24000000000001,210.64609041122876,2.914758345398682e-07
101.25,210.6860441320171,2.909629836391689e-07
101.26,210.72599772947996,2.904511336659494e-07
101.27,210.76595120361793,2.899402824747089e-07
101.28,210.80590455443166,2.894304279249535e-07
101.29,210.84585778192167,2.8892156788118917e-07
101.3,210.8858108860885,2.8841370021290565e-07
101.31,210.92576386693275,2.879068227945644e-07
101.32000000000002,210.965716724455,2.8740093350558654e-07
101.33,211.0056694586558,2.868960302303394e-07
101.34,211.04562206953574,2.86392110858126e-07
101.35000000000001,211.08557455709536,2.8588917328317073e-07
101.36,211.12552692133525,2.8538721540460683e-07
101.37,211.16547916225596,2.8488623512646547e-07
101.38,211.20543127985817,2.8438623035766173e-07
101.39,211.24538327414228,2.8388719901198556e-07
101.4,211.28533514510903,2.8338913900808323e-07
101.41,211.32528689275887,2.8289204826945296e-07
101.42,211.36523851709237,2.8239592472442665e-07
101.43,211.4051900181102,2.8190076630615876e-07
101.44,211.44514139581284,2.814065709526181e-07
101.45,211.48509265020087,2.8091333660657e-07
101.46000000000001,211.52504378127492,2.804210612155682e-07
101.47,211.56499478903552,2.7992974273194177e-07
101.48,211.60494567348323,2.794393791127824e-07
101.49000000000001,211.64489643461866,2.7894996831993274e-07
101.5,211.68484707244232,2.784615083199763e-07
101.51,211.72479758695482,2.779739970842214e-07
101.52,211.76474797815678,2.7748743258869217e-07
101.53,211.8046982460487,2.770018128141186e-07
101.54,211.8446483906311,2.765171357459205e-07
101.55,211.8845984119047,2.7603339937419667e-07
101.56,211.92454830986998,2.7555060169371634e-07
101.57000000000002,211.9644980845275,2.750687407039034e-07
101.58,212.00444773587785,2.745878144088276e-07
101.59,212.0443972639216,2.7410782081719006e-07
101.60000000000001,212.08434666865938,2.736287579423152e-07
101.61,212.12429595009166,2.7315062380213657e-07
101.62,212.16424510821906,2.7267341641918556e-07
101.63,212.20419414304217,2.7219713382058036e-07
101.64,212.2441430545615,2.717217740380147e-07
101.65,212.28409184277768,2.7124733510774605e-07
101.66,212.32404050769125,2.7077381507058305e-07
101.67,212.3639890493028,2.7030121197187674e-07
101.68,212.40393746761288,2.698295238615066e-07
101.69,212.44388576262216,2.6935874879386885e-07
101.7,212.48383393433102,2.68888884827871e-07
101.71000000000001,212.52378198274016,2.684199300269115e-07
101.72,212.56372990785016,2.679518824588739e-07
101.73,212.6036777096615,2.67484740196117e-07
101.74000000000001,212.64362538817485,2.6701850131545855e-07
101.75,212.68357294339074,2.66553163898168e-07
101.76,212.7235203753097,2.6608872602995586e-07
101.77,212.76346768393236,2.656251858009579e-07
101.78,212.8034148692593,2.651625413057285e-07
101.79,212.84336193129104,2.6470079064322956e-07
101.8,212.88330887002815,2.642399319168172e-07
101.81,212.92325568547125,2.6377996323423057e-07
101.82000000000002,212.96320237762092,2.633208827075827e-07
101.83,213.0031489464776,2.6286268845335127e-07
101.84,213.04309539204203,2.624053785923609e-07
101.85000000000001,213.0830417143147,2.619489512497805e-07
101.86,213.12298791329613,2.6149340455510707e-07
101.87,213.16293398898702,2.6103873664215604e-07
101.88,213.20287994138783,2.6058494564905156e-07
101.89,213.24282577049917,2.601320297182156e-07
101.9,213.2827714763216,2.5967998699635544e-07
101.91,213.32271705885574,2.5922881563445496e-07
101.92,213.36266251810213,2.5877851378776245e-07
101.93,213.40260785406127,2.5832907961578285e-07
101.94,213.44255306673386,2.578805112822616e-07
101.95,213.48249815612036,2.574328069551808e-07
101.96000000000001,213.52244312222138,2.5698596480674377e-07
101.97,213.56238796503754,2.5653998301336516e-07
101.98,213.60233268456935,2.5609485975566335e-07
101.99000000000001,213.64227728081735,2.5565059321844733e-07
102.0,213.6822217537822,2.552071815907055e-07
102.01,213.72216610346442,2.5476462306559844e-07
102.02,213.76211032986458,2.5432291584044584e-07
102.03,213.80205443298325,2.538820581167175e-07
102.04,213.84199841282106,2.5344204810002193e-07
102.05,213.88194226937847,2.5300288400009734e-07
102.06,213.92188600265615,2.525645640307998e-07
102.07000000000002,213.96182961265467,2.5212708641009427e-07
102.08,214.00177309937453,2.5169044936004495e-07
102.09,214.04171646281628,2.512546511068033e-07
102.10000000000001,214.08165970298063,2.5081968988059716e-07
102.11,214.12160281986806,2.5038556391572447e-07
102.12,214.16154581347908,2.4995227145054e-07
102.13,214.20148868381438,2.495198107274454e-07
102.14,214.24143143087446,2.490881799928799e-07
102.15,214.2813740546599,2.4865737749731175e-07
102.16,214.32131655517128,2.482274014952242e-07
102.17,214.36125893240919,2.477982502451099e-07
102.18,214.40120118637415,2.473699220094579e-07
102.19,214.44114331706677,2.4694241505474515e-07
102.2,214.48108532448765,2.46515727651426e-07
102.21000000000001,214.52102720863732,2.460898580739235e-07
102.22,214.5609689695163,2.4566480460061815e-07
102.23,214.60091060712526,2.452405655138375e-07
102.24000000000001,214.64085212146466,2.4481713909984966e-07
102.25,214.68079351253522,2.4439452364884823e-07
102.26,214.72073478033738,2.4397271745494885e-07
102.27,214.76067592487178,2.4355171881617376e-07
102.28,214.80061694613894,2.431315260344465e-07
102.29,214.84055784413945,2.42712137415579e-07
102.3,214.88049861887396,2.4229355126926346e-07
102.31,214.9204392703429,2.418757659090635e-07
102.32000000000002,214.9603797985469,2.4145877965240316e-07
102.33,215.0003202034866,2.4104259082055614e-07
102.34,215.0402604851625,2.406271977386406e-07
102.35000000000001,215.08020064357518,2.402125987356054e-07
102.36,215.12014067872516,2.397987921442236e-07
102.37,215.16008059061315,2.393857763010785e-07
102.38,215.20002037923956,2.3897354954656144e-07
102.39,215.23996004460503,2.3856211022485513e-07
102.4,215.27989958671014,2.3815145668392875e-07
102.41,215.3198390055555,2.3774158727552576e-07
102.42,215.3597783011416,2.3733250035515846e-07
102.43,215.39971747346908,2.3692419428209442e-07
102.44,215.43965652253846,2.3651666741934924e-07
102.45,215.47959544835035,2.3610991813367742e-07
102.46000000000001,215.51953425090528,2.3570394479556292e-07
102.47,215.55947293020384,2.3529874577920922e-07
102.48,215.59941148624654,2.3489431946253156e-07
102.49000000000001,215.6393499190341,2.3449066422714502e-07
102.5,215.67928822856695,2.3408777845835985e-07
102.51,215.71922641484574,2.3368566054516759e-07
102.52,215.759164477871,2.3328430888023525e-07
102.53,215.79910241764333,2.3288372185989512e-07
102.54,215.83904023416324,2.3248389788413622e-07
102.55,215.87897792743138,2.3208483535659326e-07
102.56,215.91891549744827,2.316865326845404e-07
102.57000000000002,215.95885294421447,2.3128898827888172e-07
102.58,215.9987902677306,2.3089220055413918e-07
102.59,216.0387274679972,2.30496167928449e-07
102.60000000000001,216.07866454501487,2.3010088882354819e-07
102.61,216.1186014987841,2.2970636166476865e-07
102.62,216.15853832930557,2.293125848810248e-07
102.63,216.19847503657982,2.2891955690480898e-07
102.64,216.23841162060734,2.285272761721815e-07
102.65,216.2783480813888,2.2813574112275814e-07
102.66,216.3182844189247,2.2774495019970677e-07
102.67,216.3582206332157,2.2735490184973474e-07
102.68,216.3981567242622,2.2696559452308295e-07
102.69,216.43809269206497,2.2657702667351406e-07
102.7,216.47802853662444,2.261891967583068e-07
102.71000000000001,216.51796425794126,2.2580210323824483e-07
102.72,216.55789985601595,2.2541574457761134e-07
102.73,216.59783533084914,2.2503011924417634e-07
102.74000000000001,216.63777068244136,2.2464522570919134e-07
102.75,216.67770591079318,2.2426106244737955e-07
102.76,216.71764101590514,2.2387762793692756e-07
102.77,216.75757599777785,2.2349492065947593e-07
102.78,216.7975108564119,2.2311293910011266e-07
102.79,216.83744559180784,2.2273168174736207e-07
102.8,216.8773802039662,2.2235114709318e-07
102.81,216.91731469288766,2.219713336329408e-07
102.82000000000002,216.95724905857264,2.2159223986543387e-07
102.83,216.99718330102183,2.2121386429285062e-07
102.84,217.03711742023572,2.208362054207798e-07
102.85000000000001,217.07705141621497,2.2045926175819576e-07
102.86,217.11698528896005,2.2008303181745538e-07
102.87,217.15691903847159,2.197075141142832e-07
102.88,217.19685266475017,2.1933270716776778e-07
102.89,217.23678616779637,2.1895860950035158e-07
102.9,217.27671954761064,2.1858521963782502e-07
102.91,217.31665280419372,2.1821253610931332e-07
102.92,217.35658593754607,2.1784055744727483e-07
102.93,217.39651894766828,2.1746928218748716e-07
102.94,217.43645183456096,2.170987088690425e-07
102.95,217.47638459822466,2.1672883603433805e-07
102.96000000000001,217.51631723865992,2.163596622290691e-07
102.97,217.55624975586736,2.1599118600221907e-07
102.98,217.5961821498475,2.1562340590605326e-07
102.99000000000001,217.63611442060088,2.1525632049611088e-07
103.0,217.67604656812824,2.1488992833119326e-07
103.01,217.71597859242996,2.145242279733632e-07
103.02,217.7559104935067,2.1415921798792973e-07
103.03,217.795842271359,2.1379489694344418e-07
103.04,217.83577392598747,2.1343126341169023e-07
103.05,217.87570545739266,2.1306831596767894e-07
103.06,217.91563686557512,2.127060531896373e-07
103.07000000000002,217.95556815053544,2.123444736590023e-07
103.08,217.9954993122742,2.1198357596041325e-07
103.09,218.03543035079198,2.116233586817033e-07
103.10000000000001,218.07536126608926,2.1126382041389205e-07
103.11,218.11529205816674,2.1090495975117609e-07
103.12,218.15522272702492,2.1054677529092508e-07
103.13,218.19515327266438,2.1018926563367034e-07
103.14,218.23508369508565,2.098324293830984e-07
103.15,218.27501399428937,2.0947626514604378e-07
103.16,218.31494417027605,2.091207715324804e-07
103.17,218.35487422304635,2.087659471555142e-07
103.18,218.39480415260076,2.084117906313766e-07
103.19,218.4347339589399,2.0805830057941572e-07
103.2,218.47466364206423,2.0770547562208905e-07
103.21000000000001,218.51459320197444,2.0735331438495487e-07
103.22,218.55452263867107,2.0700181549666733e-07
103.23,218.5944519521547,2.066509775889657e-07
103.24000000000001,218.6343811424258,2.0630079929667064e-07
103.25,218.67431020948516,2.0595127925767065e-07
103.26,218.7142391533331,2.056024161129236e-07
103.27,218.7541679739704,2.0525420850643897e-07
103.28,218.79409667139748,2.0490665508527942e-07
103.29,218.83402524561495,2.045597544995482e-07
103.3,218.8739536966234,2.0421350540238208e-07
103.31,218.91388202442337,2.0386790644994622e-07
103.32000000000002,218.95381022901555,2.0352295630142434e-07
103.33,218.99373831040032,2.0317865361901468e-07
103.34,219.03366626857843,2.0283499706791745e-07
103.35000000000001,219.07359410355025,2.024919853163345e-07
103.36,219.11352181531657,2.0214961703545397e-07
103.37,219.1534494038778,2.018078908994507e-07
103.38,219.1933768692346,2.014668055854732e-07
103.39,219.23330421138752,2.0112635977364035e-07
103.4,219.27323143033706,2.0078655214703243e-07
103.41,219.31315852608392,2.004473813916819e-07
103.42,219.35308549862856,2.0010884619657176e-07
103.43,219.3930123479716,1.997709452536226e-07
103.44,219.43293907411356,1.994336772576889e-07
103.45,219.47286567705507,1.990970409065508e-07
103.46000000000001,219.5127921567967,1.9876103490090637e-07
103.47,219.55271851333896,1.9842565794436728e-07
103.48,219.59264474668248,1.9809090874344723e-07
103.49000000000001,219.63257085682784,1.9775678600755895e-07
103.5,219.67249684377555,1.9742328844900602e-07
103.51,219.7124227075262,1.970904147829743e-07
103.52,219.7523484480804,1.967581637275266e-07
103.53,219.79227406543868,1.9642653400359589e-07
103.54,219.8321995596016,1.9609552433497734e-07
103.55,219.8721249305698,1.957651334483206e-07
103.56,219.91205017834375,1.9543536007312646e-07
103.57000000000002,219.9519753029241,1.9510620294173525e-07
103.58,219.9919003043114,1.9477766078932362e-07
103.59,220.03182518250617,1.9444973235389611e-07
103.60000000000001,220.07174993750903,1.9412241637627816e-07
103.61,220.1116745693206,1.9379571160010948e-07
103.62,220.15159907794137,1.9346961677183816e-07
103.63,220.1915234633719,1.9314413064071297e-07
103.64,220.23144772561275,1.9281925195877696e-07
103.65,220.27137186466464,1.9249497948085844e-07
103.66,220.31129588052795,1.9217131196456962e-07
103.67,220.35121977320338,1.918482481702939e-07
103.68,220.39114354269145,1.9152578686118322e-07
103.69,220.4310671889927,1.9120392680314988e-07
103.7,220.47099071210778,1.9088266676485925e-07
103.71000000000001,220.5109141120372,1.9056200551772462e-07
103.72,220.55083738878147,1.902419418359002e-07
103.73,220.59076054234131,1.8992247449627258e-07
103.74000000000001,220.6306835727172,1.89603602278457e-07
103.75,220.67060647990976,1.892853239647886e-07
103.76,220.71052926391945,1.889676383403182e-07
103.77,220.75045192474695,1.8865054419280246e-07
103.78,220.7903744623928,1.8833404031269977e-07
103.79,220.83029687685763,1.8801812549316282e-07
103.8,220.87021916814183,1.877027985300347e-07
103.81,220.91014133624614,1.8738805822183664e-07
103.82000000000002,220.95006338117108,1.8707390336976688e-07
103.83,220.9899853029172,1.867603327776925e-07
103.84,221.02990710148512,1.8644734525214205e-07
103.85000000000001,221.06982877687528,1.8613493960230155e-07
103.86,221.10975032908843,1.858231146400037e-07
103.87,221.14967175812507,1.8551186917972703e-07
103.88,221.1895930639857,1.8520120203858562e-07
103.89,221.229514246671,1.8489111203632423e-07
103.9,221.26943530618138,1.8458159799531175e-07
103.91,221.30935624251765,1.8427265874053333e-07
103.92,221.34927705568015,1.839642930995884e-07
103.93,221.3891977456696,1.8365649990267944e-07
103.94,221.4291183124865,1.833492779826083e-07
103.95,221.46903875613143,1.830426261747704e-07
103.96000000000001,221.50895907660495,1.827365433171464e-07
103.97,221.5488792739077,1.824310282502973e-07
103.98,221.58879934804014,1.8212607981735886e-07
103.99000000000001,221.6287192990029,1.818216968640345e-07
104.0,221.66863912679656,1.81517878238589e-07
104.01,221.7085588314217,1.812146227918426e-07
104.02,221.74847841287885,1.809119293771653e-07
104.03,221.78839787116857,1.8060979685047037e-07
104.04,221.82831720629153,1.8030822407020733e-07
104.05,221.8682364182482,1.8000720989735824e-07
104.06,221.90815550703908,1.7970675319542992e-07
104.07000000000002,221.94807447266496,1.7940685283044638e-07
104.08,221.9879933151262,1.791075076709471e-07
104.09,222.0279120344235,1.7880871658797623e-07
104.10000000000001,222.0678306305574,1.7851047845508014e-07
104.11,222.10774910352842,1.782127921482999e-07
104.12,222.14766745333722,1.7791565654616482e-07
104.13,222.1875856799842,1.7761907052968855e-07
104.14,222.22750378347015,1.7732303298235937e-07
104.15,222.26742176379554,1.7702754279013893e-07
104.16,222.3073396209609,1.76732598841453e-07
104.17,222.34725735496684,1.7643820002718697e-07
104.18,222.38717496581393,1.7614434524067938e-07
104.19,222.42709245350272,1.7585103337771557e-07
104.2,222.46700981803386,1.7555826333652327e-07
104.21000000000001,222.50692705940781,1.752660340177666e-07
104.22,222.5468441776252,1.749743443245385e-07
104.23,222.58676117268655,1.746831931623563e-07
104.24000000000001,222.62667804459252,1.7439257943915577e-07
104.25,222.66659479334362,1.7410250206528597e-07
104.26,222.70651141894032,1.7381295995350206e-07
104.27,222.74642792138343,1.7352395201895924e-07
104.28,222.7863443006733,1.7323547717921048e-07
104.29,222.82626055681064,1.7294753435419614e-07
104.3,222.86617668979596,1.7266012246624124e-07
104.31,222.90609269962985,1.7237324044004913e-07
104.32000000000002,222.94600858631281,1.7208688720269624e-07
104.33,222.9859243498455,1.7180106168362457e-07
104.34,223.02583999022846,1.7151576281463804e-07
104.35000000000001,223.06575550746223,1.712309895298961e-07
104.36,223.10567090154746,1.709467407659075e-07
104.37,223.14558617248457,1.7066301546152726e-07
104.38,223.1855013202743,1.703798125579462e-07
104.39,223.2254163449171,1.7009713099869122e-07
104.4,223.26533124641367,1.6981496972961413e-07
104.41,223.30524602476447,1.6953332769889102e-07
104.42,223.34516067997,1.6925220385701436e-07
104.43,223.38507521203098,1.6897159715678602e-07
104.44,223.424989620948,1.6869150655331357e-07
104.45,223.46490390672145,1.68411931004007e-07
104.46000000000001,223.50481806935204,1.6813286946856792e-07
104.47,223.54473210884032,1.678543209089884e-07
104.48,223.58464602518683,1.6757628428954417e-07
104.49000000000001,223.62455981839219,1.6729875857678864e-07
104.5,223.66447348845685,1.670217427395485e-07
104.51,223.70438703538153,1.6674523574891724e-07
104.52,223.74430045916674,1.664692365782506e-07
104.53,223.78421375981299,1.661937442031613e-07
104.54,223.82412693732093,1.6591875760151225e-07
104.55,223.86403999169113,1.6564427575341287e-07
104.56,223.90395292292413,1.6537029764121347e-07
104.57000000000002,223.94386573102048,1.650968222494989e-07
104.58,223.98377841598077,1.6482384856508408e-07
104.59,224.02369097780553,1.6455137557700884e-07
104.60000000000001,224.06360341649548,1.6427940227653089e-07
104.61,224.10351573205102,1.6400792765712445e-07
104.62,224.1434279244728,1.6373695071447053e-07
104.63,224.18333999376136,1.634664704464541e-07
104.64,224.22325193991725,1.6319648585315947e-07
104.65,224.26316376294108,1.6292699593686198e-07
104.66,224.30307546283348,1.6265799970202617e-07
104.67,224.3429870395949,1.6238949615529966e-07
104.68,224.38289849322592,1.6212148430550693e-07
104.69,224.42280982372725,1.6185396316364418e-07
104.7,224.4627210310993,1.6158693174287613e-07
104.71000000000001,224.5026321153427,1.6132038905852897e-07
104.72,224.542543076458,1.610543341280854e-07
104.73,224.58245391444584,1.6078876597118012e-07
104.74000000000001,224.62236462930673,1.6052368360959506e-07
104.75,224.66227522104123,1.6025908606725301e-07
104.76,224.70218568964995,1.5999497237021404e-07
104.77,224.74209603513341,1.597313415466693e-07
104.78,224.7820062574922,1.5946819262693656e-07
104.79,224.82191635672692,1.5920552464345472e-07
104.8,224.86182633283815,1.5894333663077892e-07
104.81,224.90173618582637,1.586816276255768e-07
104.82000000000002,224.94164591569225,1.5842039666662053e-07
104.83,224.9815555224363,1.5815964279478555e-07
104.84,225.02146500605915,1.5789936505304253e-07
104.85000000000001,225.06137436656127,1.5763956248645438e-07
104.86,225.10128360394333,1.573802341421698e-07
104.87,225.14119271820582,1.5712137906941945e-07
104.88,225.18110170934935,1.5686299631951086e-07
104.89,225.22101057737447,1.5660508494582293e-07
104.9,225.26091932228184,1.5634764400380124e-07
104.91,225.30082794407187,1.5609067255095482e-07
104.92,225.34073644274523,1.558341696468476e-07
104.93,225.38064481830253,1.5557813435309707e-07
104.94,225.42055307074423,1.5532256573336844e-07
104.95,225.460461200071,1.550674628533685e-07
104.96000000000001,225.50036920628335,1.5481282478084258e-07
104.97,225.54027708938182,1.545586505855689e-07
104.98,225.58018484936707,1.5430493933935313e-07
104.99000000000001,225.62009248623963,1.54051690116025e-07
